2026.02.16 11:06:49 INFO  Started: Metals version 1.6.5 in folders '/home/ceryar/Documentos/Prueba/demoTiket' for client Visual Studio Code 1.106.2.
2026.02.16 11:06:49 INFO  Memory monitor started
2026.02.16 11:06:49 WARN  Using H2 2.4.240 which is newer than the version Flyway has been verified with. The latest verified version of H2 is 2.3.232.
2026.02.16 11:06:49 INFO  no build target found for /home/ceryar/Documentos/Prueba/demoTiket/src/main/java/com/tiket/demoTiket/DemoTiketApplication.java. Using fallback presentation compiler.
2026.02.16 11:06:50 INFO  no build target found for /home/ceryar/Documentos/Prueba/demoTiket/src/main/java/com/tiket/demoTiket/DemoTiketApplication.java. Using fallback presentation compiler.
2026.02.16 11:06:55 INFO  running '/usr/lib/jvm/java-25-openjdk/bin/java -Dfile.encoding=UTF-8 -Dmaven.multiModuleProjectDirectory=/home/ceryar/Documentos/Prueba/demoTiket -Dmaven.home=/tmp/metals3463349097811084066 -cp /tmp/metals3463349097811084066/maven-wrapper.jar org.apache.maven.wrapper.MavenWrapperMain generate-sources ch.epfl.scala:bloop-maven-plugin:2.0.3:bloopInstall -DdownloadSources=true'
2026.02.16 11:06:56 ERROR WARNING: A restricted method in java.lang.System has been called
2026.02.16 11:06:56 ERROR WARNING: java.lang.System::load has been called by org.fusesource.jansi.internal.JansiLoader in an unnamed module (file:/home/ceryar/.m2/wrapper/dists/apache-maven-3.9.9-bin/33b4b2b4/apache-maven-3.9.9/lib/jansi-2.4.1.jar)
2026.02.16 11:06:56 ERROR WARNING: Use --enable-native-access=ALL-UNNAMED to avoid a warning for callers in this module
2026.02.16 11:06:56 ERROR WARNING: Restricted methods will be blocked in a future release unless native access is enabled
2026.02.16 11:06:56 ERROR 
2026.02.16 11:06:56 ERROR WARNING: A terminally deprecated method in sun.misc.Unsafe has been called
2026.02.16 11:06:56 ERROR WARNING: sun.misc.Unsafe::objectFieldOffset has been called by com.google.common.util.concurrent.AbstractFuture$UnsafeAtomicHelper (file:/home/ceryar/.m2/wrapper/dists/apache-maven-3.9.9-bin/33b4b2b4/apache-maven-3.9.9/lib/guava-33.2.1-jre.jar)
2026.02.16 11:06:56 ERROR WARNING: Please consider reporting this to the maintainers of class com.google.common.util.concurrent.AbstractFuture$UnsafeAtomicHelper
2026.02.16 11:06:56 ERROR WARNING: sun.misc.Unsafe::objectFieldOffset will be removed in a future release
2026.02.16 11:06:57 INFO  [INFO] Scanning for projects...
2026.02.16 11:06:57 INFO  Downloading from central: https://repo.maven.apache.org/maven2/ch/epfl/scala/bloop-maven-plugin/2.0.3/bloop-maven-plugin-2.0.3.pom
2026.02.16 11:06:57 INFO  Progress (1): 1.1 kB
2026.02.16 11:06:57 INFO  Progress (1): 2.6 kB
2026.02.16 11:06:57 INFO  Progress (1): 5.8 kB
2026.02.16 11:06:57 INFO  Progress (1): 8.0 kB
2026.02.16 11:06:57 INFO                      
2026.02.16 11:06:57 INFO  Downloaded from central: https://repo.maven.apache.org/maven2/ch/epfl/scala/bloop-maven-plugin/2.0.3/bloop-maven-plugin-2.0.3.pom (8.0 kB at 93 kB/s)
2026.02.16 11:06:57 INFO  Downloading from central: https://repo.maven.apache.org/maven2/ch/epfl/scala/bloop-maven-plugin/2.0.3/bloop-maven-plugin-2.0.3.jar
2026.02.16 11:06:57 INFO  Progress (1): 0.9/44 kB
2026.02.16 11:06:57 INFO  Progress (1): 2.3/44 kB
2026.02.16 11:06:57 INFO  Progress (1): 3.7/44 kB
2026.02.16 11:06:57 INFO  Progress (1): 5.0/44 kB
2026.02.16 11:06:57 INFO  Progress (1): 6.4/44 kB
2026.02.16 11:06:57 INFO  Progress (1): 7.8/44 kB
2026.02.16 11:06:57 INFO  Progress (1): 9.1/44 kB
2026.02.16 11:06:57 INFO  Progress (1): 11/44 kB 
2026.02.16 11:06:57 INFO  Progress (1): 12/44 kB
2026.02.16 11:06:57 INFO  Progress (1): 13/44 kB
2026.02.16 11:06:57 INFO  Progress (1): 15/44 kB
2026.02.16 11:06:57 INFO  Progress (1): 16/44 kB
2026.02.16 11:06:57 INFO  Progress (1): 17/44 kB
2026.02.16 11:06:57 INFO  Progress (1): 19/44 kB
2026.02.16 11:06:57 INFO  Progress (1): 20/44 kB
2026.02.16 11:06:57 INFO  Progress (1): 21/44 kB
2026.02.16 11:06:57 INFO  Progress (1): 23/44 kB
2026.02.16 11:06:57 INFO  Progress (1): 24/44 kB
2026.02.16 11:06:57 INFO  Progress (1): 26/44 kB
2026.02.16 11:06:57 INFO  Progress (1): 27/44 kB
2026.02.16 11:06:57 INFO  Progress (1): 28/44 kB
2026.02.16 11:06:57 INFO  Progress (1): 30/44 kB
2026.02.16 11:06:57 INFO  Progress (1): 31/44 kB
2026.02.16 11:06:57 INFO  Progress (1): 32/44 kB
2026.02.16 11:06:57 INFO  Progress (1): 34/44 kB
2026.02.16 11:06:57 INFO  Progress (1): 35/44 kB
2026.02.16 11:06:57 INFO  Progress (1): 37/44 kB
2026.02.16 11:06:57 INFO  Progress (1): 38/44 kB
2026.02.16 11:06:57 INFO  Progress (1): 39/44 kB
2026.02.16 11:06:57 INFO  Progress (1): 41/44 kB
2026.02.16 11:06:57 INFO  Progress (1): 42/44 kB
2026.02.16 11:06:57 INFO  Progress (1): 43/44 kB
2026.02.16 11:06:57 INFO  Progress (1): 44 kB   
2026.02.16 11:06:57 INFO                     
2026.02.16 11:06:57 INFO  Downloaded from central: https://repo.maven.apache.org/maven2/ch/epfl/scala/bloop-maven-plugin/2.0.3/bloop-maven-plugin-2.0.3.jar (44 kB at 162 kB/s)
2026.02.16 11:06:57 INFO  [INFO] 
2026.02.16 11:06:57 INFO  [INFO] ------------------------< com.tiket:demoTiket >-------------------------
2026.02.16 11:06:57 INFO  [INFO] Building demoTiket 0.0.1-SNAPSHOT
2026.02.16 11:06:57 INFO  [INFO]   from pom.xml
2026.02.16 11:06:57 INFO  [INFO] --------------------------------[ jar ]---------------------------------
2026.02.16 11:06:57 INFO  [INFO] 
2026.02.16 11:06:57 INFO  [INFO] --- bloop:2.0.3:bloopInstall (default-cli) @ demoTiket ---
2026.02.16 11:06:57 INFO  Downloading from central: https://repo.maven.apache.org/maven2/org/scala-lang/scala-library/2.13.8/scala-library-2.13.8.pom
2026.02.16 11:06:57 INFO  Progress (1): 1.2 kB
2026.02.16 11:06:57 INFO  Progress (1): 1.6 kB
2026.02.16 11:06:57 INFO                      
2026.02.16 11:06:57 INFO  Downloaded from central: https://repo.maven.apache.org/maven2/org/scala-lang/scala-library/2.13.8/scala-library-2.13.8.pom (1.6 kB at 53 kB/s)
2026.02.16 11:06:57 INFO  Downloading from central: https://repo.maven.apache.org/maven2/ch/epfl/scala/bloop-config_2.13/2.3.3/bloop-config_2.13-2.3.3.pom
2026.02.16 11:06:57 INFO  Progress (1): 1.4 kB
2026.02.16 11:06:57 INFO  Progress (1): 2.3 kB
2026.02.16 11:06:57 INFO                      
2026.02.16 11:06:57 INFO  Downloaded from central: https://repo.maven.apache.org/maven2/ch/epfl/scala/bloop-config_2.13/2.3.3/bloop-config_2.13-2.3.3.pom (2.3 kB at 83 kB/s)
2026.02.16 11:06:57 INFO  Downloading from central: https://repo.maven.apache.org/maven2/com/github/plokhotnyuk/jsoniter-scala/jsoniter-scala-core_2.13/2.13.5.2/jsoniter-scala-core_2.13-2.13.5.2.pom
2026.02.16 11:06:57 INFO  Progress (1): 1.4 kB
2026.02.16 11:06:57 INFO  Progress (1): 2.4 kB
2026.02.16 11:06:57 INFO                      
2026.02.16 11:06:57 INFO  Downloaded from central: https://repo.maven.apache.org/maven2/com/github/plokhotnyuk/jsoniter-scala/jsoniter-scala-core_2.13/2.13.5.2/jsoniter-scala-core_2.13-2.13.5.2.pom (2.4 kB at 81 kB/s)
2026.02.16 11:06:57 INFO  Downloading from central: https://repo.maven.apache.org/maven2/com/lihaoyi/unroll-annotation_2.13/0.1.12/unroll-annotation_2.13-0.1.12.pom
2026.02.16 11:06:57 INFO  Progress (1): 1.3 kB
2026.02.16 11:06:57 INFO  Progress (1): 1.5 kB
2026.02.16 11:06:57 INFO                      
2026.02.16 11:06:57 INFO  Downloaded from central: https://repo.maven.apache.org/maven2/com/lihaoyi/unroll-annotation_2.13/0.1.12/unroll-annotation_2.13-0.1.12.pom (1.5 kB at 56 kB/s)
2026.02.16 11:06:57 INFO  Downloading from central: https://repo.maven.apache.org/maven2/org/scala-lang/scala-library/2.13.12/scala-library-2.13.12.pom
2026.02.16 11:06:57 INFO  Progress (1): 1.2 kB
2026.02.16 11:06:57 INFO  Progress (1): 1.6 kB
2026.02.16 11:06:57 INFO                      
2026.02.16 11:06:57 INFO  Downloaded from central: https://repo.maven.apache.org/maven2/org/scala-lang/scala-library/2.13.12/scala-library-2.13.12.pom (1.6 kB at 57 kB/s)
2026.02.16 11:06:57 INFO  Downloading from central: https://repo.maven.apache.org/maven2/org/scala-lang/scala-library/2.13.16/scala-library-2.13.16.pom
2026.02.16 11:06:57 INFO  Progress (1): 1.1 kB
2026.02.16 11:06:57 INFO  Progress (1): 1.6 kB
2026.02.16 11:06:57 INFO                      
2026.02.16 11:06:57 INFO  Downloaded from central: https://repo.maven.apache.org/maven2/org/scala-lang/scala-library/2.13.16/scala-library-2.13.16.pom (1.6 kB at 67 kB/s)
2026.02.16 11:06:57 INFO  Downloading from central: https://repo.maven.apache.org/maven2/net/alchim31/maven/scala-maven-plugin/4.8.0/scala-maven-plugin-4.8.0.pom
2026.02.16 11:06:57 INFO  Progress (1): 995 B
2026.02.16 11:06:57 INFO  Progress (1): 3.5 kB
2026.02.16 11:06:57 INFO  Progress (1): 5.9 kB
2026.02.16 11:06:57 INFO  Progress (1): 11 kB 
2026.02.16 11:06:57 INFO  Progress (1): 14 kB
2026.02.16 11:06:57 INFO  Progress (1): 17 kB
2026.02.16 11:06:57 INFO  Progress (1): 21 kB
2026.02.16 11:06:57 INFO  Progress (1): 24 kB
2026.02.16 11:06:57 INFO  Progress (1): 26 kB
2026.02.16 11:06:57 INFO                     
2026.02.16 11:06:57 INFO  Downloaded from central: https://repo.maven.apache.org/maven2/net/alchim31/maven/scala-maven-plugin/4.8.0/scala-maven-plugin-4.8.0.pom (26 kB at 897 kB/s)
2026.02.16 11:06:57 INFO  Downloading from central: https://repo.maven.apache.org/maven2/org/apache/maven/shared/maven-dependency-tree/3.2.1/maven-dependency-tree-3.2.1.pom
2026.02.16 11:06:57 INFO  Progress (1): 786 B
2026.02.16 11:06:57 INFO  Progress (1): 2.2 kB
2026.02.16 11:06:57 INFO  Progress (1): 4.4 kB
2026.02.16 11:06:57 INFO  Progress (1): 6.2 kB
2026.02.16 11:06:57 INFO                      
2026.02.16 11:06:57 INFO  Downloaded from central: https://repo.maven.apache.org/maven2/org/apache/maven/shared/maven-dependency-tree/3.2.1/maven-dependency-tree-3.2.1.pom (6.2 kB at 231 kB/s)
2026.02.16 11:06:57 INFO  Downloading from central: https://repo.maven.apache.org/maven2/org/apache/maven/shared/maven-shared-components/37/maven-shared-components-37.pom
2026.02.16 11:06:57 INFO  Progress (1): 781 B
2026.02.16 11:06:57 INFO  Progress (1): 2.3 kB
2026.02.16 11:06:57 INFO  Progress (1): 4.5 kB
2026.02.16 11:06:57 INFO  Progress (1): 4.9 kB
2026.02.16 11:06:57 INFO                      
2026.02.16 11:06:57 INFO  Downloaded from central: https://repo.maven.apache.org/maven2/org/apache/maven/shared/maven-shared-components/37/maven-shared-components-37.pom (4.9 kB at 188 kB/s)
2026.02.16 11:06:57 INFO  Downloading from central: https://repo.maven.apache.org/maven2/org/apache/maven/maven-parent/37/maven-parent-37.pom
2026.02.16 11:06:58 INFO  Progress (1): 721 B
2026.02.16 11:06:58 INFO  Progress (1): 1.9 kB
2026.02.16 11:06:58 INFO  Progress (1): 5.4 kB
2026.02.16 11:06:58 INFO  Progress (1): 9.5 kB
2026.02.16 11:06:58 INFO  Progress (1): 14 kB 
2026.02.16 11:06:58 INFO  Progress (1): 19 kB
2026.02.16 11:06:58 INFO  Progress (1): 23 kB
2026.02.16 11:06:58 INFO  Progress (1): 25 kB
2026.02.16 11:06:58 INFO  Progress (1): 27 kB
2026.02.16 11:06:58 INFO  Progress (1): 29 kB
2026.02.16 11:06:58 INFO  Progress (1): 32 kB
2026.02.16 11:06:58 INFO  Progress (1): 35 kB
2026.02.16 11:06:58 INFO  Progress (1): 38 kB
2026.02.16 11:06:58 INFO  Progress (1): 41 kB
2026.02.16 11:06:58 INFO  Progress (1): 46 kB
2026.02.16 11:06:58 INFO                     
2026.02.16 11:06:58 INFO  Downloaded from central: https://repo.maven.apache.org/maven2/org/apache/maven/maven-parent/37/maven-parent-37.pom (46 kB at 1.7 MB/s)
2026.02.16 11:06:58 INFO  Downloading from central: https://repo.maven.apache.org/maven2/org/apache/maven/maven-archiver/3.6.0/maven-archiver-3.6.0.pom
2026.02.16 11:06:58 INFO  Progress (1): 796 B
2026.02.16 11:06:58 INFO  Progress (1): 2.2 kB
2026.02.16 11:06:58 INFO  Progress (1): 3.9 kB
2026.02.16 11:06:58 INFO                      
2026.02.16 11:06:58 INFO  Downloaded from central: https://repo.maven.apache.org/maven2/org/apache/maven/maven-archiver/3.6.0/maven-archiver-3.6.0.pom (3.9 kB at 145 kB/s)
2026.02.16 11:06:58 INFO  Downloading from central: https://repo.maven.apache.org/maven2/org/codehaus/plexus/plexus-io/3.4.0/plexus-io-3.4.0.pom
2026.02.16 11:06:58 INFO  Progress (1): 1.2 kB
2026.02.16 11:06:58 INFO  Progress (1): 3.8 kB
2026.02.16 11:06:58 INFO  Progress (1): 6.0 kB
2026.02.16 11:06:58 INFO                      
2026.02.16 11:06:58 INFO  Downloaded from central: https://repo.maven.apache.org/maven2/org/codehaus/plexus/plexus-io/3.4.0/plexus-io-3.4.0.pom (6.0 kB at 223 kB/s)
2026.02.16 11:06:58 INFO  Downloading from central: https://repo.maven.apache.org/maven2/org/codehaus/plexus/plexus-archiver/4.4.0/plexus-archiver-4.4.0.pom
2026.02.16 11:06:58 INFO  Progress (1): 1.2 kB
2026.02.16 11:06:58 INFO  Progress (1): 4.0 kB
2026.02.16 11:06:58 INFO  Progress (1): 6.2 kB
2026.02.16 11:06:58 INFO  Progress (1): 6.3 kB
2026.02.16 11:06:58 INFO                      
2026.02.16 11:06:58 INFO  Downloaded from central: https://repo.maven.apache.org/maven2/org/codehaus/plexus/plexus-archiver/4.4.0/plexus-archiver-4.4.0.pom (6.3 kB at 232 kB/s)
2026.02.16 11:06:58 INFO  Downloading from central: https://repo.maven.apache.org/maven2/org/apache/commons/commons-exec/1.3/commons-exec-1.3.pom
2026.02.16 11:06:58 INFO  Progress (1): 788 B
2026.02.16 11:06:58 INFO  Progress (1): 2.3 kB
2026.02.16 11:06:58 INFO  Progress (1): 5.3 kB
2026.02.16 11:06:58 INFO  Progress (1): 7.8 kB
2026.02.16 11:06:58 INFO  Progress (1): 10 kB 
2026.02.16 11:06:58 INFO  Progress (1): 11 kB
2026.02.16 11:06:58 INFO                     
2026.02.16 11:06:58 INFO  Downloaded from central: https://repo.maven.apache.org/maven2/org/apache/commons/commons-exec/1.3/commons-exec-1.3.pom (11 kB at 256 kB/s)
2026.02.16 11:06:58 INFO  Downloading from central: https://repo.maven.apache.org/maven2/org/apache/commons/commons-parent/35/commons-parent-35.pom
2026.02.16 11:06:58 INFO  Progress (1): 714 B
2026.02.16 11:06:58 INFO  Progress (1): 2.0 kB
2026.02.16 11:06:58 INFO  Progress (1): 3.3 kB
2026.02.16 11:06:58 INFO  Progress (1): 4.8 kB
2026.02.16 11:06:58 INFO  Progress (1): 8.2 kB
2026.02.16 11:06:58 INFO  Progress (1): 11 kB 
2026.02.16 11:06:58 INFO  Progress (1): 15 kB
2026.02.16 11:06:58 INFO  Progress (1): 17 kB
2026.02.16 11:06:58 INFO  Progress (1): 20 kB
2026.02.16 11:06:58 INFO  Progress (1): 22 kB
2026.02.16 11:06:58 INFO  Progress (1): 25 kB
2026.02.16 11:06:58 INFO  Progress (1): 27 kB
2026.02.16 11:06:58 INFO  Progress (1): 31 kB
2026.02.16 11:06:58 INFO  Progress (1): 34 kB
2026.02.16 11:06:58 INFO  Progress (1): 38 kB
2026.02.16 11:06:58 INFO  Progress (1): 44 kB
2026.02.16 11:06:58 INFO  Progress (1): 45 kB
2026.02.16 11:06:58 INFO  Progress (1): 47 kB
2026.02.16 11:06:58 INFO  Progress (1): 50 kB
2026.02.16 11:06:58 INFO  Progress (1): 52 kB
2026.02.16 11:06:58 INFO  Progress (1): 55 kB
2026.02.16 11:06:58 INFO  Progress (1): 57 kB
2026.02.16 11:06:58 INFO  Progress (1): 58 kB
2026.02.16 11:06:58 INFO                     
2026.02.16 11:06:58 INFO  Downloaded from central: https://repo.maven.apache.org/maven2/org/apache/commons/commons-parent/35/commons-parent-35.pom (58 kB at 2.0 MB/s)
2026.02.16 11:06:58 INFO  Downloading from central: https://repo.maven.apache.org/maven2/org/codehaus/plexus/plexus-archiver/4.6.0/plexus-archiver-4.6.0.pom
2026.02.16 11:06:58 INFO  Progress (1): 1.2 kB
2026.02.16 11:06:58 INFO  Progress (1): 4.1 kB
2026.02.16 11:06:58 INFO  Progress (1): 6.3 kB
2026.02.16 11:06:58 INFO  Progress (1): 6.5 kB
2026.02.16 11:06:58 INFO                      
2026.02.16 11:06:58 INFO  Downloaded from central: https://repo.maven.apache.org/maven2/org/codehaus/plexus/plexus-archiver/4.6.0/plexus-archiver-4.6.0.pom (6.5 kB at 234 kB/s)
2026.02.16 11:06:58 INFO  Downloading from central: https://repo.maven.apache.org/maven2/com/github/luben/zstd-jni/1.5.2-5/zstd-jni-1.5.2-5.pom
2026.02.16 11:06:58 INFO  Progress (1): 1.1 kB
2026.02.16 11:06:58 INFO  Progress (1): 1.9 kB
2026.02.16 11:06:58 INFO                      
2026.02.16 11:06:58 INFO  Downloaded from central: https://repo.maven.apache.org/maven2/com/github/luben/zstd-jni/1.5.2-5/zstd-jni-1.5.2-5.pom (1.9 kB at 66 kB/s)
2026.02.16 11:06:58 INFO  Downloading from central: https://repo.maven.apache.org/maven2/org/codehaus/plexus/plexus-classworlds/2.7.0/plexus-classworlds-2.7.0.pom
2026.02.16 11:06:58 INFO  Progress (1): 915 B
2026.02.16 11:06:58 INFO  Progress (1): 2.5 kB
2026.02.16 11:06:58 INFO  Progress (1): 5.7 kB
2026.02.16 11:06:58 INFO  Progress (1): 7.6 kB
2026.02.16 11:06:58 INFO                      
2026.02.16 11:06:58 INFO  Downloaded from central: https://repo.maven.apache.org/maven2/org/codehaus/plexus/plexus-classworlds/2.7.0/plexus-classworlds-2.7.0.pom (7.6 kB at 294 kB/s)
2026.02.16 11:06:58 INFO  Downloading from central: https://repo.maven.apache.org/maven2/org/scala-sbt/zinc_2.13/1.8.0/zinc_2.13-1.8.0.pom
2026.02.16 11:06:58 INFO  Progress (1): 1.3 kB
2026.02.16 11:06:58 INFO  Progress (1): 4.1 kB
2026.02.16 11:06:58 INFO                      
2026.02.16 11:06:58 INFO  Downloaded from central: https://repo.maven.apache.org/maven2/org/scala-sbt/zinc_2.13/1.8.0/zinc_2.13-1.8.0.pom (4.1 kB at 138 kB/s)
2026.02.16 11:06:58 INFO  Downloading from central: https://repo.maven.apache.org/maven2/org/scala-sbt/zinc-core_2.13/1.8.0/zinc-core_2.13-1.8.0.pom
2026.02.16 11:06:58 INFO  Progress (1): 1.3 kB
2026.02.16 11:06:58 INFO  Progress (1): 5.3 kB
2026.02.16 11:06:58 INFO                      
2026.02.16 11:06:58 INFO  Downloaded from central: https://repo.maven.apache.org/maven2/org/scala-sbt/zinc-core_2.13/1.8.0/zinc-core_2.13-1.8.0.pom (5.3 kB at 17 kB/s)
2026.02.16 11:06:58 INFO  Downloading from central: https://repo.maven.apache.org/maven2/org/scala-sbt/zinc-compile-core_2.13/1.8.0/zinc-compile-core_2.13-1.8.0.pom
2026.02.16 11:06:58 INFO  Progress (1): 1.2 kB
2026.02.16 11:06:58 INFO  Progress (1): 5.5 kB
2026.02.16 11:06:58 INFO                      
2026.02.16 11:06:58 INFO  Downloaded from central: https://repo.maven.apache.org/maven2/org/scala-sbt/zinc-compile-core_2.13/1.8.0/zinc-compile-core_2.13-1.8.0.pom (5.5 kB at 210 kB/s)
2026.02.16 11:06:58 INFO  Downloading from central: https://repo.maven.apache.org/maven2/org/scala-sbt/compiler-interface/1.8.0/compiler-interface-1.8.0.pom
2026.02.16 11:06:58 INFO  Progress (1): 1.3 kB
2026.02.16 11:06:58 INFO  Progress (1): 3.0 kB
2026.02.16 11:06:58 INFO                      
2026.02.16 11:06:58 INFO  Downloaded from central: https://repo.maven.apache.org/maven2/org/scala-sbt/compiler-interface/1.8.0/compiler-interface-1.8.0.pom (3.0 kB at 11 kB/s)
2026.02.16 11:06:58 INFO  Downloading from central: https://repo.maven.apache.org/maven2/org/scala-sbt/util-interface/1.8.0/util-interface-1.8.0.pom
2026.02.16 11:06:58 INFO  Progress (1): 1.3 kB
2026.02.16 11:06:58 INFO  Progress (1): 2.6 kB
2026.02.16 11:06:58 INFO                      
2026.02.16 11:06:58 INFO  Downloaded from central: https://repo.maven.apache.org/maven2/org/scala-sbt/util-interface/1.8.0/util-interface-1.8.0.pom (2.6 kB at 95 kB/s)
2026.02.16 11:06:58 INFO  Downloading from central: https://repo.maven.apache.org/maven2/org/scala-sbt/zinc-classpath_2.13/1.8.0/zinc-classpath_2.13-1.8.0.pom
2026.02.16 11:06:58 INFO  Progress (1): 1.3 kB
2026.02.16 11:06:58 INFO  Progress (1): 3.9 kB
2026.02.16 11:06:58 INFO                      
2026.02.16 11:06:58 INFO  Downloaded from central: https://repo.maven.apache.org/maven2/org/scala-sbt/zinc-classpath_2.13/1.8.0/zinc-classpath_2.13-1.8.0.pom (3.9 kB at 145 kB/s)
2026.02.16 11:06:58 INFO  Downloading from central: https://repo.maven.apache.org/maven2/org/scala-lang/scala-compiler/2.13.8/scala-compiler-2.13.8.pom
2026.02.16 11:06:59 INFO  Progress (1): 1.2 kB
2026.02.16 11:06:59 INFO  Progress (1): 2.3 kB
2026.02.16 11:06:59 INFO                      
2026.02.16 11:06:59 INFO  Downloaded from central: https://repo.maven.apache.org/maven2/org/scala-lang/scala-compiler/2.13.8/scala-compiler-2.13.8.pom (2.3 kB at 78 kB/s)
2026.02.16 11:06:59 INFO  Downloading from central: https://repo.maven.apache.org/maven2/org/scala-lang/scala-reflect/2.13.8/scala-reflect-2.13.8.pom
2026.02.16 11:06:59 INFO  Progress (1): 1.2 kB
2026.02.16 11:06:59 INFO  Progress (1): 1.8 kB
2026.02.16 11:06:59 INFO                      
2026.02.16 11:06:59 INFO  Downloaded from central: https://repo.maven.apache.org/maven2/org/scala-lang/scala-reflect/2.13.8/scala-reflect-2.13.8.pom (1.8 kB at 73 kB/s)
2026.02.16 11:06:59 INFO  Downloading from central: https://repo.maven.apache.org/maven2/net/java/dev/jna/jna/5.9.0/jna-5.9.0.pom
2026.02.16 11:06:59 INFO  Progress (1): 1.4 kB
2026.02.16 11:06:59 INFO  Progress (1): 2.0 kB
2026.02.16 11:06:59 INFO                      
2026.02.16 11:06:59 INFO  Downloaded from central: https://repo.maven.apache.org/maven2/net/java/dev/jna/jna/5.9.0/jna-5.9.0.pom (2.0 kB at 63 kB/s)
2026.02.16 11:06:59 INFO  Downloading from central: https://repo.maven.apache.org/maven2/org/scala-sbt/io_2.13/1.8.0/io_2.13-1.8.0.pom
2026.02.16 11:06:59 INFO  Progress (1): 1.4 kB
2026.02.16 11:06:59 INFO  Progress (1): 3.3 kB
2026.02.16 11:06:59 INFO                      
2026.02.16 11:06:59 INFO  Downloaded from central: https://repo.maven.apache.org/maven2/org/scala-sbt/io_2.13/1.8.0/io_2.13-1.8.0.pom (3.3 kB at 121 kB/s)
2026.02.16 11:06:59 INFO  Downloading from central: https://repo.maven.apache.org/maven2/com/swoval/file-tree-views/2.1.9/file-tree-views-2.1.9.pom
2026.02.16 11:06:59 INFO  Progress (1): 1.4 kB
2026.02.16 11:06:59 INFO  Progress (1): 1.7 kB
2026.02.16 11:06:59 INFO                      
2026.02.16 11:06:59 INFO  Downloaded from central: https://repo.maven.apache.org/maven2/com/swoval/file-tree-views/2.1.9/file-tree-views-2.1.9.pom (1.7 kB at 66 kB/s)
2026.02.16 11:06:59 INFO  Downloading from central: https://repo.maven.apache.org/maven2/net/java/dev/jna/jna/5.12.0/jna-5.12.0.pom
2026.02.16 11:06:59 INFO  Progress (1): 1.4 kB
2026.02.16 11:06:59 INFO  Progress (1): 2.0 kB
2026.02.16 11:06:59 INFO                      
2026.02.16 11:06:59 INFO  Downloaded from central: https://repo.maven.apache.org/maven2/net/java/dev/jna/jna/5.12.0/jna-5.12.0.pom (2.0 kB at 6.7 kB/s)
2026.02.16 11:06:59 INFO  Downloading from central: https://repo.maven.apache.org/maven2/net/java/dev/jna/jna-platform/5.12.0/jna-platform-5.12.0.pom
2026.02.16 11:06:59 INFO  Progress (1): 1.3 kB
2026.02.16 11:06:59 INFO  Progress (1): 2.3 kB
2026.02.16 11:06:59 INFO                      
2026.02.16 11:06:59 INFO  Downloaded from central: https://repo.maven.apache.org/maven2/net/java/dev/jna/jna-platform/5.12.0/jna-platform-5.12.0.pom (2.3 kB at 7.9 kB/s)
2026.02.16 11:06:59 INFO  Downloading from central: https://repo.maven.apache.org/maven2/org/scala-sbt/zinc-apiinfo_2.13/1.8.0/zinc-apiinfo_2.13-1.8.0.pom
2026.02.16 11:06:59 INFO  Progress (1): 1.3 kB
2026.02.16 11:06:59 INFO  Progress (1): 3.8 kB
2026.02.16 11:06:59 INFO                      
2026.02.16 11:06:59 INFO  Downloaded from central: https://repo.maven.apache.org/maven2/org/scala-sbt/zinc-apiinfo_2.13/1.8.0/zinc-apiinfo_2.13-1.8.0.pom (3.8 kB at 17 kB/s)
2026.02.16 11:06:59 INFO  Downloading from central: https://repo.maven.apache.org/maven2/org/scala-sbt/compiler-bridge_2.13/1.8.0/compiler-bridge_2.13-1.8.0.pom
2026.02.16 11:06:59 INFO  Progress (1): 1.3 kB
2026.02.16 11:06:59 INFO  Progress (1): 2.8 kB
2026.02.16 11:06:59 INFO                      
2026.02.16 11:06:59 INFO  Downloaded from central: https://repo.maven.apache.org/maven2/org/scala-sbt/compiler-bridge_2.13/1.8.0/compiler-bridge_2.13-1.8.0.pom (2.8 kB at 96 kB/s)
2026.02.16 11:06:59 INFO  Downloading from central: https://repo.maven.apache.org/maven2/org/scala-sbt/zinc-classfile_2.13/1.8.0/zinc-classfile_2.13-1.8.0.pom
2026.02.16 11:07:00 INFO  Progress (1): 1.3 kB
2026.02.16 11:07:00 INFO  Progress (1): 4.0 kB
2026.02.16 11:07:00 INFO                      
2026.02.16 11:07:00 INFO  Downloaded from central: https://repo.maven.apache.org/maven2/org/scala-sbt/zinc-classfile_2.13/1.8.0/zinc-classfile_2.13-1.8.0.pom (4.0 kB at 14 kB/s)
2026.02.16 11:07:00 INFO  Downloading from central: https://repo.maven.apache.org/maven2/org/scala-sbt/util-logging_2.13/1.8.0/util-logging_2.13-1.8.0.pom
2026.02.16 11:07:00 INFO  Progress (1): 1.2 kB
2026.02.16 11:07:00 INFO  Progress (1): 5.6 kB
2026.02.16 11:07:00 INFO  Progress (1): 5.7 kB
2026.02.16 11:07:00 INFO                      
2026.02.16 11:07:00 INFO  Downloaded from central: https://repo.maven.apache.org/maven2/org/scala-sbt/util-logging_2.13/1.8.0/util-logging_2.13-1.8.0.pom (5.7 kB at 239 kB/s)
2026.02.16 11:07:00 INFO  Downloading from central: https://repo.maven.apache.org/maven2/org/scala-sbt/collections_2.13/1.8.0/collections_2.13-1.8.0.pom
2026.02.16 11:07:00 INFO  Progress (1): 1.3 kB
2026.02.16 11:07:00 INFO  Progress (1): 4.4 kB
2026.02.16 11:07:00 INFO                      
2026.02.16 11:07:00 INFO  Downloaded from central: https://repo.maven.apache.org/maven2/org/scala-sbt/collections_2.13/1.8.0/collections_2.13-1.8.0.pom (4.4 kB at 156 kB/s)
2026.02.16 11:07:00 INFO  Downloading from central: https://repo.maven.apache.org/maven2/org/scala-sbt/util-position_2.13/1.8.0/util-position_2.13-1.8.0.pom
2026.02.16 11:07:00 INFO  Progress (1): 1.3 kB
2026.02.16 11:07:00 INFO  Progress (1): 3.2 kB
2026.02.16 11:07:00 INFO                      
2026.02.16 11:07:00 INFO  Downloaded from central: https://repo.maven.apache.org/maven2/org/scala-sbt/util-position_2.13/1.8.0/util-position_2.13-1.8.0.pom (3.2 kB at 13 kB/s)
2026.02.16 11:07:00 INFO  Downloading from central: https://repo.maven.apache.org/maven2/org/scala-lang/modules/scala-parallel-collections_2.13/0.2.0/scala-parallel-collections_2.13-0.2.0.pom
2026.02.16 11:07:00 INFO  Progress (1): 1.4 kB
2026.02.16 11:07:00 INFO  Progress (1): 1.8 kB
2026.02.16 11:07:00 INFO                      
2026.02.16 11:07:00 INFO  Downloaded from central: https://repo.maven.apache.org/maven2/org/scala-lang/modules/scala-parallel-collections_2.13/0.2.0/scala-parallel-collections_2.13-0.2.0.pom (1.8 kB at 69 kB/s)
2026.02.16 11:07:00 INFO  Downloading from central: https://repo.maven.apache.org/maven2/org/scala-lang/scala-library/2.13.0/scala-library-2.13.0.pom
2026.02.16 11:07:00 INFO  Progress (1): 1.2 kB
2026.02.16 11:07:00 INFO  Progress (1): 1.6 kB
2026.02.16 11:07:00 INFO                      
2026.02.16 11:07:00 INFO  Downloaded from central: https://repo.maven.apache.org/maven2/org/scala-lang/scala-library/2.13.0/scala-library-2.13.0.pom (1.6 kB at 57 kB/s)
2026.02.16 11:07:00 INFO  Downloading from central: https://repo.maven.apache.org/maven2/org/scala-sbt/core-macros_2.13/1.8.0/core-macros_2.13-1.8.0.pom
2026.02.16 11:07:00 INFO  Progress (1): 1.3 kB
2026.02.16 11:07:00 INFO  Progress (1): 3.1 kB
2026.02.16 11:07:00 INFO                      
2026.02.16 11:07:00 INFO  Downloaded from central: https://repo.maven.apache.org/maven2/org/scala-sbt/core-macros_2.13/1.8.0/core-macros_2.13-1.8.0.pom (3.1 kB at 120 kB/s)
2026.02.16 11:07:00 INFO  Downloading from central: https://repo.maven.apache.org/maven2/org/jline/jline-terminal/3.19.0/jline-terminal-3.19.0.pom
2026.02.16 11:07:00 INFO  Progress (1): 1.2 kB
2026.02.16 11:07:00 INFO  Progress (1): 1.3 kB
2026.02.16 11:07:00 INFO                      
2026.02.16 11:07:00 INFO  Downloaded from central: https://repo.maven.apache.org/maven2/org/jline/jline-terminal/3.19.0/jline-terminal-3.19.0.pom (1.3 kB at 45 kB/s)
2026.02.16 11:07:00 INFO  Downloading from central: https://repo.maven.apache.org/maven2/org/jline/jline-parent/3.19.0/jline-parent-3.19.0.pom
2026.02.16 11:07:00 INFO  Progress (1): 951 B
2026.02.16 11:07:00 INFO  Progress (1): 2.9 kB
2026.02.16 11:07:00 INFO  Progress (1): 8.6 kB
2026.02.16 11:07:00 INFO  Progress (1): 13 kB 
2026.02.16 11:07:00 INFO  Progress (1): 16 kB
2026.02.16 11:07:00 INFO  Progress (1): 16 kB
2026.02.16 11:07:00 INFO  Progress (1): 20 kB
2026.02.16 11:07:00 INFO  Progress (1): 24 kB
2026.02.16 11:07:00 INFO                     
2026.02.16 11:07:00 INFO  Downloaded from central: https://repo.maven.apache.org/maven2/org/jline/jline-parent/3.19.0/jline-parent-3.19.0.pom (24 kB at 101 kB/s)
2026.02.16 11:07:00 INFO  Downloading from central: https://repo.maven.apache.org/maven2/org/scala-lang/modules/scala-parser-combinators_2.13/1.1.2/scala-parser-combinators_2.13-1.1.2.pom
2026.02.16 11:07:00 INFO  Progress (1): 1.4 kB
2026.02.16 11:07:00 INFO  Progress (1): 2.2 kB
2026.02.16 11:07:00 INFO                      
2026.02.16 11:07:00 INFO  Downloaded from central: https://repo.maven.apache.org/maven2/org/scala-lang/modules/scala-parser-combinators_2.13/1.1.2/scala-parser-combinators_2.13-1.1.2.pom (2.2 kB at 81 kB/s)
2026.02.16 11:07:00 INFO  Downloading from central: https://repo.maven.apache.org/maven2/net/openhft/zero-allocation-hashing/0.10.1/zero-allocation-hashing-0.10.1.pom
2026.02.16 11:07:00 INFO  Progress (1): 786 B
2026.02.16 11:07:00 INFO  Progress (1): 2.5 kB
2026.02.16 11:07:00 INFO  Progress (1): 6.3 kB
2026.02.16 11:07:00 INFO  Progress (1): 8.1 kB
2026.02.16 11:07:00 INFO                      
2026.02.16 11:07:00 INFO  Downloaded from central: https://repo.maven.apache.org/maven2/net/openhft/zero-allocation-hashing/0.10.1/zero-allocation-hashing-0.10.1.pom (8.1 kB at 34 kB/s)
2026.02.16 11:07:00 INFO  Downloading from central: https://repo.maven.apache.org/maven2/net/openhft/root-parent-pom/1.1.13/root-parent-pom-1.1.13.pom
2026.02.16 11:07:01 INFO  Progress (1): 788 B
2026.02.16 11:07:01 INFO  Progress (1): 3.4 kB
2026.02.16 11:07:01 INFO  Progress (1): 7.4 kB
2026.02.16 11:07:01 INFO  Progress (1): 9.8 kB
2026.02.16 11:07:01 INFO                      
2026.02.16 11:07:01 INFO  Downloaded from central: https://repo.maven.apache.org/maven2/net/openhft/root-parent-pom/1.1.13/root-parent-pom-1.1.13.pom (9.8 kB at 32 kB/s)
2026.02.16 11:07:01 INFO  Downloading from central: https://repo.maven.apache.org/maven2/org/scala-sbt/util-control_2.13/1.8.0/util-control_2.13-1.8.0.pom
2026.02.16 11:07:01 INFO  Progress (1): 1.3 kB
2026.02.16 11:07:01 INFO  Progress (1): 2.8 kB
2026.02.16 11:07:01 INFO                      
2026.02.16 11:07:01 INFO  Downloaded from central: https://repo.maven.apache.org/maven2/org/scala-sbt/util-control_2.13/1.8.0/util-control_2.13-1.8.0.pom (2.8 kB at 79 kB/s)
2026.02.16 11:07:01 INFO  Downloading from central: https://repo.maven.apache.org/maven2/org/scala-sbt/zinc-persist-core-assembly/1.8.0/zinc-persist-core-assembly-1.8.0.pom
2026.02.16 11:07:01 INFO  Progress (1): 1.3 kB
2026.02.16 11:07:01 INFO  Progress (1): 2.4 kB
2026.02.16 11:07:01 INFO                      
2026.02.16 11:07:01 INFO  Downloaded from central: https://repo.maven.apache.org/maven2/org/scala-sbt/zinc-persist-core-assembly/1.8.0/zinc-persist-core-assembly-1.8.0.pom (2.4 kB at 77 kB/s)
2026.02.16 11:07:01 INFO  Downloading from central: https://repo.maven.apache.org/maven2/org/scala-sbt/util-relation_2.13/1.8.0/util-relation_2.13-1.8.0.pom
2026.02.16 11:07:01 INFO  Progress (1): 1.3 kB
2026.02.16 11:07:01 INFO  Progress (1): 3.0 kB
2026.02.16 11:07:01 INFO                      
2026.02.16 11:07:01 INFO  Downloaded from central: https://repo.maven.apache.org/maven2/org/scala-sbt/util-relation_2.13/1.8.0/util-relation_2.13-1.8.0.pom (3.0 kB at 6.8 kB/s)
2026.02.16 11:07:01 INFO  Downloading from central: https://repo.maven.apache.org/maven2/org/scala-sbt/zinc-persist_2.13/1.8.0/zinc-persist_2.13-1.8.0.pom
2026.02.16 11:07:02 INFO  Progress (1): 1.3 kB
2026.02.16 11:07:02 INFO  Progress (1): 4.3 kB
2026.02.16 11:07:02 INFO                      
2026.02.16 11:07:02 INFO  Downloaded from central: https://repo.maven.apache.org/maven2/org/scala-sbt/zinc-persist_2.13/1.8.0/zinc-persist_2.13-1.8.0.pom (4.3 kB at 8.5 kB/s)
2026.02.16 11:07:02 INFO  Downloading from central: https://repo.maven.apache.org/maven2/org/scala-lang/scala-library/2.13.8/scala-library-2.13.8.jar
2026.02.16 11:07:02 INFO  Progress (1): 0/6.0 MB
2026.02.16 11:07:02 INFO  Progress (1): 0/6.0 MB
2026.02.16 11:07:02 INFO  Progress (1): 0/6.0 MB
2026.02.16 11:07:02 INFO  Progress (1): 0/6.0 MB
2026.02.16 11:07:02 INFO  Progress (1): 0.1/6.0 MB
2026.02.16 11:07:02 INFO  Progress (1): 0.1/6.0 MB
2026.02.16 11:07:02 INFO  Progress (1): 0.1/6.0 MB
2026.02.16 11:07:02 INFO  Progress (1): 0.1/6.0 MB
2026.02.16 11:07:02 INFO  Progress (1): 0.1/6.0 MB
2026.02.16 11:07:02 INFO  Progress (1): 0.1/6.0 MB
2026.02.16 11:07:02 INFO  Progress (1): 0.2/6.0 MB
2026.02.16 11:07:02 INFO  Progress (1): 0.2/6.0 MB
2026.02.16 11:07:02 INFO  Progress (1): 0.2/6.0 MB
2026.02.16 11:07:02 INFO  Progress (1): 0.2/6.0 MB
2026.02.16 11:07:02 INFO  Progress (1): 0.2/6.0 MB
2026.02.16 11:07:02 INFO  Progress (1): 0.2/6.0 MB
2026.02.16 11:07:02 INFO  Progress (1): 0.2/6.0 MB
2026.02.16 11:07:02 INFO  Progress (1): 0.3/6.0 MB
2026.02.16 11:07:02 INFO  Progress (1): 0.3/6.0 MB
2026.02.16 11:07:02 INFO  Progress (1): 0.3/6.0 MB
2026.02.16 11:07:02 INFO  Progress (1): 0.3/6.0 MB
2026.02.16 11:07:02 INFO  Progress (1): 0.3/6.0 MB
2026.02.16 11:07:02 INFO  Progress (1): 0.3/6.0 MB
2026.02.16 11:07:02 INFO  Progress (1): 0.3/6.0 MB
2026.02.16 11:07:02 INFO  Progress (1): 0.4/6.0 MB
2026.02.16 11:07:02 INFO  Progress (1): 0.4/6.0 MB
2026.02.16 11:07:02 INFO  Progress (1): 0.4/6.0 MB
2026.02.16 11:07:02 INFO  Progress (1): 0.4/6.0 MB
2026.02.16 11:07:02 INFO  Progress (1): 0.4/6.0 MB
2026.02.16 11:07:02 INFO  Progress (1): 0.4/6.0 MB
2026.02.16 11:07:02 INFO  Progress (1): 0.5/6.0 MB
2026.02.16 11:07:02 INFO  Progress (1): 0.5/6.0 MB
2026.02.16 11:07:02 INFO  Progress (1): 0.5/6.0 MB
2026.02.16 11:07:02 INFO  Progress (1): 0.5/6.0 MB
2026.02.16 11:07:02 INFO  Progress (1): 0.5/6.0 MB
2026.02.16 11:07:02 INFO  Progress (1): 0.5/6.0 MB
2026.02.16 11:07:02 INFO  Progress (1): 0.6/6.0 MB
2026.02.16 11:07:02 INFO  Progress (1): 0.6/6.0 MB
2026.02.16 11:07:02 INFO  Progress (1): 0.6/6.0 MB
2026.02.16 11:07:02 INFO  Progress (1): 0.6/6.0 MB
2026.02.16 11:07:02 INFO  Progress (1): 0.6/6.0 MB
2026.02.16 11:07:02 INFO  Progress (1): 0.6/6.0 MB
2026.02.16 11:07:02 INFO  Progress (1): 0.7/6.0 MB
2026.02.16 11:07:02 INFO  Progress (1): 0.7/6.0 MB
2026.02.16 11:07:02 INFO  Progress (1): 0.7/6.0 MB
2026.02.16 11:07:02 INFO  Progress (1): 0.7/6.0 MB
2026.02.16 11:07:02 INFO  Progress (1): 0.7/6.0 MB
2026.02.16 11:07:02 INFO  Progress (1): 0.7/6.0 MB
2026.02.16 11:07:02 INFO  Progress (1): 0.8/6.0 MB
2026.02.16 11:07:02 INFO  Progress (1): 0.8/6.0 MB
2026.02.16 11:07:02 INFO  Progress (1): 0.8/6.0 MB
2026.02.16 11:07:02 INFO  Progress (1): 0.8/6.0 MB
2026.02.16 11:07:02 INFO  Progress (1): 0.8/6.0 MB
2026.02.16 11:07:02 INFO  Progress (1): 0.8/6.0 MB
2026.02.16 11:07:02 INFO  Progress (1): 0.9/6.0 MB
2026.02.16 11:07:02 INFO  Progress (1): 0.9/6.0 MB
2026.02.16 11:07:02 INFO  Progress (1): 0.9/6.0 MB
2026.02.16 11:07:02 INFO  Progress (1): 0.9/6.0 MB
2026.02.16 11:07:02 INFO  Progress (1): 0.9/6.0 MB
2026.02.16 11:07:02 INFO  Progress (1): 0.9/6.0 MB
2026.02.16 11:07:02 INFO  Progress (1): 1.0/6.0 MB
2026.02.16 11:07:02 INFO  Progress (1): 1.0/6.0 MB
2026.02.16 11:07:02 INFO  Progress (1): 1.0/6.0 MB
2026.02.16 11:07:02 INFO  Progress (1): 1.0/6.0 MB
2026.02.16 11:07:02 INFO  Progress (1): 1.0/6.0 MB
2026.02.16 11:07:02 INFO  Progress (1): 1.0/6.0 MB
2026.02.16 11:07:02 INFO  Progress (1): 1.0/6.0 MB
2026.02.16 11:07:02 INFO  Progress (1): 1.1/6.0 MB
2026.02.16 11:07:02 INFO  Progress (1): 1.1/6.0 MB
2026.02.16 11:07:02 INFO  Progress (1): 1.1/6.0 MB
2026.02.16 11:07:02 INFO  Progress (1): 1.1/6.0 MB
2026.02.16 11:07:02 INFO  Progress (1): 1.1/6.0 MB
2026.02.16 11:07:02 INFO  Progress (1): 1.1/6.0 MB
2026.02.16 11:07:02 INFO  Progress (1): 1.2/6.0 MB
2026.02.16 11:07:02 INFO  Progress (1): 1.2/6.0 MB
2026.02.16 11:07:02 INFO  Progress (1): 1.2/6.0 MB
2026.02.16 11:07:02 INFO  Progress (1): 1.2/6.0 MB
2026.02.16 11:07:02 INFO  Progress (1): 1.2/6.0 MB
2026.02.16 11:07:02 INFO  Progress (1): 1.2/6.0 MB
2026.02.16 11:07:02 INFO  Progress (1): 1.3/6.0 MB
2026.02.16 11:07:02 INFO  Progress (1): 1.3/6.0 MB
2026.02.16 11:07:02 INFO  Progress (1): 1.3/6.0 MB
2026.02.16 11:07:02 INFO  Progress (1): 1.3/6.0 MB
2026.02.16 11:07:02 INFO  Progress (1): 1.3/6.0 MB
2026.02.16 11:07:02 INFO  Progress (1): 1.3/6.0 MB
2026.02.16 11:07:02 INFO  Progress (1): 1.4/6.0 MB
2026.02.16 11:07:02 INFO  Progress (1): 1.4/6.0 MB
2026.02.16 11:07:02 INFO  Progress (1): 1.4/6.0 MB
2026.02.16 11:07:02 INFO  Progress (1): 1.4/6.0 MB
2026.02.16 11:07:02 INFO  Progress (1): 1.4/6.0 MB
2026.02.16 11:07:02 INFO  Progress (1): 1.4/6.0 MB
2026.02.16 11:07:02 INFO  Progress (1): 1.5/6.0 MB
2026.02.16 11:07:02 INFO  Progress (1): 1.5/6.0 MB
2026.02.16 11:07:02 INFO  Progress (1): 1.5/6.0 MB
2026.02.16 11:07:02 INFO  Progress (1): 1.5/6.0 MB
2026.02.16 11:07:02 INFO  Progress (1): 1.5/6.0 MB
2026.02.16 11:07:02 INFO  Progress (1): 1.5/6.0 MB
2026.02.16 11:07:02 INFO  Progress (1): 1.6/6.0 MB
2026.02.16 11:07:02 INFO  Progress (1): 1.6/6.0 MB
2026.02.16 11:07:02 INFO  Progress (1): 1.6/6.0 MB
2026.02.16 11:07:02 INFO  Progress (1): 1.6/6.0 MB
2026.02.16 11:07:02 INFO  Progress (1): 1.6/6.0 MB
2026.02.16 11:07:02 INFO  Progress (1): 1.6/6.0 MB
2026.02.16 11:07:02 INFO  Progress (1): 1.7/6.0 MB
2026.02.16 11:07:02 INFO  Progress (1): 1.7/6.0 MB
2026.02.16 11:07:02 INFO  Progress (1): 1.7/6.0 MB
2026.02.16 11:07:02 INFO  Progress (1): 1.7/6.0 MB
2026.02.16 11:07:02 INFO  Progress (1): 1.7/6.0 MB
2026.02.16 11:07:02 INFO  Progress (1): 1.7/6.0 MB
2026.02.16 11:07:02 INFO  Progress (1): 1.7/6.0 MB
2026.02.16 11:07:02 INFO  Progress (1): 1.8/6.0 MB
2026.02.16 11:07:02 INFO  Progress (1): 1.8/6.0 MB
2026.02.16 11:07:02 INFO  Progress (1): 1.8/6.0 MB
2026.02.16 11:07:02 INFO  Progress (1): 1.8/6.0 MB
2026.02.16 11:07:02 INFO  Progress (1): 1.8/6.0 MB
2026.02.16 11:07:02 INFO  Progress (1): 1.8/6.0 MB
2026.02.16 11:07:02 INFO  Progress (1): 1.9/6.0 MB
2026.02.16 11:07:02 INFO  Progress (1): 1.9/6.0 MB
2026.02.16 11:07:02 INFO  Progress (1): 1.9/6.0 MB
2026.02.16 11:07:02 INFO  Progress (1): 1.9/6.0 MB
2026.02.16 11:07:02 INFO  Progress (1): 1.9/6.0 MB
2026.02.16 11:07:02 INFO  Progress (1): 1.9/6.0 MB
2026.02.16 11:07:02 INFO  Progress (1): 2.0/6.0 MB
2026.02.16 11:07:02 INFO  Progress (1): 2.0/6.0 MB
2026.02.16 11:07:02 INFO  Progress (1): 2.0/6.0 MB
2026.02.16 11:07:02 INFO  Progress (1): 2.0/6.0 MB
2026.02.16 11:07:02 INFO  Progress (1): 2.0/6.0 MB
2026.02.16 11:07:02 INFO  Progress (1): 2.0/6.0 MB
2026.02.16 11:07:02 INFO  Progress (1): 2.1/6.0 MB
2026.02.16 11:07:02 INFO  Progress (1): 2.1/6.0 MB
2026.02.16 11:07:02 INFO  Progress (1): 2.1/6.0 MB
2026.02.16 11:07:02 INFO  Progress (1): 2.1/6.0 MB
2026.02.16 11:07:02 INFO  Progress (1): 2.1/6.0 MB
2026.02.16 11:07:02 INFO  Progress (1): 2.1/6.0 MB
2026.02.16 11:07:02 INFO  Progress (1): 2.2/6.0 MB
2026.02.16 11:07:02 INFO  Progress (1): 2.2/6.0 MB
2026.02.16 11:07:02 INFO  Progress (1): 2.2/6.0 MB
2026.02.16 11:07:02 INFO  Progress (1): 2.2/6.0 MB
2026.02.16 11:07:02 INFO  Progress (1): 2.2/6.0 MB
2026.02.16 11:07:02 INFO  Progress (1): 2.2/6.0 MB
2026.02.16 11:07:02 INFO  Progress (1): 2.3/6.0 MB
2026.02.16 11:07:02 INFO  Progress (1): 2.3/6.0 MB
2026.02.16 11:07:02 INFO  Progress (1): 2.3/6.0 MB
2026.02.16 11:07:02 INFO  Progress (1): 2.3/6.0 MB
2026.02.16 11:07:02 INFO  Progress (1): 2.3/6.0 MB
2026.02.16 11:07:02 INFO  Progress (1): 2.3/6.0 MB
2026.02.16 11:07:02 INFO  Progress (1): 2.4/6.0 MB
2026.02.16 11:07:02 INFO  Progress (1): 2.4/6.0 MB
2026.02.16 11:07:02 INFO  Progress (1): 2.4/6.0 MB
2026.02.16 11:07:02 INFO  Progress (1): 2.4/6.0 MB
2026.02.16 11:07:02 INFO  Progress (1): 2.4/6.0 MB
2026.02.16 11:07:02 INFO  Progress (1): 2.4/6.0 MB
2026.02.16 11:07:02 INFO  Progress (1): 2.5/6.0 MB
2026.02.16 11:07:02 INFO  Progress (1): 2.5/6.0 MB
2026.02.16 11:07:02 INFO  Progress (1): 2.5/6.0 MB
2026.02.16 11:07:02 INFO  Progress (1): 2.5/6.0 MB
2026.02.16 11:07:02 INFO  Progress (1): 2.5/6.0 MB
2026.02.16 11:07:02 INFO  Progress (1): 2.5/6.0 MB
2026.02.16 11:07:02 INFO  Progress (1): 2.6/6.0 MB
2026.02.16 11:07:02 INFO  Progress (1): 2.6/6.0 MB
2026.02.16 11:07:02 INFO  Progress (1): 2.6/6.0 MB
2026.02.16 11:07:02 INFO  Progress (1): 2.6/6.0 MB
2026.02.16 11:07:02 INFO  Progress (1): 2.6/6.0 MB
2026.02.16 11:07:02 INFO  Progress (1): 2.6/6.0 MB
2026.02.16 11:07:02 INFO  Progress (1): 2.6/6.0 MB
2026.02.16 11:07:02 INFO  Progress (1): 2.7/6.0 MB
2026.02.16 11:07:02 INFO  Progress (1): 2.7/6.0 MB
2026.02.16 11:07:02 INFO  Progress (1): 2.7/6.0 MB
2026.02.16 11:07:02 INFO  Progress (1): 2.7/6.0 MB
2026.02.16 11:07:02 INFO  Progress (1): 2.7/6.0 MB
2026.02.16 11:07:02 INFO  Progress (1): 2.7/6.0 MB
2026.02.16 11:07:02 INFO  Progress (1): 2.8/6.0 MB
2026.02.16 11:07:02 INFO  Progress (1): 2.8/6.0 MB
2026.02.16 11:07:02 INFO  Progress (1): 2.8/6.0 MB
2026.02.16 11:07:02 INFO  Progress (1): 2.8/6.0 MB
2026.02.16 11:07:02 INFO  Progress (1): 2.8/6.0 MB
2026.02.16 11:07:02 INFO  Progress (1): 2.8/6.0 MB
2026.02.16 11:07:02 INFO  Progress (1): 2.9/6.0 MB
2026.02.16 11:07:02 INFO  Progress (1): 2.9/6.0 MB
2026.02.16 11:07:02 INFO  Progress (1): 2.9/6.0 MB
2026.02.16 11:07:02 INFO  Progress (1): 2.9/6.0 MB
2026.02.16 11:07:02 INFO  Progress (1): 2.9/6.0 MB
2026.02.16 11:07:02 INFO  Progress (1): 2.9/6.0 MB
2026.02.16 11:07:02 INFO  Progress (1): 3.0/6.0 MB
2026.02.16 11:07:02 INFO  Progress (1): 3.0/6.0 MB
2026.02.16 11:07:02 INFO  Progress (1): 3.0/6.0 MB
2026.02.16 11:07:02 INFO  Progress (1): 3.0/6.0 MB
2026.02.16 11:07:02 INFO  Progress (1): 3.0/6.0 MB
2026.02.16 11:07:02 INFO  Progress (1): 3.0/6.0 MB
2026.02.16 11:07:02 INFO  Progress (1): 3.1/6.0 MB
2026.02.16 11:07:02 INFO  Progress (1): 3.1/6.0 MB
2026.02.16 11:07:02 INFO  Progress (1): 3.1/6.0 MB
2026.02.16 11:07:02 INFO  Progress (1): 3.1/6.0 MB
2026.02.16 11:07:02 INFO  Progress (1): 3.1/6.0 MB
2026.02.16 11:07:02 INFO  Progress (1): 3.1/6.0 MB
2026.02.16 11:07:02 INFO  Progress (1): 3.2/6.0 MB
2026.02.16 11:07:02 INFO  Progress (1): 3.2/6.0 MB
2026.02.16 11:07:02 INFO  Progress (1): 3.2/6.0 MB
2026.02.16 11:07:02 INFO  Progress (1): 3.2/6.0 MB
2026.02.16 11:07:02 INFO  Progress (1): 3.2/6.0 MB
2026.02.16 11:07:02 INFO  Progress (1): 3.2/6.0 MB
2026.02.16 11:07:02 INFO  Progress (1): 3.3/6.0 MB
2026.02.16 11:07:02 INFO  Progress (1): 3.3/6.0 MB
2026.02.16 11:07:02 INFO  Progress (1): 3.3/6.0 MB
2026.02.16 11:07:02 INFO  Progress (1): 3.3/6.0 MB
2026.02.16 11:07:02 INFO  Progress (1): 3.3/6.0 MB
2026.02.16 11:07:02 INFO  Progress (1): 3.3/6.0 MB
2026.02.16 11:07:02 INFO  Progress (1): 3.3/6.0 MB
2026.02.16 11:07:02 INFO  Progress (1): 3.4/6.0 MB
2026.02.16 11:07:02 INFO  Progress (1): 3.4/6.0 MB
2026.02.16 11:07:02 INFO  Progress (1): 3.4/6.0 MB
2026.02.16 11:07:02 INFO  Progress (1): 3.4/6.0 MB
2026.02.16 11:07:02 INFO  Progress (1): 3.4/6.0 MB
2026.02.16 11:07:02 INFO  Progress (1): 3.4/6.0 MB
2026.02.16 11:07:02 INFO  Progress (1): 3.5/6.0 MB
2026.02.16 11:07:02 INFO  Progress (1): 3.5/6.0 MB
2026.02.16 11:07:02 INFO  Progress (1): 3.5/6.0 MB
2026.02.16 11:07:02 INFO  Progress (1): 3.5/6.0 MB
2026.02.16 11:07:02 INFO  Progress (1): 3.5/6.0 MB
2026.02.16 11:07:02 INFO  Progress (1): 3.5/6.0 MB
2026.02.16 11:07:02 INFO  Progress (1): 3.6/6.0 MB
2026.02.16 11:07:02 INFO  Progress (1): 3.6/6.0 MB
2026.02.16 11:07:02 INFO  Progress (1): 3.6/6.0 MB
2026.02.16 11:07:02 INFO  Progress (1): 3.6/6.0 MB
2026.02.16 11:07:02 INFO  Progress (1): 3.6/6.0 MB
2026.02.16 11:07:02 INFO  Progress (1): 3.6/6.0 MB
2026.02.16 11:07:02 INFO  Progress (1): 3.7/6.0 MB
2026.02.16 11:07:02 INFO  Progress (1): 3.7/6.0 MB
2026.02.16 11:07:02 INFO  Progress (1): 3.7/6.0 MB
2026.02.16 11:07:02 INFO  Progress (1): 3.7/6.0 MB
2026.02.16 11:07:02 INFO  Progress (1): 3.7/6.0 MB
2026.02.16 11:07:02 INFO  Progress (1): 3.7/6.0 MB
2026.02.16 11:07:02 INFO  Progress (1): 3.7/6.0 MB
2026.02.16 11:07:02 INFO  Progress (1): 3.8/6.0 MB
2026.02.16 11:07:02 INFO  Progress (1): 3.8/6.0 MB
2026.02.16 11:07:02 INFO  Progress (1): 3.8/6.0 MB
2026.02.16 11:07:02 INFO  Progress (1): 3.8/6.0 MB
2026.02.16 11:07:02 INFO  Progress (1): 3.8/6.0 MB
2026.02.16 11:07:02 INFO  Progress (1): 3.8/6.0 MB
2026.02.16 11:07:02 INFO  Progress (1): 3.9/6.0 MB
2026.02.16 11:07:02 INFO  Progress (1): 3.9/6.0 MB
2026.02.16 11:07:02 INFO  Progress (1): 3.9/6.0 MB
2026.02.16 11:07:02 INFO  Progress (1): 3.9/6.0 MB
2026.02.16 11:07:02 INFO  Progress (1): 3.9/6.0 MB
2026.02.16 11:07:02 INFO  Progress (1): 3.9/6.0 MB
2026.02.16 11:07:02 INFO  Progress (1): 4.0/6.0 MB
2026.02.16 11:07:02 INFO  Progress (1): 4.0/6.0 MB
2026.02.16 11:07:02 INFO  Progress (1): 4.0/6.0 MB
2026.02.16 11:07:02 INFO  Progress (1): 4.0/6.0 MB
2026.02.16 11:07:02 INFO  Progress (1): 4.0/6.0 MB
2026.02.16 11:07:02 INFO  Progress (1): 4.0/6.0 MB
2026.02.16 11:07:02 INFO  Progress (1): 4.0/6.0 MB
2026.02.16 11:07:02 INFO  Progress (1): 4.1/6.0 MB
2026.02.16 11:07:02 INFO  Progress (1): 4.1/6.0 MB
2026.02.16 11:07:02 INFO  Progress (1): 4.1/6.0 MB
2026.02.16 11:07:02 INFO  Progress (1): 4.1/6.0 MB
2026.02.16 11:07:02 INFO  Progress (1): 4.1/6.0 MB
2026.02.16 11:07:02 INFO  Progress (1): 4.1/6.0 MB
2026.02.16 11:07:02 INFO  Progress (1): 4.2/6.0 MB
2026.02.16 11:07:02 INFO  Progress (1): 4.2/6.0 MB
2026.02.16 11:07:02 INFO  Progress (1): 4.2/6.0 MB
2026.02.16 11:07:02 INFO  Progress (1): 4.2/6.0 MB
2026.02.16 11:07:02 INFO  Progress (1): 4.2/6.0 MB
2026.02.16 11:07:02 INFO  Progress (1): 4.2/6.0 MB
2026.02.16 11:07:02 INFO  Progress (1): 4.3/6.0 MB
2026.02.16 11:07:02 INFO  Progress (1): 4.3/6.0 MB
2026.02.16 11:07:02 INFO  Progress (1): 4.3/6.0 MB
2026.02.16 11:07:02 INFO  Progress (1): 4.3/6.0 MB
2026.02.16 11:07:02 INFO  Progress (1): 4.3/6.0 MB
2026.02.16 11:07:02 INFO  Progress (1): 4.3/6.0 MB
2026.02.16 11:07:02 INFO  Progress (1): 4.4/6.0 MB
2026.02.16 11:07:02 INFO  Progress (1): 4.4/6.0 MB
2026.02.16 11:07:02 INFO  Progress (1): 4.4/6.0 MB
2026.02.16 11:07:02 INFO  Progress (1): 4.4/6.0 MB
2026.02.16 11:07:02 INFO  Progress (1): 4.4/6.0 MB
2026.02.16 11:07:02 INFO  Progress (1): 4.4/6.0 MB
2026.02.16 11:07:02 INFO  Progress (1): 4.5/6.0 MB
2026.02.16 11:07:02 INFO  Progress (1): 4.5/6.0 MB
2026.02.16 11:07:02 INFO  Progress (1): 4.5/6.0 MB
2026.02.16 11:07:02 INFO  Progress (1): 4.5/6.0 MB
2026.02.16 11:07:02 INFO  Progress (1): 4.5/6.0 MB
2026.02.16 11:07:02 INFO  Progress (1): 4.5/6.0 MB
2026.02.16 11:07:02 INFO  Progress (1): 4.6/6.0 MB
2026.02.16 11:07:02 INFO  Progress (1): 4.6/6.0 MB
2026.02.16 11:07:02 INFO  Progress (1): 4.6/6.0 MB
2026.02.16 11:07:02 INFO  Progress (1): 4.6/6.0 MB
2026.02.16 11:07:02 INFO  Progress (1): 4.6/6.0 MB
2026.02.16 11:07:02 INFO  Progress (1): 4.6/6.0 MB
2026.02.16 11:07:02 INFO  Progress (1): 4.6/6.0 MB
2026.02.16 11:07:02 INFO  Progress (1): 4.7/6.0 MB
2026.02.16 11:07:02 INFO  Progress (1): 4.7/6.0 MB
2026.02.16 11:07:02 INFO  Progress (1): 4.7/6.0 MB
2026.02.16 11:07:02 INFO  Progress (1): 4.7/6.0 MB
2026.02.16 11:07:02 INFO  Progress (1): 4.7/6.0 MB
2026.02.16 11:07:02 INFO  Progress (1): 4.7/6.0 MB
2026.02.16 11:07:02 INFO  Progress (1): 4.8/6.0 MB
2026.02.16 11:07:02 INFO  Progress (1): 4.8/6.0 MB
2026.02.16 11:07:02 INFO  Progress (1): 4.8/6.0 MB
2026.02.16 11:07:02 INFO  Progress (1): 4.8/6.0 MB
2026.02.16 11:07:02 INFO  Progress (1): 4.8/6.0 MB
2026.02.16 11:07:02 INFO  Progress (1): 4.8/6.0 MB
2026.02.16 11:07:02 INFO  Progress (1): 4.9/6.0 MB
2026.02.16 11:07:02 INFO  Progress (1): 4.9/6.0 MB
2026.02.16 11:07:02 INFO  Progress (1): 4.9/6.0 MB
2026.02.16 11:07:02 INFO  Progress (1): 4.9/6.0 MB
2026.02.16 11:07:02 INFO  Progress (1): 4.9/6.0 MB
2026.02.16 11:07:02 INFO  Progress (1): 4.9/6.0 MB
2026.02.16 11:07:02 INFO  Progress (1): 5.0/6.0 MB
2026.02.16 11:07:02 INFO  Progress (1): 5.0/6.0 MB
2026.02.16 11:07:02 INFO  Progress (1): 5.0/6.0 MB
2026.02.16 11:07:02 INFO  Progress (1): 5.0/6.0 MB
2026.02.16 11:07:02 INFO  Progress (1): 5.0/6.0 MB
2026.02.16 11:07:02 INFO  Progress (1): 5.0/6.0 MB
2026.02.16 11:07:02 INFO  Progress (1): 5.1/6.0 MB
2026.02.16 11:07:02 INFO  Progress (1): 5.1/6.0 MB
2026.02.16 11:07:02 INFO  Progress (1): 5.1/6.0 MB
2026.02.16 11:07:02 INFO  Progress (1): 5.1/6.0 MB
2026.02.16 11:07:02 INFO  Progress (1): 5.1/6.0 MB
2026.02.16 11:07:02 INFO  Progress (1): 5.1/6.0 MB
2026.02.16 11:07:02 INFO  Progress (1): 5.2/6.0 MB
2026.02.16 11:07:02 INFO  Progress (1): 5.2/6.0 MB
2026.02.16 11:07:02 INFO  Progress (1): 5.2/6.0 MB
2026.02.16 11:07:02 INFO  Progress (1): 5.2/6.0 MB
2026.02.16 11:07:02 INFO  Progress (1): 5.2/6.0 MB
2026.02.16 11:07:02 INFO  Progress (1): 5.2/6.0 MB
2026.02.16 11:07:02 INFO  Progress (1): 5.2/6.0 MB
2026.02.16 11:07:02 INFO  Progress (1): 5.3/6.0 MB
2026.02.16 11:07:02 INFO  Progress (1): 5.3/6.0 MB
2026.02.16 11:07:02 INFO  Progress (1): 5.3/6.0 MB
2026.02.16 11:07:02 INFO  Progress (1): 5.3/6.0 MB
2026.02.16 11:07:02 INFO  Progress (1): 5.3/6.0 MB
2026.02.16 11:07:02 INFO  Progress (1): 5.3/6.0 MB
2026.02.16 11:07:02 INFO  Progress (1): 5.4/6.0 MB
2026.02.16 11:07:02 INFO  Progress (1): 5.4/6.0 MB
2026.02.16 11:07:02 INFO  Progress (1): 5.4/6.0 MB
2026.02.16 11:07:02 INFO  Progress (1): 5.4/6.0 MB
2026.02.16 11:07:02 INFO  Progress (1): 5.4/6.0 MB
2026.02.16 11:07:02 INFO  Progress (1): 5.4/6.0 MB
2026.02.16 11:07:02 INFO  Progress (1): 5.5/6.0 MB
2026.02.16 11:07:02 INFO  Progress (1): 5.5/6.0 MB
2026.02.16 11:07:02 INFO  Progress (1): 5.5/6.0 MB
2026.02.16 11:07:02 INFO  Progress (1): 5.5/6.0 MB
2026.02.16 11:07:02 INFO  Progress (1): 5.5/6.0 MB
2026.02.16 11:07:02 INFO  Progress (1): 5.5/6.0 MB
2026.02.16 11:07:02 INFO  Progress (1): 5.6/6.0 MB
2026.02.16 11:07:02 INFO  Progress (1): 5.6/6.0 MB
2026.02.16 11:07:02 INFO  Progress (1): 5.6/6.0 MB
2026.02.16 11:07:02 INFO  Progress (1): 5.6/6.0 MB
2026.02.16 11:07:02 INFO  Progress (1): 5.6/6.0 MB
2026.02.16 11:07:02 INFO  Progress (1): 5.6/6.0 MB
2026.02.16 11:07:02 INFO  Progress (1): 5.7/6.0 MB
2026.02.16 11:07:02 INFO  Progress (1): 5.7/6.0 MB
2026.02.16 11:07:02 INFO  Progress (1): 5.7/6.0 MB
2026.02.16 11:07:02 INFO  Progress (1): 5.7/6.0 MB
2026.02.16 11:07:02 INFO  Progress (1): 5.7/6.0 MB
2026.02.16 11:07:02 INFO  Progress (1): 5.7/6.0 MB
2026.02.16 11:07:02 INFO  Progress (1): 5.8/6.0 MB
2026.02.16 11:07:02 INFO  Progress (1): 5.8/6.0 MB
2026.02.16 11:07:02 INFO  Progress (1): 5.8/6.0 MB
2026.02.16 11:07:02 INFO  Progress (1): 5.8/6.0 MB
2026.02.16 11:07:02 INFO  Progress (1): 5.8/6.0 MB
2026.02.16 11:07:02 INFO  Progress (1): 5.8/6.0 MB
2026.02.16 11:07:02 INFO  Progress (1): 5.9/6.0 MB
2026.02.16 11:07:02 INFO  Progress (1): 5.9/6.0 MB
2026.02.16 11:07:02 INFO  Progress (1): 5.9/6.0 MB
2026.02.16 11:07:02 INFO  Progress (1): 5.9/6.0 MB
2026.02.16 11:07:02 INFO  Progress (1): 5.9/6.0 MB
2026.02.16 11:07:02 INFO  Progress (1): 5.9/6.0 MB
2026.02.16 11:07:02 INFO  Progress (1): 5.9/6.0 MB
2026.02.16 11:07:02 INFO  Progress (1): 6.0/6.0 MB
2026.02.16 11:07:02 INFO  Progress (1): 6.0/6.0 MB
2026.02.16 11:07:02 INFO  Progress (1): 6.0/6.0 MB
2026.02.16 11:07:02 INFO  Progress (1): 6.0/6.0 MB
2026.02.16 11:07:02 INFO  Progress (1): 6.0 MB    
2026.02.16 11:07:02 INFO                      
2026.02.16 11:07:02 INFO  Downloaded from central: https://repo.maven.apache.org/maven2/org/scala-lang/scala-library/2.13.8/scala-library-2.13.8.jar (6.0 MB at 33 MB/s)
2026.02.16 11:07:02 INFO  Downloading from central: https://repo.maven.apache.org/maven2/ch/epfl/scala/bloop-config_2.13/2.3.3/bloop-config_2.13-2.3.3.jar
2026.02.16 11:07:02 INFO  Downloading from central: https://repo.maven.apache.org/maven2/com/github/plokhotnyuk/jsoniter-scala/jsoniter-scala-core_2.13/2.13.5.2/jsoniter-scala-core_2.13-2.13.5.2.jar
2026.02.16 11:07:02 INFO  Downloading from central: https://repo.maven.apache.org/maven2/com/lihaoyi/unroll-annotation_2.13/0.1.12/unroll-annotation_2.13-0.1.12.jar
2026.02.16 11:07:02 INFO  Downloading from central: https://repo.maven.apache.org/maven2/net/alchim31/maven/scala-maven-plugin/4.8.0/scala-maven-plugin-4.8.0.jar
2026.02.16 11:07:02 INFO  Downloading from central: https://repo.maven.apache.org/maven2/org/apache/maven/shared/maven-dependency-tree/3.2.1/maven-dependency-tree-3.2.1.jar
2026.02.16 11:07:02 INFO  Progress (1): 7.7/288 kB
2026.02.16 11:07:02 INFO  Progress (1): 16/288 kB 
2026.02.16 11:07:02 INFO  Progress (1): 32/288 kB
2026.02.16 11:07:02 INFO  Progress (1): 49/288 kB
2026.02.16 11:07:02 INFO  Progress (1): 65/288 kB
2026.02.16 11:07:02 INFO  Progress (1): 81/288 kB
2026.02.16 11:07:02 INFO  Progress (1): 98/288 kB
2026.02.16 11:07:02 INFO  Progress (1): 114/288 kB
2026.02.16 11:07:02 INFO  Progress (1): 131/288 kB
2026.02.16 11:07:02 INFO  Progress (1): 147/288 kB
2026.02.16 11:07:02 INFO  Progress (1): 163/288 kB
2026.02.16 11:07:02 INFO  Progress (1): 180/288 kB
2026.02.16 11:07:02 INFO  Progress (1): 196/288 kB
2026.02.16 11:07:02 INFO  Progress (1): 213/288 kB
2026.02.16 11:07:02 INFO  Progress (1): 229/288 kB
2026.02.16 11:07:02 INFO  Progress (1): 245/288 kB
2026.02.16 11:07:02 INFO  Progress (1): 262/288 kB
2026.02.16 11:07:02 INFO  Progress (1): 278/288 kB
2026.02.16 11:07:02 INFO  Progress (1): 288 kB    
2026.02.16 11:07:02 INFO                      
2026.02.16 11:07:02 INFO  Downloaded from central: https://repo.maven.apache.org/maven2/ch/epfl/scala/bloop-config_2.13/2.3.3/bloop-config_2.13-2.3.3.jar (288 kB at 8.5 MB/s)
2026.02.16 11:07:02 INFO  Downloading from central: https://repo.maven.apache.org/maven2/org/apache/maven/reporting/maven-reporting-api/3.1.1/maven-reporting-api-3.1.1.jar
2026.02.16 11:07:02 INFO  Progress (1): 0.9/159 kB
2026.02.16 11:07:02 INFO  Progress (1): 2.3/159 kB
2026.02.16 11:07:02 INFO  Progress (1): 3.7/159 kB
2026.02.16 11:07:02 INFO  Progress (1): 5.0/159 kB
2026.02.16 11:07:02 INFO  Progress (1): 6.4/159 kB
2026.02.16 11:07:02 INFO  Progress (1): 7.8/159 kB
2026.02.16 11:07:02 INFO  Progress (1): 9.1/159 kB
2026.02.16 11:07:02 INFO  Progress (1): 11/159 kB 
2026.02.16 11:07:02 INFO  Progress (1): 12/159 kB
2026.02.16 11:07:02 INFO  Progress (1): 13/159 kB
2026.02.16 11:07:02 INFO  Progress (1): 15/159 kB
2026.02.16 11:07:02 INFO  Progress (1): 16/159 kB
2026.02.16 11:07:02 INFO  Progress (1): 17/159 kB
2026.02.16 11:07:02 INFO  Progress (1): 19/159 kB
2026.02.16 11:07:02 INFO  Progress (1): 20/159 kB
2026.02.16 11:07:02 INFO  Progress (1): 21/159 kB
2026.02.16 11:07:02 INFO  Progress (1): 23/159 kB
2026.02.16 11:07:02 INFO  Progress (1): 24/159 kB
2026.02.16 11:07:02 INFO  Progress (1): 25/159 kB
2026.02.16 11:07:02 INFO  Progress (1): 26/159 kB
2026.02.16 11:07:02 INFO  Progress (1): 27/159 kB
2026.02.16 11:07:02 INFO  Progress (1): 29/159 kB
2026.02.16 11:07:02 INFO  Progress (1): 30/159 kB
2026.02.16 11:07:02 INFO  Progress (1): 31/159 kB
2026.02.16 11:07:02 INFO  Progress (2): 31/159 kB | 0.9/43 kB
2026.02.16 11:07:02 INFO  Progress (2): 33/159 kB | 0.9/43 kB
2026.02.16 11:07:02 INFO  Progress (2): 33/159 kB | 2.3/43 kB
2026.02.16 11:07:02 INFO  Progress (2): 33/159 kB | 3.7/43 kB
2026.02.16 11:07:02 INFO  Progress (2): 33/159 kB | 4.1/43 kB
2026.02.16 11:07:02 INFO  Progress (2): 33/159 kB | 5.5/43 kB
2026.02.16 11:07:02 INFO  Progress (2): 33/159 kB | 6.8/43 kB
2026.02.16 11:07:02 INFO  Progress (2): 33/159 kB | 8.2/43 kB
2026.02.16 11:07:02 INFO  Progress (2): 33/159 kB | 9.6/43 kB
2026.02.16 11:07:02 INFO  Progress (2): 33/159 kB | 11/43 kB 
2026.02.16 11:07:02 INFO  Progress (2): 33/159 kB | 12/43 kB
2026.02.16 11:07:02 INFO  Progress (2): 33/159 kB | 14/43 kB
2026.02.16 11:07:02 INFO  Progress (2): 33/159 kB | 15/43 kB
2026.02.16 11:07:02 INFO  Progress (2): 33/159 kB | 16/43 kB
2026.02.16 11:07:02 INFO  Progress (2): 33/159 kB | 18/43 kB
2026.02.16 11:07:02 INFO  Progress (2): 33/159 kB | 19/43 kB
2026.02.16 11:07:02 INFO  Progress (2): 33/159 kB | 21/43 kB
2026.02.16 11:07:02 INFO  Progress (2): 33/159 kB | 22/43 kB
2026.02.16 11:07:02 INFO  Progress (2): 34/159 kB | 22/43 kB
2026.02.16 11:07:02 INFO  Progress (2): 36/159 kB | 22/43 kB
2026.02.16 11:07:02 INFO  Progress (2): 37/159 kB | 22/43 kB
2026.02.16 11:07:02 INFO  Progress (2): 38/159 kB | 22/43 kB
2026.02.16 11:07:02 INFO  Progress (2): 40/159 kB | 22/43 kB
2026.02.16 11:07:02 INFO  Progress (2): 41/159 kB | 22/43 kB
2026.02.16 11:07:02 INFO  Progress (2): 42/159 kB | 22/43 kB
2026.02.16 11:07:02 INFO  Progress (2): 44/159 kB | 22/43 kB
2026.02.16 11:07:02 INFO  Progress (2): 45/159 kB | 22/43 kB
2026.02.16 11:07:02 INFO  Progress (2): 46/159 kB | 22/43 kB
2026.02.16 11:07:02 INFO  Progress (2): 48/159 kB | 22/43 kB
2026.02.16 11:07:02 INFO  Progress (2): 49/159 kB | 22/43 kB
2026.02.16 11:07:02 INFO  Progress (2): 51/159 kB | 22/43 kB
2026.02.16 11:07:02 INFO  Progress (2): 52/159 kB | 22/43 kB
2026.02.16 11:07:02 INFO  Progress (2): 53/159 kB | 22/43 kB
2026.02.16 11:07:02 INFO  Progress (3): 53/159 kB | 22/43 kB | 7.7/11 kB
2026.02.16 11:07:02 INFO  Progress (3): 55/159 kB | 22/43 kB | 7.7/11 kB
2026.02.16 11:07:02 INFO  Progress (3): 55/159 kB | 22/43 kB | 11 kB    
2026.02.16 11:07:02 INFO  Progress (3): 59/159 kB | 22/43 kB | 11 kB
2026.02.16 11:07:02 INFO  Progress (4): 59/159 kB | 22/43 kB | 11 kB | 0.9/1.3 kB
2026.02.16 11:07:02 INFO  Progress (4): 59/159 kB | 22/43 kB | 11 kB | 1.3 kB    
2026.02.16 11:07:02 INFO                                                     
2026.02.16 11:07:02 INFO  Downloaded from central: https://repo.maven.apache.org/maven2/org/apache/maven/reporting/maven-reporting-api/3.1.1/maven-reporting-api-3.1.1.jar (11 kB at 165 kB/s)
2026.02.16 11:07:02 INFO  Downloading from central: https://repo.maven.apache.org/maven2/org/apache/maven/doxia/doxia-sink-api/1.11.1/doxia-sink-api-1.11.1.jar
2026.02.16 11:07:02 INFO  Downloaded from central: https://repo.maven.apache.org/maven2/com/lihaoyi/unroll-annotation_2.13/0.1.12/unroll-annotation_2.13-0.1.12.jar (1.3 kB at 20 kB/s)
2026.02.16 11:07:02 INFO  Downloading from central: https://repo.maven.apache.org/maven2/org/apache/maven/doxia/doxia-logging-api/1.11.1/doxia-logging-api-1.11.1.jar
2026.02.16 11:07:02 INFO  Progress (2): 59/159 kB | 23/43 kB
2026.02.16 11:07:02 INFO  Progress (2): 59/159 kB | 25/43 kB
2026.02.16 11:07:02 INFO  Progress (2): 59/159 kB | 26/43 kB
2026.02.16 11:07:02 INFO  Progress (2): 59/159 kB | 27/43 kB
2026.02.16 11:07:02 INFO  Progress (2): 59/159 kB | 29/43 kB
2026.02.16 11:07:02 INFO  Progress (2): 59/159 kB | 30/43 kB
2026.02.16 11:07:02 INFO  Progress (2): 59/159 kB | 31/43 kB
2026.02.16 11:07:02 INFO  Progress (2): 59/159 kB | 33/43 kB
2026.02.16 11:07:02 INFO  Progress (2): 59/159 kB | 34/43 kB
2026.02.16 11:07:02 INFO  Progress (2): 59/159 kB | 36/43 kB
2026.02.16 11:07:02 INFO  Progress (2): 59/159 kB | 37/43 kB
2026.02.16 11:07:02 INFO  Progress (2): 59/159 kB | 38/43 kB
2026.02.16 11:07:02 INFO  Progress (2): 59/159 kB | 40/43 kB
2026.02.16 11:07:02 INFO  Progress (2): 59/159 kB | 41/43 kB
2026.02.16 11:07:02 INFO  Progress (2): 59/159 kB | 42/43 kB
2026.02.16 11:07:02 INFO  Progress (2): 59/159 kB | 43 kB   
2026.02.16 11:07:02 INFO                                 
2026.02.16 11:07:02 INFO  Downloaded from central: https://repo.maven.apache.org/maven2/org/apache/maven/shared/maven-dependency-tree/3.2.1/maven-dependency-tree-3.2.1.jar (43 kB at 656 kB/s)
2026.02.16 11:07:02 INFO  Downloading from central: https://repo.maven.apache.org/maven2/org/apache/maven/maven-archiver/3.6.0/maven-archiver-3.6.0.jar
2026.02.16 11:07:02 INFO  Progress (2): 59/159 kB | 0.9/176 kB
2026.02.16 11:07:02 INFO  Progress (2): 59/159 kB | 2.3/176 kB
2026.02.16 11:07:02 INFO  Progress (2): 59/159 kB | 3.7/176 kB
2026.02.16 11:07:02 INFO  Progress (2): 59/159 kB | 5.0/176 kB
2026.02.16 11:07:02 INFO  Progress (2): 59/159 kB | 6.4/176 kB
2026.02.16 11:07:02 INFO  Progress (2): 59/159 kB | 7.8/176 kB
2026.02.16 11:07:02 INFO  Progress (2): 59/159 kB | 8.2/176 kB
2026.02.16 11:07:02 INFO  Progress (2): 59/159 kB | 9.6/176 kB
2026.02.16 11:07:02 INFO  Progress (2): 59/159 kB | 11/176 kB 
2026.02.16 11:07:02 INFO  Progress (2): 59/159 kB | 12/176 kB
2026.02.16 11:07:02 INFO  Progress (2): 59/159 kB | 14/176 kB
2026.02.16 11:07:02 INFO  Progress (2): 59/159 kB | 15/176 kB
2026.02.16 11:07:02 INFO  Progress (2): 59/159 kB | 16/176 kB
2026.02.16 11:07:02 INFO  Progress (2): 59/159 kB | 18/176 kB
2026.02.16 11:07:02 INFO  Progress (2): 59/159 kB | 19/176 kB
2026.02.16 11:07:02 INFO  Progress (2): 59/159 kB | 21/176 kB
2026.02.16 11:07:02 INFO  Progress (2): 59/159 kB | 22/176 kB
2026.02.16 11:07:02 INFO  Progress (2): 59/159 kB | 23/176 kB
2026.02.16 11:07:02 INFO  Progress (2): 59/159 kB | 25/176 kB
2026.02.16 11:07:02 INFO  Progress (2): 59/159 kB | 26/176 kB
2026.02.16 11:07:02 INFO  Progress (2): 59/159 kB | 27/176 kB
2026.02.16 11:07:02 INFO  Progress (2): 59/159 kB | 29/176 kB
2026.02.16 11:07:02 INFO  Progress (2): 59/159 kB | 30/176 kB
2026.02.16 11:07:02 INFO  Progress (2): 59/159 kB | 31/176 kB
2026.02.16 11:07:02 INFO  Progress (2): 59/159 kB | 33/176 kB
2026.02.16 11:07:02 INFO  Progress (2): 59/159 kB | 34/176 kB
2026.02.16 11:07:02 INFO  Progress (2): 59/159 kB | 36/176 kB
2026.02.16 11:07:02 INFO  Progress (2): 59/159 kB | 37/176 kB
2026.02.16 11:07:02 INFO  Progress (2): 59/159 kB | 38/176 kB
2026.02.16 11:07:02 INFO  Progress (2): 59/159 kB | 40/176 kB
2026.02.16 11:07:02 INFO  Progress (2): 59/159 kB | 41/176 kB
2026.02.16 11:07:02 INFO  Progress (2): 59/159 kB | 42/176 kB
2026.02.16 11:07:02 INFO  Progress (2): 59/159 kB | 44/176 kB
2026.02.16 11:07:02 INFO  Progress (2): 59/159 kB | 45/176 kB
2026.02.16 11:07:02 INFO  Progress (2): 59/159 kB | 47/176 kB
2026.02.16 11:07:02 INFO  Progress (2): 59/159 kB | 48/176 kB
2026.02.16 11:07:02 INFO  Progress (2): 59/159 kB | 49/176 kB
2026.02.16 11:07:02 INFO  Progress (2): 59/159 kB | 51/176 kB
2026.02.16 11:07:02 INFO  Progress (2): 59/159 kB | 52/176 kB
2026.02.16 11:07:02 INFO  Progress (2): 59/159 kB | 53/176 kB
2026.02.16 11:07:02 INFO  Progress (2): 59/159 kB | 55/176 kB
2026.02.16 11:07:02 INFO  Progress (2): 59/159 kB | 59/176 kB
2026.02.16 11:07:02 INFO  Progress (2): 63/159 kB | 59/176 kB
2026.02.16 11:07:02 INFO  Progress (2): 67/159 kB | 59/176 kB
2026.02.16 11:07:02 INFO  Progress (2): 72/159 kB | 59/176 kB
2026.02.16 11:07:02 INFO  Progress (2): 76/159 kB | 59/176 kB
2026.02.16 11:07:02 INFO  Progress (2): 80/159 kB | 59/176 kB
2026.02.16 11:07:02 INFO  Progress (2): 80/159 kB | 63/176 kB
2026.02.16 11:07:02 INFO  Progress (2): 80/159 kB | 67/176 kB
2026.02.16 11:07:02 INFO  Progress (2): 80/159 kB | 72/176 kB
2026.02.16 11:07:02 INFO  Progress (2): 80/159 kB | 76/176 kB
2026.02.16 11:07:02 INFO  Progress (2): 80/159 kB | 80/176 kB
2026.02.16 11:07:02 INFO  Progress (2): 80/159 kB | 84/176 kB
2026.02.16 11:07:02 INFO  Progress (2): 80/159 kB | 89/176 kB
2026.02.16 11:07:02 INFO  Progress (2): 80/159 kB | 93/176 kB
2026.02.16 11:07:02 INFO  Progress (2): 80/159 kB | 97/176 kB
2026.02.16 11:07:02 INFO  Progress (2): 84/159 kB | 97/176 kB
2026.02.16 11:07:02 INFO  Progress (2): 89/159 kB | 97/176 kB
2026.02.16 11:07:02 INFO  Progress (2): 93/159 kB | 97/176 kB
2026.02.16 11:07:02 INFO  Progress (2): 97/159 kB | 97/176 kB
2026.02.16 11:07:02 INFO  Progress (2): 101/159 kB | 97/176 kB
2026.02.16 11:07:02 INFO  Progress (2): 105/159 kB | 97/176 kB
2026.02.16 11:07:02 INFO  Progress (3): 105/159 kB | 97/176 kB | 7.7/12 kB
2026.02.16 11:07:02 INFO  Progress (3): 105/159 kB | 97/176 kB | 12 kB    
2026.02.16 11:07:02 INFO                                              
2026.02.16 11:07:02 INFO  Downloaded from central: https://repo.maven.apache.org/maven2/org/apache/maven/doxia/doxia-logging-api/1.11.1/doxia-logging-api-1.11.1.jar (12 kB at 128 kB/s)
2026.02.16 11:07:02 INFO  Downloading from central: https://repo.maven.apache.org/maven2/org/codehaus/plexus/plexus-io/3.4.0/plexus-io-3.4.0.jar
2026.02.16 11:07:02 INFO  Progress (3): 105/159 kB | 97/176 kB | 0.9/12 kB
2026.02.16 11:07:02 INFO  Progress (3): 105/159 kB | 97/176 kB | 2.3/12 kB
2026.02.16 11:07:02 INFO  Progress (3): 105/159 kB | 97/176 kB | 3.7/12 kB
2026.02.16 11:07:02 INFO  Progress (3): 105/159 kB | 97/176 kB | 5.0/12 kB
2026.02.16 11:07:02 INFO  Progress (3): 105/159 kB | 97/176 kB | 6.4/12 kB
2026.02.16 11:07:02 INFO  Progress (3): 105/159 kB | 97/176 kB | 7.8/12 kB
2026.02.16 11:07:02 INFO  Progress (3): 105/159 kB | 97/176 kB | 9.1/12 kB
2026.02.16 11:07:02 INFO  Progress (3): 105/159 kB | 97/176 kB | 11/12 kB 
2026.02.16 11:07:02 INFO  Progress (3): 105/159 kB | 97/176 kB | 12 kB   
2026.02.16 11:07:02 INFO                                              
2026.02.16 11:07:02 INFO  Downloaded from central: https://repo.maven.apache.org/maven2/org/apache/maven/doxia/doxia-sink-api/1.11.1/doxia-sink-api-1.11.1.jar (12 kB at 126 kB/s)
2026.02.16 11:07:02 INFO  Downloading from central: https://repo.maven.apache.org/maven2/org/apache/commons/commons-exec/1.3/commons-exec-1.3.jar
2026.02.16 11:07:02 INFO  Progress (2): 105/159 kB | 101/176 kB
2026.02.16 11:07:02 INFO  Progress (2): 105/159 kB | 105/176 kB
2026.02.16 11:07:02 INFO  Progress (2): 105/159 kB | 110/176 kB
2026.02.16 11:07:02 INFO  Progress (2): 105/159 kB | 114/176 kB
2026.02.16 11:07:02 INFO  Progress (2): 105/159 kB | 118/176 kB
2026.02.16 11:07:02 INFO  Progress (2): 105/159 kB | 122/176 kB
2026.02.16 11:07:02 INFO  Progress (2): 105/159 kB | 127/176 kB
2026.02.16 11:07:02 INFO  Progress (2): 105/159 kB | 131/176 kB
2026.02.16 11:07:02 INFO  Progress (2): 105/159 kB | 135/176 kB
2026.02.16 11:07:02 INFO  Progress (3): 105/159 kB | 135/176 kB | 0.9/26 kB
2026.02.16 11:07:02 INFO  Progress (3): 105/159 kB | 135/176 kB | 2.3/26 kB
2026.02.16 11:07:02 INFO  Progress (3): 105/159 kB | 135/176 kB | 3.7/26 kB
2026.02.16 11:07:02 INFO  Progress (3): 105/159 kB | 135/176 kB | 5.0/26 kB
2026.02.16 11:07:02 INFO  Progress (3): 105/159 kB | 135/176 kB | 6.4/26 kB
2026.02.16 11:07:02 INFO  Progress (3): 105/159 kB | 135/176 kB | 7.8/26 kB
2026.02.16 11:07:02 INFO  Progress (3): 105/159 kB | 135/176 kB | 8.2/26 kB
2026.02.16 11:07:02 INFO  Progress (3): 105/159 kB | 135/176 kB | 9.6/26 kB
2026.02.16 11:07:02 INFO  Progress (3): 105/159 kB | 135/176 kB | 14/26 kB 
2026.02.16 11:07:02 INFO  Progress (3): 105/159 kB | 135/176 kB | 18/26 kB
2026.02.16 11:07:02 INFO  Progress (3): 105/159 kB | 135/176 kB | 22/26 kB
2026.02.16 11:07:02 INFO  Progress (3): 105/159 kB | 135/176 kB | 26 kB   
2026.02.16 11:07:02 INFO                                               
2026.02.16 11:07:02 INFO  Downloaded from central: https://repo.maven.apache.org/maven2/org/apache/maven/maven-archiver/3.6.0/maven-archiver-3.6.0.jar (26 kB at 273 kB/s)
2026.02.16 11:07:02 INFO  Downloading from central: https://repo.maven.apache.org/maven2/org/codehaus/plexus/plexus-utils/3.5.0/plexus-utils-3.5.0.jar
2026.02.16 11:07:02 INFO  Progress (2): 110/159 kB | 135/176 kB
2026.02.16 11:07:02 INFO  Progress (2): 114/159 kB | 135/176 kB
2026.02.16 11:07:02 INFO  Progress (2): 118/159 kB | 135/176 kB
2026.02.16 11:07:02 INFO  Progress (2): 122/159 kB | 135/176 kB
2026.02.16 11:07:02 INFO  Progress (2): 123/159 kB | 135/176 kB
2026.02.16 11:07:02 INFO  Progress (2): 127/159 kB | 135/176 kB
2026.02.16 11:07:02 INFO  Progress (2): 131/159 kB | 135/176 kB
2026.02.16 11:07:02 INFO  Progress (2): 136/159 kB | 135/176 kB
2026.02.16 11:07:02 INFO  Progress (2): 140/159 kB | 135/176 kB
2026.02.16 11:07:02 INFO  Progress (2): 144/159 kB | 135/176 kB
2026.02.16 11:07:02 INFO  Progress (2): 148/159 kB | 135/176 kB
2026.02.16 11:07:02 INFO  Progress (2): 152/159 kB | 135/176 kB
2026.02.16 11:07:02 INFO  Progress (2): 157/159 kB | 135/176 kB
2026.02.16 11:07:02 INFO  Progress (2): 159 kB | 135/176 kB    
2026.02.16 11:07:02 INFO                                   
2026.02.16 11:07:02 INFO  Downloaded from central: https://repo.maven.apache.org/maven2/net/alchim31/maven/scala-maven-plugin/4.8.0/scala-maven-plugin-4.8.0.jar (159 kB at 1.6 MB/s)
2026.02.16 11:07:02 INFO  Downloading from central: https://repo.maven.apache.org/maven2/org/codehaus/plexus/plexus-archiver/4.6.0/plexus-archiver-4.6.0.jar
2026.02.16 11:07:02 INFO  Progress (1): 139/176 kB
2026.02.16 11:07:02 INFO  Progress (1): 143/176 kB
2026.02.16 11:07:02 INFO  Progress (1): 148/176 kB
2026.02.16 11:07:02 INFO  Progress (1): 152/176 kB
2026.02.16 11:07:02 INFO  Progress (1): 156/176 kB
2026.02.16 11:07:02 INFO  Progress (1): 160/176 kB
2026.02.16 11:07:02 INFO  Progress (1): 165/176 kB
2026.02.16 11:07:02 INFO  Progress (1): 169/176 kB
2026.02.16 11:07:02 INFO  Progress (1): 173/176 kB
2026.02.16 11:07:02 INFO  Progress (1): 176 kB    
2026.02.16 11:07:02 INFO                      
2026.02.16 11:07:02 INFO  Downloaded from central: https://repo.maven.apache.org/maven2/com/github/plokhotnyuk/jsoniter-scala/jsoniter-scala-core_2.13/2.13.5.2/jsoniter-scala-core_2.13-2.13.5.2.jar (176 kB at 1.6 MB/s)
2026.02.16 11:07:02 INFO  Downloading from central: https://repo.maven.apache.org/maven2/org/apache/commons/commons-compress/1.21/commons-compress-1.21.jar
2026.02.16 11:07:02 INFO  Progress (1): 7.7/79 kB
2026.02.16 11:07:02 INFO  Progress (1): 16/79 kB 
2026.02.16 11:07:02 INFO  Progress (1): 32/79 kB
2026.02.16 11:07:02 INFO  Progress (1): 48/79 kB
2026.02.16 11:07:02 INFO  Progress (1): 65/79 kB
2026.02.16 11:07:02 INFO  Progress (1): 79 kB   
2026.02.16 11:07:02 INFO                     
2026.02.16 11:07:02 INFO  Downloaded from central: https://repo.maven.apache.org/maven2/org/codehaus/plexus/plexus-io/3.4.0/plexus-io-3.4.0.jar (79 kB at 678 kB/s)
2026.02.16 11:07:02 INFO  Downloading from central: https://repo.maven.apache.org/maven2/com/github/luben/zstd-jni/1.5.2-5/zstd-jni-1.5.2-5.jar
2026.02.16 11:07:02 INFO  Progress (1): 3.8/267 kB
2026.02.16 11:07:02 INFO  Progress (1): 8.0/267 kB
2026.02.16 11:07:02 INFO  Progress (1): 12/267 kB 
2026.02.16 11:07:02 INFO  Progress (1): 16/267 kB
2026.02.16 11:07:02 INFO  Progress (1): 21/267 kB
2026.02.16 11:07:02 INFO  Progress (1): 24/267 kB
2026.02.16 11:07:02 INFO  Progress (2): 24/267 kB | 0.9/54 kB
2026.02.16 11:07:02 INFO  Progress (2): 28/267 kB | 0.9/54 kB
2026.02.16 11:07:02 INFO  Progress (2): 33/267 kB | 0.9/54 kB
2026.02.16 11:07:02 INFO  Progress (2): 37/267 kB | 0.9/54 kB
2026.02.16 11:07:02 INFO  Progress (2): 41/267 kB | 0.9/54 kB
2026.02.16 11:07:02 INFO  Progress (2): 41/267 kB | 2.3/54 kB
2026.02.16 11:07:02 INFO  Progress (2): 45/267 kB | 2.3/54 kB
2026.02.16 11:07:02 INFO  Progress (2): 45/267 kB | 3.7/54 kB
2026.02.16 11:07:02 INFO  Progress (2): 45/267 kB | 5.0/54 kB
2026.02.16 11:07:02 INFO  Progress (2): 45/267 kB | 6.4/54 kB
2026.02.16 11:07:02 INFO  Progress (2): 45/267 kB | 7.8/54 kB
2026.02.16 11:07:02 INFO  Progress (2): 45/267 kB | 9.1/54 kB
2026.02.16 11:07:02 INFO  Progress (2): 45/267 kB | 11/54 kB 
2026.02.16 11:07:02 INFO  Progress (2): 45/267 kB | 12/54 kB
2026.02.16 11:07:02 INFO  Progress (2): 45/267 kB | 13/54 kB
2026.02.16 11:07:02 INFO  Progress (2): 45/267 kB | 15/54 kB
2026.02.16 11:07:02 INFO  Progress (2): 45/267 kB | 16/54 kB
2026.02.16 11:07:02 INFO  Progress (2): 45/267 kB | 17/54 kB
2026.02.16 11:07:02 INFO  Progress (2): 45/267 kB | 19/54 kB
2026.02.16 11:07:02 INFO  Progress (2): 45/267 kB | 20/54 kB
2026.02.16 11:07:02 INFO  Progress (2): 45/267 kB | 21/54 kB
2026.02.16 11:07:02 INFO  Progress (2): 45/267 kB | 23/54 kB
2026.02.16 11:07:02 INFO  Progress (2): 45/267 kB | 24/54 kB
2026.02.16 11:07:02 INFO  Progress (2): 45/267 kB | 26/54 kB
2026.02.16 11:07:02 INFO  Progress (2): 45/267 kB | 27/54 kB
2026.02.16 11:07:02 INFO  Progress (2): 45/267 kB | 28/54 kB
2026.02.16 11:07:02 INFO  Progress (2): 45/267 kB | 30/54 kB
2026.02.16 11:07:02 INFO  Progress (2): 45/267 kB | 31/54 kB
2026.02.16 11:07:02 INFO  Progress (2): 45/267 kB | 32/54 kB
2026.02.16 11:07:02 INFO  Progress (2): 45/267 kB | 34/54 kB
2026.02.16 11:07:02 INFO  Progress (2): 45/267 kB | 35/54 kB
2026.02.16 11:07:02 INFO  Progress (2): 45/267 kB | 37/54 kB
2026.02.16 11:07:02 INFO  Progress (2): 45/267 kB | 38/54 kB
2026.02.16 11:07:02 INFO  Progress (2): 45/267 kB | 39/54 kB
2026.02.16 11:07:02 INFO  Progress (2): 45/267 kB | 41/54 kB
2026.02.16 11:07:02 INFO  Progress (2): 45/267 kB | 45/54 kB
2026.02.16 11:07:02 INFO  Progress (2): 45/267 kB | 49/54 kB
2026.02.16 11:07:02 INFO  Progress (2): 45/267 kB | 53/54 kB
2026.02.16 11:07:02 INFO  Progress (2): 45/267 kB | 54 kB   
2026.02.16 11:07:02 INFO                                 
2026.02.16 11:07:02 INFO  Downloaded from central: https://repo.maven.apache.org/maven2/org/apache/commons/commons-exec/1.3/commons-exec-1.3.jar (54 kB at 318 kB/s)
2026.02.16 11:07:02 INFO  Downloading from central: https://repo.maven.apache.org/maven2/org/codehaus/plexus/plexus-classworlds/2.7.0/plexus-classworlds-2.7.0.jar
2026.02.16 11:07:02 INFO  Progress (1): 50/267 kB
2026.02.16 11:07:02 INFO  Progress (1): 54/267 kB
2026.02.16 11:07:02 INFO  Progress (1): 58/267 kB
2026.02.16 11:07:02 INFO  Progress (1): 62/267 kB
2026.02.16 11:07:02 INFO  Progress (1): 66/267 kB
2026.02.16 11:07:02 INFO  Progress (1): 71/267 kB
2026.02.16 11:07:02 INFO  Progress (1): 75/267 kB
2026.02.16 11:07:02 INFO  Progress (1): 79/267 kB
2026.02.16 11:07:02 INFO  Progress (1): 83/267 kB
2026.02.16 11:07:02 INFO  Progress (1): 88/267 kB
2026.02.16 11:07:02 INFO  Progress (1): 92/267 kB
2026.02.16 11:07:02 INFO  Progress (1): 96/267 kB
2026.02.16 11:07:02 INFO  Progress (1): 100/267 kB
2026.02.16 11:07:02 INFO  Progress (1): 104/267 kB
2026.02.16 11:07:02 INFO  Progress (1): 109/267 kB
2026.02.16 11:07:02 INFO  Progress (1): 113/267 kB
2026.02.16 11:07:02 INFO  Progress (1): 117/267 kB
2026.02.16 11:07:02 INFO  Progress (1): 121/267 kB
2026.02.16 11:07:02 INFO  Progress (1): 126/267 kB
2026.02.16 11:07:02 INFO  Progress (1): 130/267 kB
2026.02.16 11:07:02 INFO  Progress (1): 134/267 kB
2026.02.16 11:07:02 INFO  Progress (1): 138/267 kB
2026.02.16 11:07:02 INFO  Progress (1): 143/267 kB
2026.02.16 11:07:02 INFO  Progress (1): 147/267 kB
2026.02.16 11:07:02 INFO  Progress (1): 151/267 kB
2026.02.16 11:07:02 INFO  Progress (1): 155/267 kB
2026.02.16 11:07:02 INFO  Progress (1): 172/267 kB
2026.02.16 11:07:02 INFO  Progress (1): 188/267 kB
2026.02.16 11:07:02 INFO  Progress (1): 204/267 kB
2026.02.16 11:07:02 INFO  Progress (1): 221/267 kB
2026.02.16 11:07:02 INFO  Progress (1): 237/267 kB
2026.02.16 11:07:02 INFO  Progress (1): 254/267 kB
2026.02.16 11:07:02 INFO  Progress (1): 267 kB    
2026.02.16 11:07:02 INFO                      
2026.02.16 11:07:02 INFO  Downloaded from central: https://repo.maven.apache.org/maven2/org/codehaus/plexus/plexus-utils/3.5.0/plexus-utils-3.5.0.jar (267 kB at 1.4 MB/s)
2026.02.16 11:07:02 INFO  Progress (1): 0/6.3 MB
2026.02.16 11:07:02 INFO  Progress (1): 0/6.3 MB
2026.02.16 11:07:02 INFO                        
2026.02.16 11:07:02 INFO  Downloading from central: https://repo.maven.apache.org/maven2/org/scala-sbt/zinc_2.13/1.8.0/zinc_2.13-1.8.0.jar
2026.02.16 11:07:02 INFO  Progress (1): 0/6.3 MB
2026.02.16 11:07:02 INFO  Progress (1): 0/6.3 MB
2026.02.16 11:07:02 INFO  Progress (1): 0.1/6.3 MB
2026.02.16 11:07:02 INFO  Progress (1): 0.1/6.3 MB
2026.02.16 11:07:02 INFO  Progress (1): 0.1/6.3 MB
2026.02.16 11:07:02 INFO  Progress (1): 0.1/6.3 MB
2026.02.16 11:07:02 INFO  Progress (1): 0.1/6.3 MB
2026.02.16 11:07:02 INFO  Progress (1): 0.1/6.3 MB
2026.02.16 11:07:02 INFO  Progress (1): 0.1/6.3 MB
2026.02.16 11:07:02 INFO  Progress (1): 0.1/6.3 MB
2026.02.16 11:07:02 INFO  Progress (1): 0.2/6.3 MB
2026.02.16 11:07:02 INFO  Progress (1): 0.2/6.3 MB
2026.02.16 11:07:02 INFO  Progress (1): 0.2/6.3 MB
2026.02.16 11:07:02 INFO  Progress (2): 0.2/6.3 MB | 0/1.0 MB
2026.02.16 11:07:02 INFO  Progress (2): 0.2/6.3 MB | 0/1.0 MB
2026.02.16 11:07:02 INFO  Progress (2): 0.2/6.3 MB | 0/1.0 MB
2026.02.16 11:07:02 INFO  Progress (2): 0.2/6.3 MB | 0/1.0 MB
2026.02.16 11:07:02 INFO  Progress (2): 0.3/6.3 MB | 0/1.0 MB
2026.02.16 11:07:02 INFO  Progress (2): 0.3/6.3 MB | 0/1.0 MB
2026.02.16 11:07:02 INFO  Progress (2): 0.3/6.3 MB | 0/1.0 MB
2026.02.16 11:07:02 INFO  Progress (2): 0.3/6.3 MB | 0/1.0 MB
2026.02.16 11:07:02 INFO  Progress (2): 0.3/6.3 MB | 0/1.0 MB
2026.02.16 11:07:02 INFO  Progress (2): 0.3/6.3 MB | 0/1.0 MB
2026.02.16 11:07:02 INFO  Progress (2): 0.4/6.3 MB | 0/1.0 MB
2026.02.16 11:07:02 INFO  Progress (2): 0.4/6.3 MB | 0/1.0 MB
2026.02.16 11:07:02 INFO  Progress (2): 0.4/6.3 MB | 0/1.0 MB
2026.02.16 11:07:02 INFO  Progress (2): 0.4/6.3 MB | 0/1.0 MB
2026.02.16 11:07:02 INFO  Progress (2): 0.4/6.3 MB | 0/1.0 MB
2026.02.16 11:07:02 INFO  Progress (2): 0.4/6.3 MB | 0/1.0 MB
2026.02.16 11:07:02 INFO  Progress (2): 0.4/6.3 MB | 0/1.0 MB
2026.02.16 11:07:02 INFO  Progress (2): 0.5/6.3 MB | 0/1.0 MB
2026.02.16 11:07:02 INFO  Progress (2): 0.5/6.3 MB | 0/1.0 MB
2026.02.16 11:07:02 INFO  Progress (2): 0.5/6.3 MB | 0/1.0 MB
2026.02.16 11:07:02 INFO  Progress (2): 0.5/6.3 MB | 0/1.0 MB
2026.02.16 11:07:02 INFO  Progress (2): 0.5/6.3 MB | 0/1.0 MB
2026.02.16 11:07:02 INFO  Progress (2): 0.5/6.3 MB | 0/1.0 MB
2026.02.16 11:07:02 INFO  Progress (2): 0.5/6.3 MB | 0/1.0 MB
2026.02.16 11:07:02 INFO  Progress (2): 0.6/6.3 MB | 0/1.0 MB
2026.02.16 11:07:02 INFO  Progress (2): 0.6/6.3 MB | 0/1.0 MB
2026.02.16 11:07:02 INFO  Progress (2): 0.6/6.3 MB | 0/1.0 MB
2026.02.16 11:07:02 INFO  Progress (2): 0.6/6.3 MB | 0/1.0 MB
2026.02.16 11:07:02 INFO  Progress (2): 0.6/6.3 MB | 0/1.0 MB
2026.02.16 11:07:02 INFO  Progress (2): 0.6/6.3 MB | 0/1.0 MB
2026.02.16 11:07:02 INFO  Progress (2): 0.7/6.3 MB | 0/1.0 MB
2026.02.16 11:07:02 INFO  Progress (2): 0.7/6.3 MB | 0/1.0 MB
2026.02.16 11:07:02 INFO  Progress (2): 0.7/6.3 MB | 0/1.0 MB
2026.02.16 11:07:02 INFO  Progress (2): 0.7/6.3 MB | 0/1.0 MB
2026.02.16 11:07:02 INFO  Progress (2): 0.7/6.3 MB | 0/1.0 MB
2026.02.16 11:07:02 INFO  Progress (2): 0.7/6.3 MB | 0/1.0 MB
2026.02.16 11:07:02 INFO  Progress (2): 0.7/6.3 MB | 0/1.0 MB
2026.02.16 11:07:02 INFO  Progress (2): 0.8/6.3 MB | 0/1.0 MB
2026.02.16 11:07:02 INFO  Progress (2): 0.8/6.3 MB | 0/1.0 MB
2026.02.16 11:07:02 INFO  Progress (2): 0.8/6.3 MB | 0/1.0 MB
2026.02.16 11:07:02 INFO  Progress (2): 0.8/6.3 MB | 0/1.0 MB
2026.02.16 11:07:02 INFO  Progress (2): 0.8/6.3 MB | 0/1.0 MB
2026.02.16 11:07:02 INFO  Progress (2): 0.8/6.3 MB | 0/1.0 MB
2026.02.16 11:07:02 INFO  Progress (2): 0.8/6.3 MB | 0/1.0 MB
2026.02.16 11:07:02 INFO  Progress (3): 0.8/6.3 MB | 0/1.0 MB | 3.8/216 kB
2026.02.16 11:07:02 INFO  Progress (3): 0.9/6.3 MB | 0/1.0 MB | 3.8/216 kB
2026.02.16 11:07:02 INFO  Progress (3): 0.9/6.3 MB | 0/1.0 MB | 8.0/216 kB
2026.02.16 11:07:02 INFO  Progress (3): 0.9/6.3 MB | 0/1.0 MB | 8.0/216 kB
2026.02.16 11:07:02 INFO  Progress (3): 0.9/6.3 MB | 0/1.0 MB | 8.0/216 kB
2026.02.16 11:07:02 INFO  Progress (3): 0.9/6.3 MB | 0/1.0 MB | 8.0/216 kB
2026.02.16 11:07:02 INFO  Progress (3): 0.9/6.3 MB | 0/1.0 MB | 8.0/216 kB
2026.02.16 11:07:02 INFO  Progress (3): 0.9/6.3 MB | 0/1.0 MB | 8.0/216 kB
2026.02.16 11:07:02 INFO  Progress (3): 0.9/6.3 MB | 0/1.0 MB | 8.0/216 kB
2026.02.16 11:07:02 INFO  Progress (3): 1.0/6.3 MB | 0/1.0 MB | 8.0/216 kB
2026.02.16 11:07:02 INFO  Progress (3): 1.0/6.3 MB | 0/1.0 MB | 8.0/216 kB
2026.02.16 11:07:02 INFO  Progress (3): 1.0/6.3 MB | 0/1.0 MB | 8.0/216 kB
2026.02.16 11:07:02 INFO  Progress (3): 1.0/6.3 MB | 0/1.0 MB | 8.0/216 kB
2026.02.16 11:07:02 INFO  Progress (3): 1.0/6.3 MB | 0/1.0 MB | 8.0/216 kB
2026.02.16 11:07:02 INFO  Progress (3): 1.0/6.3 MB | 0/1.0 MB | 8.0/216 kB
2026.02.16 11:07:02 INFO  Progress (3): 1.0/6.3 MB | 0/1.0 MB | 8.0/216 kB
2026.02.16 11:07:02 INFO  Progress (3): 1.1/6.3 MB | 0/1.0 MB | 8.0/216 kB
2026.02.16 11:07:02 INFO  Progress (3): 1.1/6.3 MB | 0/1.0 MB | 8.0/216 kB
2026.02.16 11:07:02 INFO  Progress (3): 1.1/6.3 MB | 0/1.0 MB | 8.0/216 kB
2026.02.16 11:07:02 INFO  Progress (3): 1.1/6.3 MB | 0/1.0 MB | 8.0/216 kB
2026.02.16 11:07:02 INFO  Progress (3): 1.1/6.3 MB | 0/1.0 MB | 8.0/216 kB
2026.02.16 11:07:02 INFO  Progress (3): 1.1/6.3 MB | 0/1.0 MB | 8.0/216 kB
2026.02.16 11:07:02 INFO  Progress (3): 1.2/6.3 MB | 0/1.0 MB | 8.0/216 kB
2026.02.16 11:07:02 INFO  Progress (3): 1.2/6.3 MB | 0/1.0 MB | 8.0/216 kB
2026.02.16 11:07:02 INFO  Progress (3): 1.2/6.3 MB | 0/1.0 MB | 8.0/216 kB
2026.02.16 11:07:02 INFO  Progress (3): 1.2/6.3 MB | 0/1.0 MB | 8.0/216 kB
2026.02.16 11:07:02 INFO  Progress (3): 1.2/6.3 MB | 0/1.0 MB | 8.0/216 kB
2026.02.16 11:07:02 INFO  Progress (3): 1.2/6.3 MB | 0/1.0 MB | 8.0/216 kB
2026.02.16 11:07:02 INFO  Progress (3): 1.3/6.3 MB | 0/1.0 MB | 8.0/216 kB
2026.02.16 11:07:02 INFO  Progress (3): 1.3/6.3 MB | 0/1.0 MB | 8.0/216 kB
2026.02.16 11:07:02 INFO  Progress (3): 1.3/6.3 MB | 0/1.0 MB | 8.0/216 kB
2026.02.16 11:07:02 INFO  Progress (3): 1.3/6.3 MB | 0/1.0 MB | 8.0/216 kB
2026.02.16 11:07:02 INFO  Progress (3): 1.3/6.3 MB | 0/1.0 MB | 8.0/216 kB
2026.02.16 11:07:02 INFO  Progress (3): 1.3/6.3 MB | 0/1.0 MB | 8.0/216 kB
2026.02.16 11:07:02 INFO  Progress (3): 1.4/6.3 MB | 0/1.0 MB | 8.0/216 kB
2026.02.16 11:07:02 INFO  Progress (3): 1.4/6.3 MB | 0/1.0 MB | 8.0/216 kB
2026.02.16 11:07:02 INFO  Progress (3): 1.4/6.3 MB | 0/1.0 MB | 8.0/216 kB
2026.02.16 11:07:02 INFO  Progress (3): 1.4/6.3 MB | 0/1.0 MB | 8.0/216 kB
2026.02.16 11:07:02 INFO  Progress (3): 1.4/6.3 MB | 0/1.0 MB | 8.0/216 kB
2026.02.16 11:07:02 INFO  Progress (3): 1.4/6.3 MB | 0/1.0 MB | 8.0/216 kB
2026.02.16 11:07:02 INFO  Progress (3): 1.4/6.3 MB | 0/1.0 MB | 8.0/216 kB
2026.02.16 11:07:02 INFO  Progress (3): 1.5/6.3 MB | 0/1.0 MB | 8.0/216 kB
2026.02.16 11:07:02 INFO  Progress (3): 1.5/6.3 MB | 0/1.0 MB | 8.0/216 kB
2026.02.16 11:07:02 INFO  Progress (3): 1.5/6.3 MB | 0/1.0 MB | 8.0/216 kB
2026.02.16 11:07:02 INFO  Progress (3): 1.5/6.3 MB | 0/1.0 MB | 8.0/216 kB
2026.02.16 11:07:02 INFO  Progress (3): 1.5/6.3 MB | 0/1.0 MB | 8.0/216 kB
2026.02.16 11:07:02 INFO  Progress (3): 1.5/6.3 MB | 0/1.0 MB | 8.0/216 kB
2026.02.16 11:07:02 INFO  Progress (4): 1.5/6.3 MB | 0/1.0 MB | 8.0/216 kB | 3.8/53 kB
2026.02.16 11:07:02 INFO  Progress (4): 1.6/6.3 MB | 0/1.0 MB | 8.0/216 kB | 3.8/53 kB
2026.02.16 11:07:02 INFO  Progress (4): 1.6/6.3 MB | 0/1.0 MB | 8.0/216 kB | 8.0/53 kB
2026.02.16 11:07:02 INFO  Progress (4): 1.6/6.3 MB | 0/1.0 MB | 8.0/216 kB | 12/53 kB 
2026.02.16 11:07:02 INFO  Progress (4): 1.6/6.3 MB | 0/1.0 MB | 8.0/216 kB | 12/53 kB
2026.02.16 11:07:02 INFO  Progress (4): 1.6/6.3 MB | 0/1.0 MB | 8.0/216 kB | 12/53 kB
2026.02.16 11:07:02 INFO  Progress (4): 1.6/6.3 MB | 0/1.0 MB | 8.0/216 kB | 17/53 kB
2026.02.16 11:07:02 INFO  Progress (4): 1.6/6.3 MB | 0/1.0 MB | 8.0/216 kB | 21/53 kB
2026.02.16 11:07:02 INFO  Progress (4): 1.6/6.3 MB | 0/1.0 MB | 8.0/216 kB | 25/53 kB
2026.02.16 11:07:02 INFO  Progress (4): 1.6/6.3 MB | 0/1.0 MB | 8.0/216 kB | 25/53 kB
2026.02.16 11:07:02 INFO  Progress (4): 1.6/6.3 MB | 0/1.0 MB | 8.0/216 kB | 29/53 kB
2026.02.16 11:07:02 INFO  Progress (4): 1.6/6.3 MB | 0/1.0 MB | 8.0/216 kB | 33/53 kB
2026.02.16 11:07:02 INFO  Progress (4): 1.6/6.3 MB | 0/1.0 MB | 8.0/216 kB | 33/53 kB
2026.02.16 11:07:02 INFO  Progress (4): 1.6/6.3 MB | 0/1.0 MB | 8.0/216 kB | 33/53 kB
2026.02.16 11:07:02 INFO  Progress (4): 1.6/6.3 MB | 0/1.0 MB | 8.0/216 kB | 33/53 kB
2026.02.16 11:07:02 INFO  Progress (4): 1.7/6.3 MB | 0/1.0 MB | 8.0/216 kB | 33/53 kB
2026.02.16 11:07:02 INFO  Progress (4): 1.7/6.3 MB | 0/1.0 MB | 8.0/216 kB | 33/53 kB
2026.02.16 11:07:02 INFO  Progress (4): 1.7/6.3 MB | 0/1.0 MB | 8.0/216 kB | 33/53 kB
2026.02.16 11:07:02 INFO  Progress (4): 1.7/6.3 MB | 0/1.0 MB | 8.0/216 kB | 33/53 kB
2026.02.16 11:07:02 INFO  Progress (4): 1.7/6.3 MB | 0/1.0 MB | 8.0/216 kB | 33/53 kB
2026.02.16 11:07:02 INFO  Progress (4): 1.7/6.3 MB | 0/1.0 MB | 8.0/216 kB | 33/53 kB
2026.02.16 11:07:02 INFO  Progress (4): 1.8/6.3 MB | 0/1.0 MB | 8.0/216 kB | 33/53 kB
2026.02.16 11:07:02 INFO  Progress (4): 1.8/6.3 MB | 0/1.0 MB | 8.0/216 kB | 33/53 kB
2026.02.16 11:07:02 INFO  Progress (4): 1.8/6.3 MB | 0/1.0 MB | 8.0/216 kB | 33/53 kB
2026.02.16 11:07:02 INFO  Progress (4): 1.8/6.3 MB | 0/1.0 MB | 8.0/216 kB | 33/53 kB
2026.02.16 11:07:02 INFO  Progress (4): 1.8/6.3 MB | 0/1.0 MB | 8.0/216 kB | 33/53 kB
2026.02.16 11:07:02 INFO  Progress (4): 1.8/6.3 MB | 0/1.0 MB | 8.0/216 kB | 33/53 kB
2026.02.16 11:07:02 INFO  Progress (4): 1.9/6.3 MB | 0/1.0 MB | 8.0/216 kB | 33/53 kB
2026.02.16 11:07:02 INFO  Progress (4): 1.9/6.3 MB | 0/1.0 MB | 8.0/216 kB | 33/53 kB
2026.02.16 11:07:02 INFO  Progress (4): 1.9/6.3 MB | 0/1.0 MB | 8.0/216 kB | 33/53 kB
2026.02.16 11:07:02 INFO  Progress (4): 1.9/6.3 MB | 0/1.0 MB | 8.0/216 kB | 33/53 kB
2026.02.16 11:07:02 INFO  Progress (4): 1.9/6.3 MB | 0/1.0 MB | 8.0/216 kB | 33/53 kB
2026.02.16 11:07:02 INFO  Progress (4): 1.9/6.3 MB | 0/1.0 MB | 8.0/216 kB | 33/53 kB
2026.02.16 11:07:02 INFO  Progress (4): 1.9/6.3 MB | 0/1.0 MB | 8.0/216 kB | 33/53 kB
2026.02.16 11:07:02 INFO  Progress (4): 2.0/6.3 MB | 0/1.0 MB | 8.0/216 kB | 33/53 kB
2026.02.16 11:07:02 INFO  Progress (4): 2.0/6.3 MB | 0/1.0 MB | 8.0/216 kB | 33/53 kB
2026.02.16 11:07:02 INFO  Progress (4): 2.0/6.3 MB | 0/1.0 MB | 8.0/216 kB | 33/53 kB
2026.02.16 11:07:02 INFO  Progress (4): 2.0/6.3 MB | 0/1.0 MB | 8.0/216 kB | 33/53 kB
2026.02.16 11:07:02 INFO  Progress (4): 2.0/6.3 MB | 0/1.0 MB | 8.0/216 kB | 33/53 kB
2026.02.16 11:07:02 INFO  Progress (4): 2.0/6.3 MB | 0/1.0 MB | 8.0/216 kB | 33/53 kB
2026.02.16 11:07:02 INFO  Progress (4): 2.1/6.3 MB | 0/1.0 MB | 8.0/216 kB | 33/53 kB
2026.02.16 11:07:02 INFO  Progress (4): 2.1/6.3 MB | 0/1.0 MB | 8.0/216 kB | 33/53 kB
2026.02.16 11:07:02 INFO  Progress (4): 2.1/6.3 MB | 0/1.0 MB | 8.0/216 kB | 33/53 kB
2026.02.16 11:07:02 INFO  Progress (4): 2.1/6.3 MB | 0/1.0 MB | 8.0/216 kB | 33/53 kB
2026.02.16 11:07:02 INFO  Progress (4): 2.1/6.3 MB | 0/1.0 MB | 8.0/216 kB | 33/53 kB
2026.02.16 11:07:02 INFO  Progress (4): 2.1/6.3 MB | 0/1.0 MB | 8.0/216 kB | 33/53 kB
2026.02.16 11:07:02 INFO  Progress (4): 2.2/6.3 MB | 0/1.0 MB | 8.0/216 kB | 33/53 kB
2026.02.16 11:07:02 INFO  Progress (4): 2.2/6.3 MB | 0/1.0 MB | 8.0/216 kB | 33/53 kB
2026.02.16 11:07:02 INFO  Progress (4): 2.2/6.3 MB | 0/1.0 MB | 8.0/216 kB | 33/53 kB
2026.02.16 11:07:02 INFO  Progress (4): 2.2/6.3 MB | 0/1.0 MB | 8.0/216 kB | 33/53 kB
2026.02.16 11:07:02 INFO  Progress (4): 2.2/6.3 MB | 0/1.0 MB | 8.0/216 kB | 33/53 kB
2026.02.16 11:07:02 INFO  Progress (4): 2.2/6.3 MB | 0/1.0 MB | 8.0/216 kB | 33/53 kB
2026.02.16 11:07:02 INFO  Progress (4): 2.2/6.3 MB | 0/1.0 MB | 8.0/216 kB | 33/53 kB
2026.02.16 11:07:02 INFO  Progress (4): 2.2/6.3 MB | 0/1.0 MB | 8.0/216 kB | 33/53 kB
2026.02.16 11:07:02 INFO  Progress (4): 2.3/6.3 MB | 0/1.0 MB | 8.0/216 kB | 33/53 kB
2026.02.16 11:07:02 INFO  Progress (4): 2.3/6.3 MB | 0/1.0 MB | 8.0/216 kB | 33/53 kB
2026.02.16 11:07:02 INFO  Progress (4): 2.3/6.3 MB | 0/1.0 MB | 8.0/216 kB | 33/53 kB
2026.02.16 11:07:02 INFO  Progress (4): 2.3/6.3 MB | 0/1.0 MB | 8.0/216 kB | 33/53 kB
2026.02.16 11:07:02 INFO  Progress (4): 2.3/6.3 MB | 0/1.0 MB | 8.0/216 kB | 33/53 kB
2026.02.16 11:07:02 INFO  Progress (4): 2.3/6.3 MB | 0/1.0 MB | 8.0/216 kB | 33/53 kB
2026.02.16 11:07:02 INFO  Progress (4): 2.4/6.3 MB | 0/1.0 MB | 8.0/216 kB | 33/53 kB
2026.02.16 11:07:02 INFO  Progress (4): 2.4/6.3 MB | 0/1.0 MB | 8.0/216 kB | 33/53 kB
2026.02.16 11:07:02 INFO  Progress (4): 2.4/6.3 MB | 0/1.0 MB | 8.0/216 kB | 33/53 kB
2026.02.16 11:07:02 INFO  Progress (4): 2.4/6.3 MB | 0/1.0 MB | 8.0/216 kB | 33/53 kB
2026.02.16 11:07:02 INFO  Progress (4): 2.4/6.3 MB | 0/1.0 MB | 8.0/216 kB | 33/53 kB
2026.02.16 11:07:02 INFO  Progress (4): 2.4/6.3 MB | 0/1.0 MB | 8.0/216 kB | 33/53 kB
2026.02.16 11:07:02 INFO  Progress (4): 2.5/6.3 MB | 0/1.0 MB | 8.0/216 kB | 33/53 kB
2026.02.16 11:07:02 INFO  Progress (4): 2.5/6.3 MB | 0/1.0 MB | 8.0/216 kB | 33/53 kB
2026.02.16 11:07:02 INFO  Progress (4): 2.5/6.3 MB | 0/1.0 MB | 8.0/216 kB | 33/53 kB
2026.02.16 11:07:02 INFO  Progress (4): 2.5/6.3 MB | 0/1.0 MB | 8.0/216 kB | 33/53 kB
2026.02.16 11:07:02 INFO  Progress (4): 2.5/6.3 MB | 0/1.0 MB | 8.0/216 kB | 33/53 kB
2026.02.16 11:07:02 INFO  Progress (4): 2.5/6.3 MB | 0/1.0 MB | 8.0/216 kB | 33/53 kB
2026.02.16 11:07:02 INFO  Progress (4): 2.6/6.3 MB | 0/1.0 MB | 8.0/216 kB | 33/53 kB
2026.02.16 11:07:02 INFO  Progress (4): 2.6/6.3 MB | 0/1.0 MB | 8.0/216 kB | 33/53 kB
2026.02.16 11:07:02 INFO  Progress (4): 2.6/6.3 MB | 0/1.0 MB | 8.0/216 kB | 33/53 kB
2026.02.16 11:07:02 INFO  Progress (4): 2.6/6.3 MB | 0/1.0 MB | 8.0/216 kB | 33/53 kB
2026.02.16 11:07:02 INFO  Progress (4): 2.6/6.3 MB | 0/1.0 MB | 8.0/216 kB | 33/53 kB
2026.02.16 11:07:02 INFO  Progress (4): 2.6/6.3 MB | 0/1.0 MB | 8.0/216 kB | 33/53 kB
2026.02.16 11:07:02 INFO  Progress (4): 2.7/6.3 MB | 0/1.0 MB | 8.0/216 kB | 33/53 kB
2026.02.16 11:07:02 INFO  Progress (4): 2.7/6.3 MB | 0/1.0 MB | 8.0/216 kB | 33/53 kB
2026.02.16 11:07:02 INFO  Progress (4): 2.7/6.3 MB | 0/1.0 MB | 8.0/216 kB | 33/53 kB
2026.02.16 11:07:02 INFO  Progress (4): 2.7/6.3 MB | 0/1.0 MB | 8.0/216 kB | 33/53 kB
2026.02.16 11:07:02 INFO  Progress (4): 2.7/6.3 MB | 0/1.0 MB | 8.0/216 kB | 33/53 kB
2026.02.16 11:07:02 INFO  Progress (4): 2.7/6.3 MB | 0/1.0 MB | 8.0/216 kB | 33/53 kB
2026.02.16 11:07:02 INFO  Progress (4): 2.8/6.3 MB | 0/1.0 MB | 8.0/216 kB | 33/53 kB
2026.02.16 11:07:02 INFO  Progress (4): 2.8/6.3 MB | 0/1.0 MB | 8.0/216 kB | 33/53 kB
2026.02.16 11:07:02 INFO  Progress (4): 2.8/6.3 MB | 0/1.0 MB | 8.0/216 kB | 33/53 kB
2026.02.16 11:07:02 INFO  Progress (4): 2.8/6.3 MB | 0/1.0 MB | 12/216 kB | 33/53 kB 
2026.02.16 11:07:02 INFO  Progress (4): 2.8/6.3 MB | 0/1.0 MB | 12/216 kB | 33/53 kB
2026.02.16 11:07:02 INFO  Progress (4): 2.8/6.3 MB | 0/1.0 MB | 12/216 kB | 33/53 kB
2026.02.16 11:07:02 INFO  Progress (4): 2.8/6.3 MB | 0/1.0 MB | 12/216 kB | 33/53 kB
2026.02.16 11:07:02 INFO  Progress (4): 2.8/6.3 MB | 0/1.0 MB | 16/216 kB | 33/53 kB
2026.02.16 11:07:02 INFO  Progress (4): 2.9/6.3 MB | 0/1.0 MB | 16/216 kB | 33/53 kB
2026.02.16 11:07:02 INFO  Progress (4): 2.9/6.3 MB | 0/1.0 MB | 16/216 kB | 33/53 kB
2026.02.16 11:07:02 INFO  Progress (4): 2.9/6.3 MB | 0/1.0 MB | 16/216 kB | 33/53 kB
2026.02.16 11:07:02 INFO  Progress (4): 2.9/6.3 MB | 0/1.0 MB | 16/216 kB | 33/53 kB
2026.02.16 11:07:02 INFO  Progress (4): 2.9/6.3 MB | 0/1.0 MB | 16/216 kB | 33/53 kB
2026.02.16 11:07:02 INFO  Progress (4): 2.9/6.3 MB | 0/1.0 MB | 16/216 kB | 33/53 kB
2026.02.16 11:07:02 INFO  Progress (4): 2.9/6.3 MB | 0/1.0 MB | 16/216 kB | 33/53 kB
2026.02.16 11:07:02 INFO  Progress (4): 3.0/6.3 MB | 0/1.0 MB | 16/216 kB | 33/53 kB
2026.02.16 11:07:02 INFO  Progress (4): 3.0/6.3 MB | 0/1.0 MB | 16/216 kB | 33/53 kB
2026.02.16 11:07:02 INFO  Progress (4): 3.0/6.3 MB | 0/1.0 MB | 16/216 kB | 33/53 kB
2026.02.16 11:07:02 INFO  Progress (5): 3.0/6.3 MB | 0/1.0 MB | 16/216 kB | 33/53 kB | 7.7/85 kB
2026.02.16 11:07:02 INFO  Progress (5): 3.0/6.3 MB | 0/1.0 MB | 16/216 kB | 33/53 kB | 16/85 kB 
2026.02.16 11:07:02 INFO  Progress (5): 3.0/6.3 MB | 0/1.0 MB | 16/216 kB | 33/53 kB | 32/85 kB
2026.02.16 11:07:02 INFO  Progress (5): 3.0/6.3 MB | 0/1.0 MB | 16/216 kB | 33/53 kB | 49/85 kB
2026.02.16 11:07:02 INFO  Progress (5): 3.0/6.3 MB | 0/1.0 MB | 16/216 kB | 33/53 kB | 65/85 kB
2026.02.16 11:07:02 INFO  Progress (5): 3.0/6.3 MB | 0/1.0 MB | 16/216 kB | 33/53 kB | 81/85 kB
2026.02.16 11:07:02 INFO  Progress (5): 3.0/6.3 MB | 0/1.0 MB | 16/216 kB | 33/53 kB | 85 kB   
2026.02.16 11:07:02 INFO                                                                    
2026.02.16 11:07:02 INFO  Downloaded from central: https://repo.maven.apache.org/maven2/org/scala-sbt/zinc_2.13/1.8.0/zinc_2.13-1.8.0.jar (85 kB at 365 kB/s)
2026.02.16 11:07:02 INFO  Downloading from central: https://repo.maven.apache.org/maven2/org/scala-sbt/zinc-core_2.13/1.8.0/zinc-core_2.13-1.8.0.jar
2026.02.16 11:07:02 INFO  Progress (4): 3.0/6.3 MB | 0/1.0 MB | 16/216 kB | 33/53 kB
2026.02.16 11:07:02 INFO  Progress (4): 3.0/6.3 MB | 0/1.0 MB | 16/216 kB | 33/53 kB
2026.02.16 11:07:02 INFO  Progress (4): 3.0/6.3 MB | 0/1.0 MB | 16/216 kB | 33/53 kB
2026.02.16 11:07:02 INFO  Progress (4): 3.1/6.3 MB | 0/1.0 MB | 16/216 kB | 33/53 kB
2026.02.16 11:07:02 INFO  Progress (4): 3.1/6.3 MB | 0/1.0 MB | 16/216 kB | 33/53 kB
2026.02.16 11:07:02 INFO  Progress (4): 3.1/6.3 MB | 0/1.0 MB | 16/216 kB | 33/53 kB
2026.02.16 11:07:02 INFO  Progress (4): 3.1/6.3 MB | 0/1.0 MB | 16/216 kB | 33/53 kB
2026.02.16 11:07:02 INFO  Progress (4): 3.1/6.3 MB | 0/1.0 MB | 16/216 kB | 33/53 kB
2026.02.16 11:07:02 INFO  Progress (4): 3.1/6.3 MB | 0/1.0 MB | 16/216 kB | 33/53 kB
2026.02.16 11:07:02 INFO  Progress (4): 3.1/6.3 MB | 0/1.0 MB | 16/216 kB | 33/53 kB
2026.02.16 11:07:02 INFO  Progress (4): 3.2/6.3 MB | 0/1.0 MB | 16/216 kB | 33/53 kB
2026.02.16 11:07:02 INFO  Progress (4): 3.2/6.3 MB | 0/1.0 MB | 16/216 kB | 33/53 kB
2026.02.16 11:07:02 INFO  Progress (4): 3.2/6.3 MB | 0/1.0 MB | 16/216 kB | 33/53 kB
2026.02.16 11:07:02 INFO  Progress (4): 3.2/6.3 MB | 0/1.0 MB | 16/216 kB | 33/53 kB
2026.02.16 11:07:02 INFO  Progress (4): 3.2/6.3 MB | 0/1.0 MB | 16/216 kB | 33/53 kB
2026.02.16 11:07:02 INFO  Progress (4): 3.2/6.3 MB | 0/1.0 MB | 16/216 kB | 33/53 kB
2026.02.16 11:07:02 INFO  Progress (4): 3.3/6.3 MB | 0/1.0 MB | 16/216 kB | 33/53 kB
2026.02.16 11:07:02 INFO  Progress (4): 3.3/6.3 MB | 0/1.0 MB | 16/216 kB | 33/53 kB
2026.02.16 11:07:02 INFO  Progress (4): 3.3/6.3 MB | 0/1.0 MB | 16/216 kB | 33/53 kB
2026.02.16 11:07:02 INFO  Progress (4): 3.3/6.3 MB | 0/1.0 MB | 16/216 kB | 38/53 kB
2026.02.16 11:07:02 INFO  Progress (4): 3.3/6.3 MB | 0/1.0 MB | 16/216 kB | 38/53 kB
2026.02.16 11:07:02 INFO  Progress (4): 3.3/6.3 MB | 0/1.0 MB | 16/216 kB | 42/53 kB
2026.02.16 11:07:02 INFO  Progress (4): 3.3/6.3 MB | 0/1.0 MB | 16/216 kB | 46/53 kB
2026.02.16 11:07:02 INFO  Progress (4): 3.3/6.3 MB | 0/1.0 MB | 16/216 kB | 50/53 kB
2026.02.16 11:07:02 INFO  Progress (4): 3.3/6.3 MB | 0/1.0 MB | 16/216 kB | 53 kB   
2026.02.16 11:07:02 INFO                                                         
2026.02.16 11:07:02 INFO  Downloaded from central: https://repo.maven.apache.org/maven2/org/codehaus/plexus/plexus-classworlds/2.7.0/plexus-classworlds-2.7.0.jar (53 kB at 220 kB/s)
2026.02.16 11:07:02 INFO  Downloading from central: https://repo.maven.apache.org/maven2/org/scala-sbt/zinc-apiinfo_2.13/1.8.0/zinc-apiinfo_2.13-1.8.0.jar
2026.02.16 11:07:02 INFO  Progress (3): 3.3/6.3 MB | 0/1.0 MB | 16/216 kB
2026.02.16 11:07:02 INFO  Progress (3): 3.3/6.3 MB | 0/1.0 MB | 16/216 kB
2026.02.16 11:07:02 INFO  Progress (3): 3.3/6.3 MB | 0/1.0 MB | 21/216 kB
2026.02.16 11:07:02 INFO  Progress (3): 3.4/6.3 MB | 0/1.0 MB | 21/216 kB
2026.02.16 11:07:02 INFO  Progress (3): 3.4/6.3 MB | 0/1.0 MB | 21/216 kB
2026.02.16 11:07:02 INFO  Progress (3): 3.4/6.3 MB | 0/1.0 MB | 21/216 kB
2026.02.16 11:07:02 INFO  Progress (3): 3.4/6.3 MB | 0/1.0 MB | 21/216 kB
2026.02.16 11:07:02 INFO  Progress (3): 3.4/6.3 MB | 0/1.0 MB | 21/216 kB
2026.02.16 11:07:02 INFO  Progress (3): 3.4/6.3 MB | 0/1.0 MB | 21/216 kB
2026.02.16 11:07:02 INFO  Progress (3): 3.4/6.3 MB | 0/1.0 MB | 21/216 kB
2026.02.16 11:07:02 INFO  Progress (3): 3.4/6.3 MB | 0/1.0 MB | 25/216 kB
2026.02.16 11:07:02 INFO  Progress (3): 3.4/6.3 MB | 0/1.0 MB | 25/216 kB
2026.02.16 11:07:02 INFO  Progress (3): 3.5/6.3 MB | 0/1.0 MB | 25/216 kB
2026.02.16 11:07:02 INFO  Progress (3): 3.5/6.3 MB | 0/1.0 MB | 25/216 kB
2026.02.16 11:07:02 INFO  Progress (3): 3.5/6.3 MB | 0/1.0 MB | 25/216 kB
2026.02.16 11:07:02 INFO  Progress (3): 3.5/6.3 MB | 0/1.0 MB | 25/216 kB
2026.02.16 11:07:02 INFO  Progress (3): 3.5/6.3 MB | 0/1.0 MB | 25/216 kB
2026.02.16 11:07:02 INFO  Progress (3): 3.5/6.3 MB | 0/1.0 MB | 25/216 kB
2026.02.16 11:07:02 INFO  Progress (3): 3.5/6.3 MB | 0/1.0 MB | 25/216 kB
2026.02.16 11:07:02 INFO  Progress (3): 3.6/6.3 MB | 0/1.0 MB | 25/216 kB
2026.02.16 11:07:02 INFO  Progress (3): 3.6/6.3 MB | 0/1.0 MB | 25/216 kB
2026.02.16 11:07:02 INFO  Progress (3): 3.6/6.3 MB | 0/1.0 MB | 25/216 kB
2026.02.16 11:07:02 INFO  Progress (3): 3.6/6.3 MB | 0/1.0 MB | 25/216 kB
2026.02.16 11:07:02 INFO  Progress (3): 3.6/6.3 MB | 0/1.0 MB | 25/216 kB
2026.02.16 11:07:02 INFO  Progress (3): 3.6/6.3 MB | 0/1.0 MB | 25/216 kB
2026.02.16 11:07:02 INFO  Progress (3): 3.7/6.3 MB | 0/1.0 MB | 25/216 kB
2026.02.16 11:07:02 INFO  Progress (3): 3.7/6.3 MB | 0/1.0 MB | 25/216 kB
2026.02.16 11:07:02 INFO  Progress (3): 3.7/6.3 MB | 0/1.0 MB | 25/216 kB
2026.02.16 11:07:02 INFO  Progress (3): 3.7/6.3 MB | 0/1.0 MB | 25/216 kB
2026.02.16 11:07:02 INFO  Progress (3): 3.7/6.3 MB | 0/1.0 MB | 25/216 kB
2026.02.16 11:07:02 INFO  Progress (3): 3.7/6.3 MB | 0/1.0 MB | 25/216 kB
2026.02.16 11:07:02 INFO  Progress (3): 3.8/6.3 MB | 0/1.0 MB | 25/216 kB
2026.02.16 11:07:02 INFO  Progress (3): 3.8/6.3 MB | 0/1.0 MB | 25/216 kB
2026.02.16 11:07:02 INFO  Progress (3): 3.8/6.3 MB | 0/1.0 MB | 25/216 kB
2026.02.16 11:07:02 INFO  Progress (3): 3.8/6.3 MB | 0/1.0 MB | 25/216 kB
2026.02.16 11:07:02 INFO  Progress (3): 3.8/6.3 MB | 0/1.0 MB | 29/216 kB
2026.02.16 11:07:02 INFO  Progress (3): 3.8/6.3 MB | 0/1.0 MB | 29/216 kB
2026.02.16 11:07:02 INFO  Progress (3): 3.8/6.3 MB | 0/1.0 MB | 29/216 kB
2026.02.16 11:07:02 INFO  Progress (3): 3.8/6.3 MB | 0/1.0 MB | 29/216 kB
2026.02.16 11:07:02 INFO  Progress (4): 3.8/6.3 MB | 0/1.0 MB | 29/216 kB | 3.8/165 kB
2026.02.16 11:07:02 INFO  Progress (4): 3.8/6.3 MB | 0/1.0 MB | 29/216 kB | 8.0/165 kB
2026.02.16 11:07:02 INFO  Progress (4): 3.8/6.3 MB | 0/1.0 MB | 29/216 kB | 8.0/165 kB
2026.02.16 11:07:02 INFO  Progress (4): 3.9/6.3 MB | 0/1.0 MB | 29/216 kB | 8.0/165 kB
2026.02.16 11:07:02 INFO  Progress (5): 3.9/6.3 MB | 0/1.0 MB | 29/216 kB | 8.0/165 kB | 7.7/490 kB
2026.02.16 11:07:02 INFO  Progress (5): 3.9/6.3 MB | 0/1.0 MB | 29/216 kB | 8.0/165 kB | 16/490 kB 
2026.02.16 11:07:02 INFO  Progress (5): 3.9/6.3 MB | 0/1.0 MB | 29/216 kB | 8.0/165 kB | 16/490 kB
2026.02.16 11:07:02 INFO  Progress (5): 3.9/6.3 MB | 0/1.0 MB | 29/216 kB | 8.0/165 kB | 16/490 kB
2026.02.16 11:07:02 INFO  Progress (5): 3.9/6.3 MB | 0/1.0 MB | 29/216 kB | 8.0/165 kB | 16/490 kB
2026.02.16 11:07:02 INFO  Progress (5): 3.9/6.3 MB | 0/1.0 MB | 29/216 kB | 8.0/165 kB | 16/490 kB
2026.02.16 11:07:02 INFO  Progress (5): 3.9/6.3 MB | 0/1.0 MB | 29/216 kB | 8.0/165 kB | 16/490 kB
2026.02.16 11:07:02 INFO  Progress (5): 3.9/6.3 MB | 0/1.0 MB | 29/216 kB | 8.0/165 kB | 16/490 kB
2026.02.16 11:07:02 INFO  Progress (5): 3.9/6.3 MB | 0/1.0 MB | 29/216 kB | 8.0/165 kB | 16/490 kB
2026.02.16 11:07:02 INFO  Progress (5): 4.0/6.3 MB | 0/1.0 MB | 29/216 kB | 8.0/165 kB | 16/490 kB
2026.02.16 11:07:02 INFO  Progress (5): 4.0/6.3 MB | 0/1.0 MB | 29/216 kB | 8.0/165 kB | 16/490 kB
2026.02.16 11:07:02 INFO  Progress (5): 4.0/6.3 MB | 0/1.0 MB | 29/216 kB | 8.0/165 kB | 16/490 kB
2026.02.16 11:07:02 INFO  Progress (5): 4.0/6.3 MB | 0/1.0 MB | 29/216 kB | 8.0/165 kB | 16/490 kB
2026.02.16 11:07:02 INFO  Progress (5): 4.0/6.3 MB | 0/1.0 MB | 29/216 kB | 8.0/165 kB | 16/490 kB
2026.02.16 11:07:02 INFO  Progress (5): 4.0/6.3 MB | 0/1.0 MB | 29/216 kB | 8.0/165 kB | 16/490 kB
2026.02.16 11:07:02 INFO  Progress (5): 4.1/6.3 MB | 0/1.0 MB | 29/216 kB | 8.0/165 kB | 16/490 kB
2026.02.16 11:07:02 INFO  Progress (5): 4.1/6.3 MB | 0/1.0 MB | 29/216 kB | 8.0/165 kB | 16/490 kB
2026.02.16 11:07:02 INFO  Progress (5): 4.1/6.3 MB | 0/1.0 MB | 29/216 kB | 8.0/165 kB | 16/490 kB
2026.02.16 11:07:02 INFO  Progress (5): 4.1/6.3 MB | 0/1.0 MB | 29/216 kB | 8.0/165 kB | 16/490 kB
2026.02.16 11:07:02 INFO  Progress (5): 4.1/6.3 MB | 0/1.0 MB | 29/216 kB | 8.0/165 kB | 16/490 kB
2026.02.16 11:07:02 INFO  Progress (5): 4.1/6.3 MB | 0/1.0 MB | 29/216 kB | 12/165 kB | 16/490 kB 
2026.02.16 11:07:02 INFO  Progress (5): 4.1/6.3 MB | 0/1.0 MB | 29/216 kB | 16/165 kB | 16/490 kB
2026.02.16 11:07:02 INFO  Progress (5): 4.1/6.3 MB | 0/1.0 MB | 29/216 kB | 21/165 kB | 16/490 kB
2026.02.16 11:07:02 INFO  Progress (5): 4.1/6.3 MB | 0/1.0 MB | 33/216 kB | 21/165 kB | 16/490 kB
2026.02.16 11:07:02 INFO  Progress (5): 4.1/6.3 MB | 0/1.0 MB | 37/216 kB | 21/165 kB | 16/490 kB
2026.02.16 11:07:02 INFO  Progress (5): 4.1/6.3 MB | 0/1.0 MB | 41/216 kB | 21/165 kB | 16/490 kB
2026.02.16 11:07:02 INFO  Progress (5): 4.1/6.3 MB | 0/1.0 MB | 46/216 kB | 21/165 kB | 16/490 kB
2026.02.16 11:07:02 INFO  Progress (5): 4.1/6.3 MB | 0/1.0 MB | 50/216 kB | 21/165 kB | 16/490 kB
2026.02.16 11:07:02 INFO  Progress (5): 4.1/6.3 MB | 0/1.0 MB | 54/216 kB | 21/165 kB | 16/490 kB
2026.02.16 11:07:02 INFO  Progress (5): 4.1/6.3 MB | 0/1.0 MB | 58/216 kB | 21/165 kB | 16/490 kB
2026.02.16 11:07:02 INFO  Progress (5): 4.1/6.3 MB | 0/1.0 MB | 58/216 kB | 21/165 kB | 16/490 kB
2026.02.16 11:07:02 INFO  Progress (5): 4.1/6.3 MB | 0/1.0 MB | 58/216 kB | 21/165 kB | 16/490 kB
2026.02.16 11:07:02 INFO  Progress (5): 4.2/6.3 MB | 0/1.0 MB | 58/216 kB | 21/165 kB | 16/490 kB
2026.02.16 11:07:02 INFO  Progress (5): 4.2/6.3 MB | 0/1.0 MB | 58/216 kB | 21/165 kB | 16/490 kB
2026.02.16 11:07:02 INFO  Progress (5): 4.2/6.3 MB | 0/1.0 MB | 58/216 kB | 21/165 kB | 16/490 kB
2026.02.16 11:07:02 INFO  Progress (5): 4.2/6.3 MB | 0/1.0 MB | 58/216 kB | 21/165 kB | 16/490 kB
2026.02.16 11:07:02 INFO  Progress (5): 4.2/6.3 MB | 0/1.0 MB | 58/216 kB | 21/165 kB | 16/490 kB
2026.02.16 11:07:02 INFO  Progress (5): 4.2/6.3 MB | 0/1.0 MB | 58/216 kB | 21/165 kB | 16/490 kB
2026.02.16 11:07:02 INFO  Progress (5): 4.3/6.3 MB | 0/1.0 MB | 58/216 kB | 21/165 kB | 16/490 kB
2026.02.16 11:07:02 INFO  Progress (5): 4.3/6.3 MB | 0/1.0 MB | 58/216 kB | 21/165 kB | 16/490 kB
2026.02.16 11:07:02 INFO  Progress (5): 4.3/6.3 MB | 0/1.0 MB | 58/216 kB | 21/165 kB | 16/490 kB
2026.02.16 11:07:02 INFO  Progress (5): 4.3/6.3 MB | 0/1.0 MB | 58/216 kB | 21/165 kB | 16/490 kB
2026.02.16 11:07:02 INFO  Progress (5): 4.3/6.3 MB | 0/1.0 MB | 58/216 kB | 21/165 kB | 16/490 kB
2026.02.16 11:07:02 INFO  Progress (5): 4.3/6.3 MB | 0/1.0 MB | 58/216 kB | 21/165 kB | 16/490 kB
2026.02.16 11:07:02 INFO  Progress (5): 4.4/6.3 MB | 0/1.0 MB | 58/216 kB | 21/165 kB | 16/490 kB
2026.02.16 11:07:02 INFO  Progress (5): 4.4/6.3 MB | 0/1.0 MB | 58/216 kB | 21/165 kB | 16/490 kB
2026.02.16 11:07:02 INFO  Progress (5): 4.4/6.3 MB | 0/1.0 MB | 58/216 kB | 21/165 kB | 16/490 kB
2026.02.16 11:07:02 INFO  Progress (5): 4.4/6.3 MB | 0/1.0 MB | 58/216 kB | 21/165 kB | 16/490 kB
2026.02.16 11:07:02 INFO  Progress (5): 4.4/6.3 MB | 0/1.0 MB | 58/216 kB | 21/165 kB | 16/490 kB
2026.02.16 11:07:02 INFO  Progress (5): 4.4/6.3 MB | 0/1.0 MB | 58/216 kB | 21/165 kB | 16/490 kB
2026.02.16 11:07:02 INFO  Progress (5): 4.5/6.3 MB | 0/1.0 MB | 58/216 kB | 21/165 kB | 16/490 kB
2026.02.16 11:07:02 INFO  Progress (5): 4.5/6.3 MB | 0/1.0 MB | 58/216 kB | 21/165 kB | 16/490 kB
2026.02.16 11:07:02 INFO  Progress (5): 4.5/6.3 MB | 0/1.0 MB | 58/216 kB | 21/165 kB | 16/490 kB
2026.02.16 11:07:02 INFO  Progress (5): 4.5/6.3 MB | 0/1.0 MB | 58/216 kB | 21/165 kB | 16/490 kB
2026.02.16 11:07:02 INFO  Progress (5): 4.5/6.3 MB | 0/1.0 MB | 58/216 kB | 21/165 kB | 16/490 kB
2026.02.16 11:07:02 INFO  Progress (5): 4.5/6.3 MB | 0/1.0 MB | 58/216 kB | 21/165 kB | 16/490 kB
2026.02.16 11:07:02 INFO  Progress (5): 4.6/6.3 MB | 0/1.0 MB | 58/216 kB | 21/165 kB | 16/490 kB
2026.02.16 11:07:02 INFO  Progress (5): 4.6/6.3 MB | 0/1.0 MB | 58/216 kB | 21/165 kB | 16/490 kB
2026.02.16 11:07:02 INFO  Progress (5): 4.6/6.3 MB | 0/1.0 MB | 58/216 kB | 21/165 kB | 16/490 kB
2026.02.16 11:07:02 INFO  Progress (5): 4.6/6.3 MB | 0/1.0 MB | 58/216 kB | 21/165 kB | 16/490 kB
2026.02.16 11:07:02 INFO  Progress (5): 4.6/6.3 MB | 0/1.0 MB | 58/216 kB | 21/165 kB | 16/490 kB
2026.02.16 11:07:02 INFO  Progress (5): 4.6/6.3 MB | 0/1.0 MB | 58/216 kB | 21/165 kB | 16/490 kB
2026.02.16 11:07:02 INFO  Progress (5): 4.7/6.3 MB | 0/1.0 MB | 58/216 kB | 21/165 kB | 16/490 kB
2026.02.16 11:07:02 INFO  Progress (5): 4.7/6.3 MB | 0/1.0 MB | 58/216 kB | 21/165 kB | 16/490 kB
2026.02.16 11:07:02 INFO  Progress (5): 4.7/6.3 MB | 0/1.0 MB | 58/216 kB | 21/165 kB | 16/490 kB
2026.02.16 11:07:02 INFO  Progress (5): 4.7/6.3 MB | 0/1.0 MB | 58/216 kB | 25/165 kB | 16/490 kB
2026.02.16 11:07:02 INFO  Progress (5): 4.7/6.3 MB | 0/1.0 MB | 75/216 kB | 25/165 kB | 16/490 kB
2026.02.16 11:07:02 INFO  Progress (5): 4.7/6.3 MB | 0/1.0 MB | 75/216 kB | 29/165 kB | 16/490 kB
2026.02.16 11:07:02 INFO  Progress (5): 4.7/6.3 MB | 0/1.0 MB | 75/216 kB | 33/165 kB | 16/490 kB
2026.02.16 11:07:02 INFO  Progress (5): 4.7/6.3 MB | 0/1.0 MB | 75/216 kB | 38/165 kB | 16/490 kB
2026.02.16 11:07:02 INFO  Progress (5): 4.7/6.3 MB | 0/1.0 MB | 75/216 kB | 42/165 kB | 16/490 kB
2026.02.16 11:07:02 INFO  Progress (5): 4.7/6.3 MB | 0/1.0 MB | 75/216 kB | 46/165 kB | 16/490 kB
2026.02.16 11:07:02 INFO  Progress (5): 4.7/6.3 MB | 0/1.0 MB | 75/216 kB | 50/165 kB | 16/490 kB
2026.02.16 11:07:02 INFO  Progress (5): 4.7/6.3 MB | 0/1.0 MB | 75/216 kB | 55/165 kB | 16/490 kB
2026.02.16 11:07:02 INFO  Progress (5): 4.7/6.3 MB | 0/1.0 MB | 75/216 kB | 59/165 kB | 16/490 kB
2026.02.16 11:07:02 INFO  Progress (5): 4.7/6.3 MB | 0/1.0 MB | 75/216 kB | 59/165 kB | 16/490 kB
2026.02.16 11:07:02 INFO  Progress (5): 4.7/6.3 MB | 0/1.0 MB | 75/216 kB | 59/165 kB | 16/490 kB
2026.02.16 11:07:02 INFO  Progress (5): 4.7/6.3 MB | 0/1.0 MB | 75/216 kB | 59/165 kB | 16/490 kB
2026.02.16 11:07:02 INFO  Progress (5): 4.8/6.3 MB | 0/1.0 MB | 75/216 kB | 59/165 kB | 16/490 kB
2026.02.16 11:07:02 INFO  Progress (5): 4.8/6.3 MB | 0/1.0 MB | 75/216 kB | 59/165 kB | 16/490 kB
2026.02.16 11:07:02 INFO  Progress (5): 4.8/6.3 MB | 0/1.0 MB | 75/216 kB | 59/165 kB | 16/490 kB
2026.02.16 11:07:02 INFO  Progress (5): 4.8/6.3 MB | 0/1.0 MB | 75/216 kB | 59/165 kB | 16/490 kB
2026.02.16 11:07:02 INFO  Progress (5): 4.8/6.3 MB | 0/1.0 MB | 75/216 kB | 59/165 kB | 16/490 kB
2026.02.16 11:07:02 INFO  Progress (5): 4.8/6.3 MB | 0/1.0 MB | 75/216 kB | 59/165 kB | 16/490 kB
2026.02.16 11:07:02 INFO  Progress (5): 4.9/6.3 MB | 0/1.0 MB | 75/216 kB | 59/165 kB | 16/490 kB
2026.02.16 11:07:02 INFO  Progress (5): 4.9/6.3 MB | 0/1.0 MB | 75/216 kB | 59/165 kB | 16/490 kB
2026.02.16 11:07:02 INFO  Progress (5): 4.9/6.3 MB | 0/1.0 MB | 75/216 kB | 59/165 kB | 16/490 kB
2026.02.16 11:07:02 INFO  Progress (5): 4.9/6.3 MB | 0/1.0 MB | 75/216 kB | 59/165 kB | 16/490 kB
2026.02.16 11:07:02 INFO  Progress (5): 4.9/6.3 MB | 0/1.0 MB | 75/216 kB | 59/165 kB | 16/490 kB
2026.02.16 11:07:02 INFO  Progress (5): 4.9/6.3 MB | 0/1.0 MB | 75/216 kB | 59/165 kB | 16/490 kB
2026.02.16 11:07:02 INFO  Progress (5): 4.9/6.3 MB | 0/1.0 MB | 75/216 kB | 63/165 kB | 16/490 kB
2026.02.16 11:07:02 INFO  Progress (5): 4.9/6.3 MB | 0/1.0 MB | 75/216 kB | 67/165 kB | 16/490 kB
2026.02.16 11:07:02 INFO  Progress (5): 4.9/6.3 MB | 0/1.0 MB | 75/216 kB | 67/165 kB | 16/490 kB
2026.02.16 11:07:02 INFO  Progress (5): 4.9/6.3 MB | 0/1.0 MB | 75/216 kB | 71/165 kB | 16/490 kB
2026.02.16 11:07:02 INFO  Progress (5): 4.9/6.3 MB | 0/1.0 MB | 75/216 kB | 76/165 kB | 16/490 kB
2026.02.16 11:07:02 INFO  Progress (5): 5.0/6.3 MB | 0/1.0 MB | 75/216 kB | 76/165 kB | 16/490 kB
2026.02.16 11:07:02 INFO  Progress (5): 5.0/6.3 MB | 0/1.0 MB | 75/216 kB | 76/165 kB | 16/490 kB
2026.02.16 11:07:02 INFO  Progress (5): 5.0/6.3 MB | 0/1.0 MB | 75/216 kB | 76/165 kB | 16/490 kB
2026.02.16 11:07:02 INFO  Progress (5): 5.0/6.3 MB | 0/1.0 MB | 91/216 kB | 76/165 kB | 16/490 kB
2026.02.16 11:07:02 INFO  Progress (5): 5.0/6.3 MB | 0/1.0 MB | 91/216 kB | 76/165 kB | 16/490 kB
2026.02.16 11:07:02 INFO  Progress (5): 5.0/6.3 MB | 0/1.0 MB | 91/216 kB | 76/165 kB | 16/490 kB
2026.02.16 11:07:02 INFO  Progress (5): 5.0/6.3 MB | 0/1.0 MB | 91/216 kB | 76/165 kB | 16/490 kB
2026.02.16 11:07:02 INFO  Progress (5): 5.1/6.3 MB | 0/1.0 MB | 91/216 kB | 76/165 kB | 16/490 kB
2026.02.16 11:07:02 INFO  Progress (5): 5.1/6.3 MB | 0/1.0 MB | 91/216 kB | 76/165 kB | 16/490 kB
2026.02.16 11:07:02 INFO  Progress (5): 5.1/6.3 MB | 0/1.0 MB | 91/216 kB | 76/165 kB | 16/490 kB
2026.02.16 11:07:02 INFO  Progress (5): 5.1/6.3 MB | 0/1.0 MB | 91/216 kB | 76/165 kB | 16/490 kB
2026.02.16 11:07:02 INFO  Progress (5): 5.1/6.3 MB | 0/1.0 MB | 91/216 kB | 76/165 kB | 16/490 kB
2026.02.16 11:07:02 INFO  Progress (5): 5.1/6.3 MB | 0/1.0 MB | 91/216 kB | 76/165 kB | 16/490 kB
2026.02.16 11:07:02 INFO  Progress (5): 5.2/6.3 MB | 0/1.0 MB | 91/216 kB | 76/165 kB | 16/490 kB
2026.02.16 11:07:02 INFO  Progress (5): 5.2/6.3 MB | 0/1.0 MB | 91/216 kB | 76/165 kB | 16/490 kB
2026.02.16 11:07:02 INFO  Progress (5): 5.2/6.3 MB | 0/1.0 MB | 91/216 kB | 76/165 kB | 16/490 kB
2026.02.16 11:07:02 INFO  Progress (5): 5.2/6.3 MB | 0/1.0 MB | 91/216 kB | 76/165 kB | 16/490 kB
2026.02.16 11:07:02 INFO  Progress (5): 5.2/6.3 MB | 0/1.0 MB | 91/216 kB | 76/165 kB | 16/490 kB
2026.02.16 11:07:02 INFO  Progress (5): 5.2/6.3 MB | 0/1.0 MB | 91/216 kB | 80/165 kB | 16/490 kB
2026.02.16 11:07:02 INFO  Progress (5): 5.2/6.3 MB | 0/1.0 MB | 91/216 kB | 80/165 kB | 16/490 kB
2026.02.16 11:07:02 INFO  Progress (5): 5.3/6.3 MB | 0/1.0 MB | 91/216 kB | 80/165 kB | 16/490 kB
2026.02.16 11:07:02 INFO  Progress (5): 5.3/6.3 MB | 0/1.0 MB | 91/216 kB | 80/165 kB | 16/490 kB
2026.02.16 11:07:02 INFO  Progress (5): 5.3/6.3 MB | 0/1.0 MB | 91/216 kB | 80/165 kB | 16/490 kB
2026.02.16 11:07:02 INFO  Progress (5): 5.3/6.3 MB | 0/1.0 MB | 91/216 kB | 80/165 kB | 16/490 kB
2026.02.16 11:07:02 INFO  Progress (5): 5.3/6.3 MB | 0/1.0 MB | 91/216 kB | 80/165 kB | 16/490 kB
2026.02.16 11:07:02 INFO  Progress (5): 5.3/6.3 MB | 0/1.0 MB | 91/216 kB | 80/165 kB | 16/490 kB
2026.02.16 11:07:02 INFO  Progress (5): 5.4/6.3 MB | 0/1.0 MB | 91/216 kB | 80/165 kB | 16/490 kB
2026.02.16 11:07:02 INFO  Progress (5): 5.4/6.3 MB | 0/1.0 MB | 91/216 kB | 80/165 kB | 16/490 kB
2026.02.16 11:07:02 INFO  Progress (5): 5.4/6.3 MB | 0/1.0 MB | 91/216 kB | 80/165 kB | 16/490 kB
2026.02.16 11:07:02 INFO  Progress (5): 5.4/6.3 MB | 0/1.0 MB | 91/216 kB | 80/165 kB | 16/490 kB
2026.02.16 11:07:02 INFO  Progress (5): 5.4/6.3 MB | 0/1.0 MB | 91/216 kB | 80/165 kB | 16/490 kB
2026.02.16 11:07:02 INFO  Progress (5): 5.4/6.3 MB | 0/1.0 MB | 91/216 kB | 80/165 kB | 16/490 kB
2026.02.16 11:07:02 INFO  Progress (5): 5.4/6.3 MB | 0/1.0 MB | 91/216 kB | 80/165 kB | 16/490 kB
2026.02.16 11:07:02 INFO  Progress (5): 5.5/6.3 MB | 0/1.0 MB | 91/216 kB | 80/165 kB | 16/490 kB
2026.02.16 11:07:02 INFO  Progress (5): 5.5/6.3 MB | 0/1.0 MB | 91/216 kB | 80/165 kB | 16/490 kB
2026.02.16 11:07:02 INFO  Progress (5): 5.5/6.3 MB | 0/1.0 MB | 91/216 kB | 80/165 kB | 16/490 kB
2026.02.16 11:07:02 INFO  Progress (5): 5.5/6.3 MB | 0/1.0 MB | 91/216 kB | 80/165 kB | 16/490 kB
2026.02.16 11:07:02 INFO  Progress (5): 5.5/6.3 MB | 0/1.0 MB | 91/216 kB | 80/165 kB | 16/490 kB
2026.02.16 11:07:02 INFO  Progress (5): 5.5/6.3 MB | 0/1.0 MB | 91/216 kB | 80/165 kB | 16/490 kB
2026.02.16 11:07:02 INFO  Progress (5): 5.5/6.3 MB | 0/1.0 MB | 91/216 kB | 80/165 kB | 16/490 kB
2026.02.16 11:07:02 INFO  Progress (5): 5.6/6.3 MB | 0/1.0 MB | 91/216 kB | 80/165 kB | 16/490 kB
2026.02.16 11:07:02 INFO  Progress (5): 5.6/6.3 MB | 0/1.0 MB | 91/216 kB | 80/165 kB | 16/490 kB
2026.02.16 11:07:02 INFO  Progress (5): 5.6/6.3 MB | 0/1.0 MB | 91/216 kB | 80/165 kB | 16/490 kB
2026.02.16 11:07:02 INFO  Progress (5): 5.6/6.3 MB | 0/1.0 MB | 91/216 kB | 80/165 kB | 16/490 kB
2026.02.16 11:07:02 INFO  Progress (5): 5.6/6.3 MB | 0/1.0 MB | 91/216 kB | 80/165 kB | 16/490 kB
2026.02.16 11:07:02 INFO  Progress (5): 5.6/6.3 MB | 0/1.0 MB | 91/216 kB | 84/165 kB | 16/490 kB
2026.02.16 11:07:02 INFO  Progress (5): 5.6/6.3 MB | 0/1.0 MB | 91/216 kB | 84/165 kB | 16/490 kB
2026.02.16 11:07:02 INFO  Progress (5): 5.7/6.3 MB | 0/1.0 MB | 91/216 kB | 84/165 kB | 16/490 kB
2026.02.16 11:07:02 INFO  Progress (5): 5.7/6.3 MB | 0/1.0 MB | 91/216 kB | 84/165 kB | 16/490 kB
2026.02.16 11:07:02 INFO  Progress (5): 5.7/6.3 MB | 0/1.0 MB | 91/216 kB | 84/165 kB | 16/490 kB
2026.02.16 11:07:02 INFO  Progress (5): 5.7/6.3 MB | 0/1.0 MB | 91/216 kB | 84/165 kB | 16/490 kB
2026.02.16 11:07:02 INFO  Progress (5): 5.7/6.3 MB | 0/1.0 MB | 91/216 kB | 84/165 kB | 16/490 kB
2026.02.16 11:07:02 INFO  Progress (5): 5.7/6.3 MB | 0/1.0 MB | 91/216 kB | 84/165 kB | 16/490 kB
2026.02.16 11:07:02 INFO  Progress (5): 5.8/6.3 MB | 0/1.0 MB | 91/216 kB | 84/165 kB | 16/490 kB
2026.02.16 11:07:02 INFO  Progress (5): 5.8/6.3 MB | 0/1.0 MB | 91/216 kB | 84/165 kB | 16/490 kB
2026.02.16 11:07:02 INFO  Progress (5): 5.8/6.3 MB | 0/1.0 MB | 91/216 kB | 84/165 kB | 16/490 kB
2026.02.16 11:07:02 INFO  Progress (5): 5.8/6.3 MB | 0/1.0 MB | 91/216 kB | 84/165 kB | 16/490 kB
2026.02.16 11:07:02 INFO  Progress (5): 5.8/6.3 MB | 0/1.0 MB | 91/216 kB | 84/165 kB | 16/490 kB
2026.02.16 11:07:02 INFO  Progress (5): 5.8/6.3 MB | 0/1.0 MB | 91/216 kB | 84/165 kB | 16/490 kB
2026.02.16 11:07:02 INFO  Progress (5): 5.9/6.3 MB | 0/1.0 MB | 91/216 kB | 84/165 kB | 16/490 kB
2026.02.16 11:07:02 INFO  Progress (5): 5.9/6.3 MB | 0/1.0 MB | 91/216 kB | 84/165 kB | 16/490 kB
2026.02.16 11:07:02 INFO  Progress (5): 5.9/6.3 MB | 0/1.0 MB | 91/216 kB | 84/165 kB | 16/490 kB
2026.02.16 11:07:02 INFO  Progress (5): 5.9/6.3 MB | 0/1.0 MB | 91/216 kB | 84/165 kB | 16/490 kB
2026.02.16 11:07:02 INFO  Progress (5): 5.9/6.3 MB | 0/1.0 MB | 91/216 kB | 84/165 kB | 16/490 kB
2026.02.16 11:07:02 INFO  Progress (5): 5.9/6.3 MB | 0/1.0 MB | 91/216 kB | 84/165 kB | 16/490 kB
2026.02.16 11:07:02 INFO  Progress (5): 6.0/6.3 MB | 0/1.0 MB | 91/216 kB | 84/165 kB | 16/490 kB
2026.02.16 11:07:02 INFO  Progress (5): 6.0/6.3 MB | 0/1.0 MB | 91/216 kB | 84/165 kB | 16/490 kB
2026.02.16 11:07:02 INFO  Progress (5): 6.0/6.3 MB | 0/1.0 MB | 91/216 kB | 84/165 kB | 16/490 kB
2026.02.16 11:07:02 INFO  Progress (5): 6.0/6.3 MB | 0/1.0 MB | 91/216 kB | 84/165 kB | 16/490 kB
2026.02.16 11:07:02 INFO  Progress (5): 6.0/6.3 MB | 0/1.0 MB | 91/216 kB | 84/165 kB | 16/490 kB
2026.02.16 11:07:02 INFO  Progress (5): 6.0/6.3 MB | 0/1.0 MB | 91/216 kB | 88/165 kB | 16/490 kB
2026.02.16 11:07:02 INFO  Progress (5): 6.0/6.3 MB | 0/1.0 MB | 91/216 kB | 93/165 kB | 16/490 kB
2026.02.16 11:07:02 INFO  Progress (5): 6.0/6.3 MB | 0/1.0 MB | 91/216 kB | 93/165 kB | 16/490 kB
2026.02.16 11:07:02 INFO  Progress (5): 6.0/6.3 MB | 0/1.0 MB | 91/216 kB | 93/165 kB | 16/490 kB
2026.02.16 11:07:02 INFO  Progress (5): 6.1/6.3 MB | 0/1.0 MB | 91/216 kB | 93/165 kB | 16/490 kB
2026.02.16 11:07:02 INFO  Progress (5): 6.1/6.3 MB | 0/1.0 MB | 91/216 kB | 93/165 kB | 16/490 kB
2026.02.16 11:07:02 INFO  Progress (5): 6.1/6.3 MB | 0/1.0 MB | 91/216 kB | 93/165 kB | 16/490 kB
2026.02.16 11:07:02 INFO  Progress (5): 6.1/6.3 MB | 0/1.0 MB | 91/216 kB | 93/165 kB | 16/490 kB
2026.02.16 11:07:02 INFO  Progress (5): 6.1/6.3 MB | 0/1.0 MB | 91/216 kB | 93/165 kB | 16/490 kB
2026.02.16 11:07:02 INFO  Progress (5): 6.1/6.3 MB | 0/1.0 MB | 91/216 kB | 93/165 kB | 16/490 kB
2026.02.16 11:07:02 INFO  Progress (5): 6.2/6.3 MB | 0/1.0 MB | 91/216 kB | 93/165 kB | 16/490 kB
2026.02.16 11:07:02 INFO  Progress (5): 6.2/6.3 MB | 0/1.0 MB | 91/216 kB | 93/165 kB | 16/490 kB
2026.02.16 11:07:02 INFO  Progress (5): 6.2/6.3 MB | 0/1.0 MB | 91/216 kB | 93/165 kB | 16/490 kB
2026.02.16 11:07:02 INFO  Progress (5): 6.2/6.3 MB | 0/1.0 MB | 91/216 kB | 93/165 kB | 16/490 kB
2026.02.16 11:07:02 INFO  Progress (5): 6.2/6.3 MB | 0/1.0 MB | 91/216 kB | 93/165 kB | 16/490 kB
2026.02.16 11:07:02 INFO  Progress (5): 6.2/6.3 MB | 0/1.0 MB | 91/216 kB | 93/165 kB | 16/490 kB
2026.02.16 11:07:02 INFO  Progress (5): 6.3/6.3 MB | 0/1.0 MB | 91/216 kB | 93/165 kB | 16/490 kB
2026.02.16 11:07:02 INFO  Progress (5): 6.3/6.3 MB | 0/1.0 MB | 91/216 kB | 93/165 kB | 16/490 kB
2026.02.16 11:07:02 INFO  Progress (5): 6.3/6.3 MB | 0/1.0 MB | 91/216 kB | 93/165 kB | 16/490 kB
2026.02.16 11:07:02 INFO  Progress (5): 6.3 MB | 0/1.0 MB | 91/216 kB | 93/165 kB | 16/490 kB    
2026.02.16 11:07:02 INFO                                                                     
2026.02.16 11:07:02 INFO  Downloaded from central: https://repo.maven.apache.org/maven2/com/github/luben/zstd-jni/1.5.2-5/zstd-jni-1.5.2-5.jar (6.3 MB at 16 MB/s)
2026.02.16 11:07:02 INFO  Downloading from central: https://repo.maven.apache.org/maven2/org/scala-sbt/compiler-bridge_2.13/1.8.0/compiler-bridge_2.13-1.8.0.jar
2026.02.16 11:07:02 INFO  Progress (4): 0/1.0 MB | 108/216 kB | 93/165 kB | 16/490 kB
2026.02.16 11:07:02 INFO  Progress (4): 0/1.0 MB | 108/216 kB | 109/165 kB | 16/490 kB
2026.02.16 11:07:02 INFO  Progress (4): 0/1.0 MB | 108/216 kB | 125/165 kB | 16/490 kB
2026.02.16 11:07:02 INFO  Progress (4): 0/1.0 MB | 124/216 kB | 125/165 kB | 16/490 kB
2026.02.16 11:07:02 INFO  Progress (4): 0/1.0 MB | 124/216 kB | 142/165 kB | 16/490 kB
2026.02.16 11:07:02 INFO  Progress (4): 0/1.0 MB | 124/216 kB | 158/165 kB | 16/490 kB
2026.02.16 11:07:02 INFO  Progress (4): 0/1.0 MB | 124/216 kB | 165 kB | 16/490 kB    
2026.02.16 11:07:02 INFO                                                          
2026.02.16 11:07:02 INFO  Downloaded from central: https://repo.maven.apache.org/maven2/org/scala-sbt/zinc-apiinfo_2.13/1.8.0/zinc-apiinfo_2.13-1.8.0.jar (165 kB at 401 kB/s)
2026.02.16 11:07:02 INFO  Downloading from central: https://repo.maven.apache.org/maven2/org/scala-sbt/zinc-classpath_2.13/1.8.0/zinc-classpath_2.13-1.8.0.jar
2026.02.16 11:07:02 INFO  Progress (3): 0/1.0 MB | 131/216 kB | 16/490 kB
2026.02.16 11:07:02 INFO  Progress (3): 0/1.0 MB | 147/216 kB | 16/490 kB
2026.02.16 11:07:02 INFO  Progress (3): 0/1.0 MB | 164/216 kB | 16/490 kB
2026.02.16 11:07:02 INFO  Progress (3): 0/1.0 MB | 180/216 kB | 16/490 kB
2026.02.16 11:07:02 INFO  Progress (3): 0/1.0 MB | 197/216 kB | 16/490 kB
2026.02.16 11:07:02 INFO  Progress (3): 0/1.0 MB | 213/216 kB | 16/490 kB
2026.02.16 11:07:02 INFO  Progress (3): 0/1.0 MB | 216 kB | 16/490 kB    
2026.02.16 11:07:02 INFO                                             
2026.02.16 11:07:02 INFO  Downloaded from central: https://repo.maven.apache.org/maven2/org/codehaus/plexus/plexus-archiver/4.6.0/plexus-archiver-4.6.0.jar (216 kB at 444 kB/s)
2026.02.16 11:07:02 INFO  Downloading from central: https://repo.maven.apache.org/maven2/org/scala-lang/scala-compiler/2.13.8/scala-compiler-2.13.8.jar
2026.02.16 11:07:02 INFO  Progress (2): 0/1.0 MB | 16/490 kB
2026.02.16 11:07:02 INFO  Progress (2): 0/1.0 MB | 32/490 kB
2026.02.16 11:07:02 INFO  Progress (2): 0/1.0 MB | 49/490 kB
2026.02.16 11:07:02 INFO  Progress (2): 0/1.0 MB | 65/490 kB
2026.02.16 11:07:02 INFO  Progress (2): 0/1.0 MB | 81/490 kB
2026.02.16 11:07:02 INFO  Progress (2): 0/1.0 MB | 98/490 kB
2026.02.16 11:07:02 INFO  Progress (2): 0/1.0 MB | 114/490 kB
2026.02.16 11:07:02 INFO  Progress (2): 0/1.0 MB | 131/490 kB
2026.02.16 11:07:02 INFO  Progress (2): 0/1.0 MB | 147/490 kB
2026.02.16 11:07:02 INFO  Progress (2): 0/1.0 MB | 163/490 kB
2026.02.16 11:07:02 INFO  Progress (2): 0/1.0 MB | 180/490 kB
2026.02.16 11:07:02 INFO  Progress (2): 0/1.0 MB | 196/490 kB
2026.02.16 11:07:02 INFO  Progress (2): 0/1.0 MB | 213/490 kB
2026.02.16 11:07:02 INFO  Progress (2): 0/1.0 MB | 229/490 kB
2026.02.16 11:07:02 INFO  Progress (2): 0/1.0 MB | 245/490 kB
2026.02.16 11:07:02 INFO  Progress (2): 0/1.0 MB | 262/490 kB
2026.02.16 11:07:02 INFO  Progress (2): 0/1.0 MB | 278/490 kB
2026.02.16 11:07:02 INFO  Progress (2): 0/1.0 MB | 294/490 kB
2026.02.16 11:07:02 INFO  Progress (2): 0/1.0 MB | 311/490 kB
2026.02.16 11:07:02 INFO  Progress (2): 0/1.0 MB | 327/490 kB
2026.02.16 11:07:02 INFO  Progress (2): 0/1.0 MB | 344/490 kB
2026.02.16 11:07:02 INFO  Progress (2): 0/1.0 MB | 360/490 kB
2026.02.16 11:07:02 INFO  Progress (2): 0/1.0 MB | 376/490 kB
2026.02.16 11:07:02 INFO  Progress (2): 0/1.0 MB | 393/490 kB
2026.02.16 11:07:02 INFO  Progress (2): 0/1.0 MB | 409/490 kB
2026.02.16 11:07:02 INFO  Progress (2): 0/1.0 MB | 426/490 kB
2026.02.16 11:07:02 INFO  Progress (2): 0/1.0 MB | 426/490 kB
2026.02.16 11:07:02 INFO  Progress (2): 0/1.0 MB | 442/490 kB
2026.02.16 11:07:02 INFO  Progress (2): 0.1/1.0 MB | 442/490 kB
2026.02.16 11:07:02 INFO  Progress (2): 0.1/1.0 MB | 442/490 kB
2026.02.16 11:07:02 INFO  Progress (2): 0.1/1.0 MB | 458/490 kB
2026.02.16 11:07:02 INFO  Progress (2): 0.1/1.0 MB | 475/490 kB
2026.02.16 11:07:02 INFO  Progress (2): 0.1/1.0 MB | 490 kB    
2026.02.16 11:07:02 INFO                                   
2026.02.16 11:07:02 INFO  Downloaded from central: https://repo.maven.apache.org/maven2/org/scala-sbt/zinc-core_2.13/1.8.0/zinc-core_2.13-1.8.0.jar (490 kB at 855 kB/s)
2026.02.16 11:07:02 INFO  Downloading from central: https://repo.maven.apache.org/maven2/org/scala-sbt/compiler-interface/1.8.0/compiler-interface-1.8.0.jar
2026.02.16 11:07:02 INFO  Progress (1): 0.1/1.0 MB
2026.02.16 11:07:02 INFO  Progress (2): 0.1/1.0 MB | 7.7/243 kB
2026.02.16 11:07:02 INFO  Progress (2): 0.1/1.0 MB | 8.2/243 kB
2026.02.16 11:07:02 INFO  Progress (2): 0.1/1.0 MB | 25/243 kB 
2026.02.16 11:07:02 INFO  Progress (2): 0.1/1.0 MB | 41/243 kB
2026.02.16 11:07:02 INFO  Progress (2): 0.1/1.0 MB | 57/243 kB
2026.02.16 11:07:02 INFO  Progress (2): 0.1/1.0 MB | 66/243 kB
2026.02.16 11:07:02 INFO  Progress (2): 0.1/1.0 MB | 82/243 kB
2026.02.16 11:07:02 INFO  Progress (2): 0.1/1.0 MB | 98/243 kB
2026.02.16 11:07:02 INFO  Progress (2): 0.1/1.0 MB | 115/243 kB
2026.02.16 11:07:02 INFO  Progress (2): 0.1/1.0 MB | 131/243 kB
2026.02.16 11:07:02 INFO  Progress (2): 0.1/1.0 MB | 147/243 kB
2026.02.16 11:07:02 INFO  Progress (2): 0.1/1.0 MB | 164/243 kB
2026.02.16 11:07:02 INFO  Progress (2): 0.1/1.0 MB | 180/243 kB
2026.02.16 11:07:02 INFO  Progress (2): 0.1/1.0 MB | 180/243 kB
2026.02.16 11:07:02 INFO  Progress (2): 0.1/1.0 MB | 188/243 kB
2026.02.16 11:07:02 INFO  Progress (2): 0.1/1.0 MB | 205/243 kB
2026.02.16 11:07:02 INFO  Progress (2): 0.1/1.0 MB | 213/243 kB
2026.02.16 11:07:02 INFO  Progress (2): 0.1/1.0 MB | 229/243 kB
2026.02.16 11:07:02 INFO  Progress (2): 0.1/1.0 MB | 243 kB    
2026.02.16 11:07:02 INFO                                   
2026.02.16 11:07:02 INFO  Downloaded from central: https://repo.maven.apache.org/maven2/org/scala-sbt/compiler-bridge_2.13/1.8.0/compiler-bridge_2.13-1.8.0.jar (243 kB at 407 kB/s)
2026.02.16 11:07:02 INFO  Downloading from central: https://repo.maven.apache.org/maven2/org/scala-sbt/util-interface/1.8.0/util-interface-1.8.0.jar
2026.02.16 11:07:02 INFO  Progress (2): 0.1/1.0 MB | 7.7/112 kB
2026.02.16 11:07:02 INFO  Progress (2): 0.1/1.0 MB | 16/112 kB 
2026.02.16 11:07:02 INFO  Progress (2): 0.1/1.0 MB | 32/112 kB
2026.02.16 11:07:02 INFO  Progress (2): 0.1/1.0 MB | 49/112 kB
2026.02.16 11:07:02 INFO  Progress (2): 0.1/1.0 MB | 49/112 kB
2026.02.16 11:07:02 INFO  Progress (2): 0.1/1.0 MB | 65/112 kB
2026.02.16 11:07:02 INFO  Progress (2): 0.1/1.0 MB | 81/112 kB
2026.02.16 11:07:02 INFO  Progress (2): 0.1/1.0 MB | 98/112 kB
2026.02.16 11:07:02 INFO  Progress (2): 0.1/1.0 MB | 112 kB   
2026.02.16 11:07:02 INFO                                   
2026.02.16 11:07:02 INFO  Downloaded from central: https://repo.maven.apache.org/maven2/org/scala-sbt/compiler-interface/1.8.0/compiler-interface-1.8.0.jar (112 kB at 185 kB/s)
2026.02.16 11:07:02 INFO  Downloading from central: https://repo.maven.apache.org/maven2/org/scala-sbt/zinc-persist-core-assembly/1.8.0/zinc-persist-core-assembly-1.8.0.jar
2026.02.16 11:07:02 INFO  Progress (1): 0.1/1.0 MB
2026.02.16 11:07:02 INFO  Progress (1): 0.2/1.0 MB
2026.02.16 11:07:02 INFO  Progress (1): 0.2/1.0 MB
2026.02.16 11:07:02 INFO  Progress (2): 0.2/1.0 MB | 3.3 kB
2026.02.16 11:07:02 INFO                                   
2026.02.16 11:07:02 INFO  Downloaded from central: https://repo.maven.apache.org/maven2/org/scala-sbt/util-interface/1.8.0/util-interface-1.8.0.jar (3.3 kB at 5.3 kB/s)
2026.02.16 11:07:02 INFO  Downloading from central: https://repo.maven.apache.org/maven2/org/scala-lang/modules/scala-parallel-collections_2.13/0.2.0/scala-parallel-collections_2.13-0.2.0.jar
2026.02.16 11:07:02 INFO  Progress (1): 0.2/1.0 MB
2026.02.16 11:07:02 INFO  Progress (1): 0.2/1.0 MB
2026.02.16 11:07:02 INFO  Progress (1): 0.2/1.0 MB
2026.02.16 11:07:02 INFO  Progress (1): 0.2/1.0 MB
2026.02.16 11:07:02 INFO  Progress (1): 0.3/1.0 MB
2026.02.16 11:07:02 INFO  Progress (1): 0.3/1.0 MB
2026.02.16 11:07:02 INFO  Progress (1): 0.3/1.0 MB
2026.02.16 11:07:02 INFO  Progress (1): 0.3/1.0 MB
2026.02.16 11:07:02 INFO  Progress (1): 0.3/1.0 MB
2026.02.16 11:07:02 INFO  Progress (1): 0.3/1.0 MB
2026.02.16 11:07:02 INFO  Progress (1): 0.4/1.0 MB
2026.02.16 11:07:02 INFO  Progress (1): 0.4/1.0 MB
2026.02.16 11:07:02 INFO  Progress (1): 0.4/1.0 MB
2026.02.16 11:07:02 INFO  Progress (1): 0.4/1.0 MB
2026.02.16 11:07:02 INFO  Progress (2): 0.4/1.0 MB | 0/12 MB
2026.02.16 11:07:02 INFO  Progress (2): 0.4/1.0 MB | 0/12 MB
2026.02.16 11:07:02 INFO  Progress (2): 0.4/1.0 MB | 0/12 MB
2026.02.16 11:07:02 INFO  Progress (2): 0.4/1.0 MB | 0/12 MB
2026.02.16 11:07:02 INFO  Progress (2): 0.5/1.0 MB | 0/12 MB
2026.02.16 11:07:02 INFO  Progress (2): 0.5/1.0 MB | 0/12 MB
2026.02.16 11:07:02 INFO  Progress (2): 0.5/1.0 MB | 0/12 MB
2026.02.16 11:07:02 INFO  Progress (2): 0.5/1.0 MB | 0/12 MB
2026.02.16 11:07:02 INFO  Progress (2): 0.5/1.0 MB | 0/12 MB
2026.02.16 11:07:02 INFO  Progress (2): 0.5/1.0 MB | 0/12 MB
2026.02.16 11:07:02 INFO  Progress (2): 0.5/1.0 MB | 0/12 MB
2026.02.16 11:07:02 INFO  Progress (2): 0.5/1.0 MB | 0.1/12 MB
2026.02.16 11:07:02 INFO  Progress (2): 0.5/1.0 MB | 0.1/12 MB
2026.02.16 11:07:02 INFO  Progress (2): 0.6/1.0 MB | 0.1/12 MB
2026.02.16 11:07:02 INFO  Progress (2): 0.6/1.0 MB | 0.1/12 MB
2026.02.16 11:07:02 INFO  Progress (2): 0.6/1.0 MB | 0.1/12 MB
2026.02.16 11:07:02 INFO  Progress (2): 0.6/1.0 MB | 0.1/12 MB
2026.02.16 11:07:02 INFO  Progress (2): 0.6/1.0 MB | 0.1/12 MB
2026.02.16 11:07:02 INFO  Progress (2): 0.6/1.0 MB | 0.1/12 MB
2026.02.16 11:07:02 INFO  Progress (2): 0.6/1.0 MB | 0.1/12 MB
2026.02.16 11:07:02 INFO  Progress (2): 0.6/1.0 MB | 0.1/12 MB
2026.02.16 11:07:02 INFO  Progress (2): 0.7/1.0 MB | 0.1/12 MB
2026.02.16 11:07:02 INFO  Progress (2): 0.7/1.0 MB | 0.1/12 MB
2026.02.16 11:07:02 INFO  Progress (2): 0.7/1.0 MB | 0.1/12 MB
2026.02.16 11:07:02 INFO  Progress (2): 0.7/1.0 MB | 0.1/12 MB
2026.02.16 11:07:02 INFO  Progress (2): 0.7/1.0 MB | 0.1/12 MB
2026.02.16 11:07:02 INFO  Progress (2): 0.7/1.0 MB | 0.1/12 MB
2026.02.16 11:07:02 INFO  Progress (2): 0.7/1.0 MB | 0.1/12 MB
2026.02.16 11:07:02 INFO  Progress (2): 0.7/1.0 MB | 0.1/12 MB
2026.02.16 11:07:02 INFO  Progress (2): 0.8/1.0 MB | 0.1/12 MB
2026.02.16 11:07:02 INFO  Progress (2): 0.8/1.0 MB | 0.1/12 MB
2026.02.16 11:07:02 INFO  Progress (2): 0.8/1.0 MB | 0.1/12 MB
2026.02.16 11:07:02 INFO  Progress (2): 0.8/1.0 MB | 0.1/12 MB
2026.02.16 11:07:02 INFO  Progress (2): 0.8/1.0 MB | 0.1/12 MB
2026.02.16 11:07:02 INFO  Progress (2): 0.8/1.0 MB | 0.2/12 MB
2026.02.16 11:07:02 INFO  Progress (2): 0.8/1.0 MB | 0.2/12 MB
2026.02.16 11:07:02 INFO  Progress (2): 0.8/1.0 MB | 0.2/12 MB
2026.02.16 11:07:03 INFO  Progress (2): 0.8/1.0 MB | 0.2/12 MB
2026.02.16 11:07:03 INFO  Progress (2): 0.8/1.0 MB | 0.2/12 MB
2026.02.16 11:07:03 INFO  Progress (2): 0.9/1.0 MB | 0.2/12 MB
2026.02.16 11:07:03 INFO  Progress (3): 0.9/1.0 MB | 0.2/12 MB | 0/2.6 MB
2026.02.16 11:07:03 INFO  Progress (3): 0.9/1.0 MB | 0.2/12 MB | 0/2.6 MB
2026.02.16 11:07:03 INFO  Progress (3): 0.9/1.0 MB | 0.2/12 MB | 0/2.6 MB
2026.02.16 11:07:03 INFO  Progress (3): 0.9/1.0 MB | 0.2/12 MB | 0/2.6 MB
2026.02.16 11:07:03 INFO  Progress (3): 0.9/1.0 MB | 0.2/12 MB | 0/2.6 MB
2026.02.16 11:07:03 INFO  Progress (3): 0.9/1.0 MB | 0.2/12 MB | 0/2.6 MB
2026.02.16 11:07:03 INFO  Progress (3): 0.9/1.0 MB | 0.2/12 MB | 0.1/2.6 MB
2026.02.16 11:07:03 INFO  Progress (3): 0.9/1.0 MB | 0.2/12 MB | 0.1/2.6 MB
2026.02.16 11:07:03 INFO  Progress (3): 0.9/1.0 MB | 0.2/12 MB | 0.1/2.6 MB
2026.02.16 11:07:03 INFO  Progress (4): 0.9/1.0 MB | 0.2/12 MB | 0.1/2.6 MB | 7.8/89 kB
2026.02.16 11:07:03 INFO  Progress (4): 0.9/1.0 MB | 0.2/12 MB | 0.1/2.6 MB | 16/89 kB 
2026.02.16 11:07:03 INFO  Progress (4): 0.9/1.0 MB | 0.2/12 MB | 0.1/2.6 MB | 16/89 kB
2026.02.16 11:07:03 INFO  Progress (4): 0.9/1.0 MB | 0.2/12 MB | 0.1/2.6 MB | 16/89 kB
2026.02.16 11:07:03 INFO  Progress (4): 0.9/1.0 MB | 0.2/12 MB | 0.1/2.6 MB | 16/89 kB
2026.02.16 11:07:03 INFO  Progress (4): 0.9/1.0 MB | 0.2/12 MB | 0.1/2.6 MB | 16/89 kB
2026.02.16 11:07:03 INFO  Progress (4): 0.9/1.0 MB | 0.2/12 MB | 0.1/2.6 MB | 16/89 kB
2026.02.16 11:07:03 INFO  Progress (4): 0.9/1.0 MB | 0.2/12 MB | 0.1/2.6 MB | 16/89 kB
2026.02.16 11:07:03 INFO  Progress (4): 0.9/1.0 MB | 0.2/12 MB | 0.2/2.6 MB | 16/89 kB
2026.02.16 11:07:03 INFO  Progress (4): 0.9/1.0 MB | 0.2/12 MB | 0.2/2.6 MB | 16/89 kB
2026.02.16 11:07:03 INFO  Progress (4): 0.9/1.0 MB | 0.2/12 MB | 0.2/2.6 MB | 16/89 kB
2026.02.16 11:07:03 INFO  Progress (4): 0.9/1.0 MB | 0.2/12 MB | 0.2/2.6 MB | 25/89 kB
2026.02.16 11:07:03 INFO  Progress (4): 0.9/1.0 MB | 0.2/12 MB | 0.2/2.6 MB | 25/89 kB
2026.02.16 11:07:03 INFO  Progress (4): 0.9/1.0 MB | 0.2/12 MB | 0.2/2.6 MB | 25/89 kB
2026.02.16 11:07:03 INFO  Progress (4): 0.9/1.0 MB | 0.2/12 MB | 0.2/2.6 MB | 25/89 kB
2026.02.16 11:07:03 INFO  Progress (4): 0.9/1.0 MB | 0.2/12 MB | 0.2/2.6 MB | 25/89 kB
2026.02.16 11:07:03 INFO  Progress (4): 0.9/1.0 MB | 0.2/12 MB | 0.2/2.6 MB | 25/89 kB
2026.02.16 11:07:03 INFO  Progress (4): 0.9/1.0 MB | 0.2/12 MB | 0.3/2.6 MB | 25/89 kB
2026.02.16 11:07:03 INFO  Progress (4): 1.0/1.0 MB | 0.2/12 MB | 0.3/2.6 MB | 25/89 kB
2026.02.16 11:07:03 INFO  Progress (4): 1.0/1.0 MB | 0.2/12 MB | 0.3/2.6 MB | 25/89 kB
2026.02.16 11:07:03 INFO  Progress (4): 1.0/1.0 MB | 0.2/12 MB | 0.3/2.6 MB | 25/89 kB
2026.02.16 11:07:03 INFO  Progress (4): 1.0/1.0 MB | 0.2/12 MB | 0.3/2.6 MB | 25/89 kB
2026.02.16 11:07:03 INFO  Progress (5): 1.0/1.0 MB | 0.2/12 MB | 0.3/2.6 MB | 25/89 kB | 0/1.1 MB
2026.02.16 11:07:03 INFO  Progress (5): 1.0/1.0 MB | 0.2/12 MB | 0.3/2.6 MB | 25/89 kB | 0/1.1 MB
2026.02.16 11:07:03 INFO  Progress (5): 1.0/1.0 MB | 0.2/12 MB | 0.3/2.6 MB | 25/89 kB | 0/1.1 MB
2026.02.16 11:07:03 INFO  Progress (5): 1.0/1.0 MB | 0.2/12 MB | 0.3/2.6 MB | 25/89 kB | 0/1.1 MB
2026.02.16 11:07:03 INFO  Progress (5): 1.0/1.0 MB | 0.2/12 MB | 0.3/2.6 MB | 25/89 kB | 0.1/1.1 MB
2026.02.16 11:07:03 INFO  Progress (5): 1.0/1.0 MB | 0.2/12 MB | 0.3/2.6 MB | 25/89 kB | 0.1/1.1 MB
2026.02.16 11:07:03 INFO  Progress (5): 1.0/1.0 MB | 0.2/12 MB | 0.3/2.6 MB | 25/89 kB | 0.1/1.1 MB
2026.02.16 11:07:03 INFO  Progress (5): 1.0/1.0 MB | 0.2/12 MB | 0.3/2.6 MB | 25/89 kB | 0.1/1.1 MB
2026.02.16 11:07:03 INFO  Progress (5): 1.0/1.0 MB | 0.2/12 MB | 0.3/2.6 MB | 41/89 kB | 0.1/1.1 MB
2026.02.16 11:07:03 INFO  Progress (5): 1.0/1.0 MB | 0.2/12 MB | 0.3/2.6 MB | 41/89 kB | 0.1/1.1 MB
2026.02.16 11:07:03 INFO  Progress (5): 1.0/1.0 MB | 0.2/12 MB | 0.3/2.6 MB | 41/89 kB | 0.1/1.1 MB
2026.02.16 11:07:03 INFO  Progress (5): 1.0/1.0 MB | 0.2/12 MB | 0.3/2.6 MB | 41/89 kB | 0.1/1.1 MB
2026.02.16 11:07:03 INFO  Progress (5): 1.0/1.0 MB | 0.2/12 MB | 0.3/2.6 MB | 41/89 kB | 0.1/1.1 MB
2026.02.16 11:07:03 INFO  Progress (5): 1.0/1.0 MB | 0.2/12 MB | 0.3/2.6 MB | 41/89 kB | 0.2/1.1 MB
2026.02.16 11:07:03 INFO  Progress (5): 1.0/1.0 MB | 0.2/12 MB | 0.3/2.6 MB | 41/89 kB | 0.2/1.1 MB
2026.02.16 11:07:03 INFO  Progress (5): 1.0/1.0 MB | 0.2/12 MB | 0.4/2.6 MB | 41/89 kB | 0.2/1.1 MB
2026.02.16 11:07:03 INFO  Progress (5): 1.0/1.0 MB | 0.2/12 MB | 0.4/2.6 MB | 41/89 kB | 0.2/1.1 MB
2026.02.16 11:07:03 INFO  Progress (5): 1.0/1.0 MB | 0.2/12 MB | 0.4/2.6 MB | 41/89 kB | 0.2/1.1 MB
2026.02.16 11:07:03 INFO  Progress (5): 1.0/1.0 MB | 0.2/12 MB | 0.4/2.6 MB | 41/89 kB | 0.2/1.1 MB
2026.02.16 11:07:03 INFO  Progress (5): 1.0/1.0 MB | 0.2/12 MB | 0.4/2.6 MB | 41/89 kB | 0.2/1.1 MB
2026.02.16 11:07:03 INFO  Progress (5): 1.0/1.0 MB | 0.2/12 MB | 0.4/2.6 MB | 41/89 kB | 0.2/1.1 MB
2026.02.16 11:07:03 INFO  Progress (5): 1.0/1.0 MB | 0.2/12 MB | 0.4/2.6 MB | 41/89 kB | 0.2/1.1 MB
2026.02.16 11:07:03 INFO  Progress (5): 1.0/1.0 MB | 0.2/12 MB | 0.4/2.6 MB | 41/89 kB | 0.3/1.1 MB
2026.02.16 11:07:03 INFO  Progress (5): 1.0/1.0 MB | 0.2/12 MB | 0.4/2.6 MB | 41/89 kB | 0.3/1.1 MB
2026.02.16 11:07:03 INFO  Progress (5): 1.0/1.0 MB | 0.2/12 MB | 0.4/2.6 MB | 41/89 kB | 0.3/1.1 MB
2026.02.16 11:07:03 INFO  Progress (5): 1.0/1.0 MB | 0.2/12 MB | 0.4/2.6 MB | 41/89 kB | 0.3/1.1 MB
2026.02.16 11:07:03 INFO  Progress (5): 1.0/1.0 MB | 0.2/12 MB | 0.4/2.6 MB | 41/89 kB | 0.3/1.1 MB
2026.02.16 11:07:03 INFO  Progress (5): 1.0/1.0 MB | 0.2/12 MB | 0.4/2.6 MB | 41/89 kB | 0.3/1.1 MB
2026.02.16 11:07:03 INFO  Progress (5): 1.0/1.0 MB | 0.2/12 MB | 0.4/2.6 MB | 41/89 kB | 0.3/1.1 MB
2026.02.16 11:07:03 INFO  Progress (5): 1.0/1.0 MB | 0.2/12 MB | 0.4/2.6 MB | 41/89 kB | 0.3/1.1 MB
2026.02.16 11:07:03 INFO  Progress (5): 1.0/1.0 MB | 0.2/12 MB | 0.4/2.6 MB | 41/89 kB | 0.3/1.1 MB
2026.02.16 11:07:03 INFO  Progress (5): 1.0/1.0 MB | 0.2/12 MB | 0.4/2.6 MB | 41/89 kB | 0.3/1.1 MB
2026.02.16 11:07:03 INFO  Progress (5): 1.0/1.0 MB | 0.2/12 MB | 0.4/2.6 MB | 41/89 kB | 0.4/1.1 MB
2026.02.16 11:07:03 INFO  Progress (5): 1.0/1.0 MB | 0.2/12 MB | 0.4/2.6 MB | 41/89 kB | 0.4/1.1 MB
2026.02.16 11:07:03 INFO  Progress (5): 1.0/1.0 MB | 0.2/12 MB | 0.4/2.6 MB | 41/89 kB | 0.4/1.1 MB
2026.02.16 11:07:03 INFO  Progress (5): 1.0/1.0 MB | 0.2/12 MB | 0.4/2.6 MB | 41/89 kB | 0.4/1.1 MB
2026.02.16 11:07:03 INFO  Progress (5): 1.0/1.0 MB | 0.2/12 MB | 0.4/2.6 MB | 41/89 kB | 0.4/1.1 MB
2026.02.16 11:07:03 INFO  Progress (5): 1.0/1.0 MB | 0.2/12 MB | 0.4/2.6 MB | 41/89 kB | 0.4/1.1 MB
2026.02.16 11:07:03 INFO  Progress (5): 1.0/1.0 MB | 0.2/12 MB | 0.4/2.6 MB | 41/89 kB | 0.4/1.1 MB
2026.02.16 11:07:03 INFO  Progress (5): 1.0/1.0 MB | 0.2/12 MB | 0.4/2.6 MB | 41/89 kB | 0.5/1.1 MB
2026.02.16 11:07:03 INFO  Progress (5): 1.0/1.0 MB | 0.2/12 MB | 0.4/2.6 MB | 41/89 kB | 0.5/1.1 MB
2026.02.16 11:07:03 INFO  Progress (5): 1.0/1.0 MB | 0.2/12 MB | 0.4/2.6 MB | 41/89 kB | 0.5/1.1 MB
2026.02.16 11:07:03 INFO  Progress (5): 1.0/1.0 MB | 0.2/12 MB | 0.4/2.6 MB | 41/89 kB | 0.5/1.1 MB
2026.02.16 11:07:03 INFO  Progress (5): 1.0/1.0 MB | 0.2/12 MB | 0.4/2.6 MB | 41/89 kB | 0.5/1.1 MB
2026.02.16 11:07:03 INFO  Progress (5): 1.0/1.0 MB | 0.2/12 MB | 0.5/2.6 MB | 41/89 kB | 0.5/1.1 MB
2026.02.16 11:07:03 INFO  Progress (5): 1.0/1.0 MB | 0.2/12 MB | 0.5/2.6 MB | 41/89 kB | 0.5/1.1 MB
2026.02.16 11:07:03 INFO  Progress (5): 1.0/1.0 MB | 0.2/12 MB | 0.5/2.6 MB | 41/89 kB | 0.5/1.1 MB
2026.02.16 11:07:03 INFO  Progress (5): 1.0/1.0 MB | 0.2/12 MB | 0.5/2.6 MB | 41/89 kB | 0.5/1.1 MB
2026.02.16 11:07:03 INFO  Progress (5): 1.0/1.0 MB | 0.2/12 MB | 0.5/2.6 MB | 41/89 kB | 0.5/1.1 MB
2026.02.16 11:07:03 INFO  Progress (5): 1.0/1.0 MB | 0.2/12 MB | 0.5/2.6 MB | 41/89 kB | 0.5/1.1 MB
2026.02.16 11:07:03 INFO  Progress (5): 1.0/1.0 MB | 0.2/12 MB | 0.5/2.6 MB | 41/89 kB | 0.6/1.1 MB
2026.02.16 11:07:03 INFO  Progress (5): 1.0/1.0 MB | 0.2/12 MB | 0.5/2.6 MB | 41/89 kB | 0.6/1.1 MB
2026.02.16 11:07:03 INFO  Progress (5): 1.0/1.0 MB | 0.2/12 MB | 0.5/2.6 MB | 41/89 kB | 0.6/1.1 MB
2026.02.16 11:07:03 INFO  Progress (5): 1.0/1.0 MB | 0.2/12 MB | 0.5/2.6 MB | 41/89 kB | 0.6/1.1 MB
2026.02.16 11:07:03 INFO  Progress (5): 1.0/1.0 MB | 0.2/12 MB | 0.5/2.6 MB | 41/89 kB | 0.6/1.1 MB
2026.02.16 11:07:03 INFO  Progress (5): 1.0/1.0 MB | 0.2/12 MB | 0.5/2.6 MB | 41/89 kB | 0.6/1.1 MB
2026.02.16 11:07:03 INFO  Progress (5): 1.0/1.0 MB | 0.2/12 MB | 0.5/2.6 MB | 41/89 kB | 0.6/1.1 MB
2026.02.16 11:07:03 INFO  Progress (5): 1.0/1.0 MB | 0.2/12 MB | 0.5/2.6 MB | 41/89 kB | 0.7/1.1 MB
2026.02.16 11:07:03 INFO  Progress (5): 1.0/1.0 MB | 0.2/12 MB | 0.5/2.6 MB | 41/89 kB | 0.7/1.1 MB
2026.02.16 11:07:03 INFO  Progress (5): 1.0/1.0 MB | 0.2/12 MB | 0.5/2.6 MB | 41/89 kB | 0.7/1.1 MB
2026.02.16 11:07:03 INFO  Progress (5): 1.0/1.0 MB | 0.2/12 MB | 0.5/2.6 MB | 57/89 kB | 0.7/1.1 MB
2026.02.16 11:07:03 INFO  Progress (5): 1.0/1.0 MB | 0.2/12 MB | 0.5/2.6 MB | 57/89 kB | 0.7/1.1 MB
2026.02.16 11:07:03 INFO  Progress (5): 1.0/1.0 MB | 0.2/12 MB | 0.5/2.6 MB | 57/89 kB | 0.7/1.1 MB
2026.02.16 11:07:03 INFO  Progress (5): 1.0 MB | 0.2/12 MB | 0.5/2.6 MB | 57/89 kB | 0.7/1.1 MB    
2026.02.16 11:07:03 INFO  Progress (5): 1.0 MB | 0.2/12 MB | 0.5/2.6 MB | 57/89 kB | 0.7/1.1 MB
2026.02.16 11:07:03 INFO  Progress (5): 1.0 MB | 0.2/12 MB | 0.5/2.6 MB | 57/89 kB | 0.7/1.1 MB
2026.02.16 11:07:03 INFO  Progress (5): 1.0 MB | 0.2/12 MB | 0.5/2.6 MB | 57/89 kB | 0.7/1.1 MB
2026.02.16 11:07:03 INFO  Progress (5): 1.0 MB | 0.2/12 MB | 0.5/2.6 MB | 57/89 kB | 0.7/1.1 MB
2026.02.16 11:07:03 INFO  Progress (5): 1.0 MB | 0.2/12 MB | 0.5/2.6 MB | 57/89 kB | 0.8/1.1 MB
2026.02.16 11:07:03 INFO  Progress (5): 1.0 MB | 0.2/12 MB | 0.5/2.6 MB | 57/89 kB | 0.8/1.1 MB
2026.02.16 11:07:03 INFO  Progress (5): 1.0 MB | 0.2/12 MB | 0.5/2.6 MB | 57/89 kB | 0.8/1.1 MB
2026.02.16 11:07:03 INFO                                                                       
2026.02.16 11:07:03 INFO  Downloaded from central: https://repo.maven.apache.org/maven2/org/apache/commons/commons-compress/1.21/commons-compress-1.21.jar (1.0 MB at 1.2 MB/s)
2026.02.16 11:07:03 INFO  Downloading from central: https://repo.maven.apache.org/maven2/org/scala-sbt/io_2.13/1.8.0/io_2.13-1.8.0.jar
2026.02.16 11:07:03 INFO  Progress (4): 0.2/12 MB | 0.5/2.6 MB | 57/89 kB | 0.8/1.1 MB
2026.02.16 11:07:03 INFO  Progress (4): 0.2/12 MB | 0.5/2.6 MB | 57/89 kB | 0.8/1.1 MB
2026.02.16 11:07:03 INFO  Progress (4): 0.2/12 MB | 0.5/2.6 MB | 57/89 kB | 0.8/1.1 MB
2026.02.16 11:07:03 INFO  Progress (4): 0.2/12 MB | 0.5/2.6 MB | 57/89 kB | 0.8/1.1 MB
2026.02.16 11:07:03 INFO  Progress (4): 0.2/12 MB | 0.5/2.6 MB | 57/89 kB | 0.8/1.1 MB
2026.02.16 11:07:03 INFO  Progress (4): 0.2/12 MB | 0.5/2.6 MB | 57/89 kB | 0.9/1.1 MB
2026.02.16 11:07:03 INFO  Progress (4): 0.2/12 MB | 0.5/2.6 MB | 57/89 kB | 0.9/1.1 MB
2026.02.16 11:07:03 INFO  Progress (4): 0.2/12 MB | 0.5/2.6 MB | 57/89 kB | 0.9/1.1 MB
2026.02.16 11:07:03 INFO  Progress (4): 0.2/12 MB | 0.5/2.6 MB | 57/89 kB | 0.9/1.1 MB
2026.02.16 11:07:03 INFO  Progress (4): 0.2/12 MB | 0.5/2.6 MB | 57/89 kB | 0.9/1.1 MB
2026.02.16 11:07:03 INFO  Progress (4): 0.2/12 MB | 0.5/2.6 MB | 57/89 kB | 0.9/1.1 MB
2026.02.16 11:07:03 INFO  Progress (4): 0.2/12 MB | 0.6/2.6 MB | 57/89 kB | 0.9/1.1 MB
2026.02.16 11:07:03 INFO  Progress (4): 0.2/12 MB | 0.6/2.6 MB | 57/89 kB | 1.0/1.1 MB
2026.02.16 11:07:03 INFO  Progress (4): 0.2/12 MB | 0.6/2.6 MB | 57/89 kB | 1.0/1.1 MB
2026.02.16 11:07:03 INFO  Progress (4): 0.2/12 MB | 0.6/2.6 MB | 57/89 kB | 1.0/1.1 MB
2026.02.16 11:07:03 INFO  Progress (4): 0.2/12 MB | 0.6/2.6 MB | 57/89 kB | 1.0/1.1 MB
2026.02.16 11:07:03 INFO  Progress (4): 0.2/12 MB | 0.6/2.6 MB | 57/89 kB | 1.0/1.1 MB
2026.02.16 11:07:03 INFO  Progress (4): 0.2/12 MB | 0.6/2.6 MB | 57/89 kB | 1.0/1.1 MB
2026.02.16 11:07:03 INFO  Progress (4): 0.2/12 MB | 0.6/2.6 MB | 57/89 kB | 1.0/1.1 MB
2026.02.16 11:07:03 INFO  Progress (4): 0.2/12 MB | 0.6/2.6 MB | 57/89 kB | 1.0/1.1 MB
2026.02.16 11:07:03 INFO  Progress (4): 0.2/12 MB | 0.6/2.6 MB | 57/89 kB | 1.0/1.1 MB
2026.02.16 11:07:03 INFO  Progress (4): 0.2/12 MB | 0.6/2.6 MB | 57/89 kB | 1.1/1.1 MB
2026.02.16 11:07:03 INFO  Progress (4): 0.2/12 MB | 0.6/2.6 MB | 57/89 kB | 1.1/1.1 MB
2026.02.16 11:07:03 INFO  Progress (4): 0.2/12 MB | 0.6/2.6 MB | 57/89 kB | 1.1/1.1 MB
2026.02.16 11:07:03 INFO  Progress (4): 0.2/12 MB | 0.6/2.6 MB | 57/89 kB | 1.1/1.1 MB
2026.02.16 11:07:03 INFO  Progress (4): 0.2/12 MB | 0.6/2.6 MB | 57/89 kB | 1.1/1.1 MB
2026.02.16 11:07:03 INFO  Progress (4): 0.2/12 MB | 0.6/2.6 MB | 57/89 kB | 1.1/1.1 MB
2026.02.16 11:07:03 INFO  Progress (4): 0.2/12 MB | 0.6/2.6 MB | 57/89 kB | 1.1/1.1 MB
2026.02.16 11:07:03 INFO  Progress (4): 0.2/12 MB | 0.6/2.6 MB | 57/89 kB | 1.1 MB    
2026.02.16 11:07:03 INFO                                                          
2026.02.16 11:07:03 INFO  Downloaded from central: https://repo.maven.apache.org/maven2/org/scala-lang/modules/scala-parallel-collections_2.13/0.2.0/scala-parallel-collections_2.13-0.2.0.jar (1.1 MB at 1.3 MB/s)
2026.02.16 11:07:03 INFO  Downloading from central: https://repo.maven.apache.org/maven2/com/swoval/file-tree-views/2.1.9/file-tree-views-2.1.9.jar
2026.02.16 11:07:03 INFO  Progress (3): 0.2/12 MB | 0.6/2.6 MB | 57/89 kB
2026.02.16 11:07:03 INFO  Progress (3): 0.2/12 MB | 0.6/2.6 MB | 74/89 kB
2026.02.16 11:07:03 INFO  Progress (3): 0.2/12 MB | 0.6/2.6 MB | 74/89 kB
2026.02.16 11:07:03 INFO  Progress (3): 0.2/12 MB | 0.7/2.6 MB | 74/89 kB
2026.02.16 11:07:03 INFO  Progress (3): 0.3/12 MB | 0.7/2.6 MB | 74/89 kB
2026.02.16 11:07:03 INFO  Progress (3): 0.3/12 MB | 0.7/2.6 MB | 89 kB   
2026.02.16 11:07:03 INFO                                              
2026.02.16 11:07:03 INFO  Downloaded from central: https://repo.maven.apache.org/maven2/org/scala-sbt/zinc-classpath_2.13/1.8.0/zinc-classpath_2.13-1.8.0.jar (89 kB at 103 kB/s)
2026.02.16 11:07:03 INFO  Downloading from central: https://repo.maven.apache.org/maven2/net/java/dev/jna/jna/5.12.0/jna-5.12.0.jar
2026.02.16 11:07:03 INFO  Progress (2): 0.3/12 MB | 0.7/2.6 MB
2026.02.16 11:07:03 INFO  Progress (2): 0.3/12 MB | 0.7/2.6 MB
2026.02.16 11:07:03 INFO  Progress (2): 0.3/12 MB | 0.7/2.6 MB
2026.02.16 11:07:03 INFO  Progress (2): 0.3/12 MB | 0.7/2.6 MB
2026.02.16 11:07:03 INFO  Progress (2): 0.3/12 MB | 0.7/2.6 MB
2026.02.16 11:07:03 INFO  Progress (2): 0.3/12 MB | 0.7/2.6 MB
2026.02.16 11:07:03 INFO  Progress (2): 0.3/12 MB | 0.8/2.6 MB
2026.02.16 11:07:03 INFO  Progress (2): 0.3/12 MB | 0.8/2.6 MB
2026.02.16 11:07:03 INFO  Progress (2): 0.3/12 MB | 0.8/2.6 MB
2026.02.16 11:07:03 INFO  Progress (2): 0.3/12 MB | 0.8/2.6 MB
2026.02.16 11:07:03 INFO  Progress (2): 0.3/12 MB | 0.8/2.6 MB
2026.02.16 11:07:03 INFO  Progress (2): 0.3/12 MB | 0.8/2.6 MB
2026.02.16 11:07:03 INFO  Progress (2): 0.3/12 MB | 0.8/2.6 MB
2026.02.16 11:07:03 INFO  Progress (2): 0.3/12 MB | 0.9/2.6 MB
2026.02.16 11:07:03 INFO  Progress (2): 0.3/12 MB | 0.9/2.6 MB
2026.02.16 11:07:03 INFO  Progress (2): 0.3/12 MB | 0.9/2.6 MB
2026.02.16 11:07:03 INFO  Progress (2): 0.3/12 MB | 0.9/2.6 MB
2026.02.16 11:07:03 INFO  Progress (2): 0.3/12 MB | 0.9/2.6 MB
2026.02.16 11:07:03 INFO  Progress (3): 0.3/12 MB | 0.9/2.6 MB | 4.1/229 kB
2026.02.16 11:07:03 INFO  Progress (3): 0.3/12 MB | 0.9/2.6 MB | 20/229 kB 
2026.02.16 11:07:03 INFO  Progress (3): 0.3/12 MB | 0.9/2.6 MB | 37/229 kB
2026.02.16 11:07:03 INFO  Progress (3): 0.3/12 MB | 0.9/2.6 MB | 53/229 kB
2026.02.16 11:07:03 INFO  Progress (3): 0.3/12 MB | 0.9/2.6 MB | 61/229 kB
2026.02.16 11:07:03 INFO  Progress (3): 0.3/12 MB | 0.9/2.6 MB | 61/229 kB
2026.02.16 11:07:03 INFO  Progress (3): 0.3/12 MB | 0.9/2.6 MB | 78/229 kB
2026.02.16 11:07:03 INFO  Progress (3): 0.3/12 MB | 0.9/2.6 MB | 94/229 kB
2026.02.16 11:07:03 INFO  Progress (3): 0.3/12 MB | 0.9/2.6 MB | 111/229 kB
2026.02.16 11:07:03 INFO  Progress (3): 0.3/12 MB | 0.9/2.6 MB | 111/229 kB
2026.02.16 11:07:03 INFO  Progress (3): 0.3/12 MB | 0.9/2.6 MB | 127/229 kB
2026.02.16 11:07:03 INFO  Progress (3): 0.3/12 MB | 0.9/2.6 MB | 143/229 kB
2026.02.16 11:07:03 INFO  Progress (3): 0.3/12 MB | 1.0/2.6 MB | 143/229 kB
2026.02.16 11:07:03 INFO  Progress (3): 0.3/12 MB | 1.0/2.6 MB | 160/229 kB
2026.02.16 11:07:03 INFO  Progress (3): 0.3/12 MB | 1.0/2.6 MB | 160/229 kB
2026.02.16 11:07:03 INFO  Progress (3): 0.3/12 MB | 1.0/2.6 MB | 160/229 kB
2026.02.16 11:07:03 INFO  Progress (3): 0.3/12 MB | 1.0/2.6 MB | 172/229 kB
2026.02.16 11:07:03 INFO  Progress (3): 0.3/12 MB | 1.0/2.6 MB | 188/229 kB
2026.02.16 11:07:03 INFO  Progress (3): 0.3/12 MB | 1.0/2.6 MB | 205/229 kB
2026.02.16 11:07:03 INFO  Progress (3): 0.3/12 MB | 1.0/2.6 MB | 221/229 kB
2026.02.16 11:07:03 INFO  Progress (3): 0.3/12 MB | 1.0/2.6 MB | 229 kB    
2026.02.16 11:07:03 INFO  Progress (4): 0.3/12 MB | 1.0/2.6 MB | 229 kB | 0/1.9 MB
2026.02.16 11:07:03 INFO  Progress (4): 0.3/12 MB | 1.0/2.6 MB | 229 kB | 0/1.9 MB
2026.02.16 11:07:03 INFO                                                          
2026.02.16 11:07:03 INFO  Downloaded from central: https://repo.maven.apache.org/maven2/com/swoval/file-tree-views/2.1.9/file-tree-views-2.1.9.jar (229 kB at 258 kB/s)
2026.02.16 11:07:03 INFO  Downloading from central: https://repo.maven.apache.org/maven2/net/java/dev/jna/jna-platform/5.12.0/jna-platform-5.12.0.jar
2026.02.16 11:07:03 INFO  Progress (3): 0.3/12 MB | 1.0/2.6 MB | 0/1.9 MB
2026.02.16 11:07:03 INFO  Progress (3): 0.3/12 MB | 1.0/2.6 MB | 0/1.9 MB
2026.02.16 11:07:03 INFO  Progress (3): 0.3/12 MB | 1.0/2.6 MB | 0/1.9 MB
2026.02.16 11:07:03 INFO  Progress (3): 0.3/12 MB | 1.0/2.6 MB | 0/1.9 MB
2026.02.16 11:07:03 INFO  Progress (3): 0.3/12 MB | 1.1/2.6 MB | 0/1.9 MB
2026.02.16 11:07:03 INFO  Progress (3): 0.3/12 MB | 1.1/2.6 MB | 0/1.9 MB
2026.02.16 11:07:03 INFO  Progress (3): 0.3/12 MB | 1.1/2.6 MB | 0/1.9 MB
2026.02.16 11:07:03 INFO  Progress (3): 0.3/12 MB | 1.1/2.6 MB | 0/1.9 MB
2026.02.16 11:07:03 INFO  Progress (3): 0.3/12 MB | 1.1/2.6 MB | 0/1.9 MB
2026.02.16 11:07:03 INFO  Progress (3): 0.3/12 MB | 1.1/2.6 MB | 0/1.9 MB
2026.02.16 11:07:03 INFO  Progress (3): 0.3/12 MB | 1.1/2.6 MB | 0/1.9 MB
2026.02.16 11:07:03 INFO  Progress (3): 0.3/12 MB | 1.1/2.6 MB | 0/1.9 MB
2026.02.16 11:07:03 INFO  Progress (3): 0.3/12 MB | 1.2/2.6 MB | 0/1.9 MB
2026.02.16 11:07:03 INFO  Progress (3): 0.3/12 MB | 1.2/2.6 MB | 0/1.9 MB
2026.02.16 11:07:03 INFO  Progress (3): 0.3/12 MB | 1.2/2.6 MB | 0/1.9 MB
2026.02.16 11:07:03 INFO  Progress (3): 0.3/12 MB | 1.2/2.6 MB | 0/1.9 MB
2026.02.16 11:07:03 INFO  Progress (3): 0.3/12 MB | 1.2/2.6 MB | 0/1.9 MB
2026.02.16 11:07:03 INFO  Progress (3): 0.3/12 MB | 1.2/2.6 MB | 0/1.9 MB
2026.02.16 11:07:03 INFO  Progress (3): 0.3/12 MB | 1.2/2.6 MB | 0/1.9 MB
2026.02.16 11:07:03 INFO  Progress (3): 0.3/12 MB | 1.3/2.6 MB | 0/1.9 MB
2026.02.16 11:07:03 INFO  Progress (3): 0.3/12 MB | 1.3/2.6 MB | 0/1.9 MB
2026.02.16 11:07:03 INFO  Progress (3): 0.3/12 MB | 1.3/2.6 MB | 0/1.9 MB
2026.02.16 11:07:03 INFO  Progress (3): 0.3/12 MB | 1.3/2.6 MB | 0/1.9 MB
2026.02.16 11:07:03 INFO  Progress (3): 0.3/12 MB | 1.3/2.6 MB | 0/1.9 MB
2026.02.16 11:07:03 INFO  Progress (3): 0.3/12 MB | 1.3/2.6 MB | 0/1.9 MB
2026.02.16 11:07:03 INFO  Progress (3): 0.3/12 MB | 1.3/2.6 MB | 0/1.9 MB
2026.02.16 11:07:03 INFO  Progress (3): 0.3/12 MB | 1.4/2.6 MB | 0/1.9 MB
2026.02.16 11:07:03 INFO  Progress (3): 0.3/12 MB | 1.4/2.6 MB | 0/1.9 MB
2026.02.16 11:07:03 INFO  Progress (3): 0.3/12 MB | 1.4/2.6 MB | 0/1.9 MB
2026.02.16 11:07:03 INFO  Progress (3): 0.4/12 MB | 1.4/2.6 MB | 0/1.9 MB
2026.02.16 11:07:03 INFO  Progress (3): 0.4/12 MB | 1.4/2.6 MB | 0/1.9 MB
2026.02.16 11:07:03 INFO  Progress (3): 0.4/12 MB | 1.4/2.6 MB | 0/1.9 MB
2026.02.16 11:07:03 INFO  Progress (3): 0.4/12 MB | 1.4/2.6 MB | 0.1/1.9 MB
2026.02.16 11:07:03 INFO  Progress (3): 0.4/12 MB | 1.4/2.6 MB | 0.1/1.9 MB
2026.02.16 11:07:03 INFO  Progress (3): 0.4/12 MB | 1.5/2.6 MB | 0.1/1.9 MB
2026.02.16 11:07:03 INFO  Progress (4): 0.4/12 MB | 1.5/2.6 MB | 0.1/1.9 MB | 0/1.4 MB
2026.02.16 11:07:03 INFO  Progress (4): 0.4/12 MB | 1.5/2.6 MB | 0.1/1.9 MB | 0/1.4 MB
2026.02.16 11:07:03 INFO  Progress (4): 0.4/12 MB | 1.5/2.6 MB | 0.1/1.9 MB | 0/1.4 MB
2026.02.16 11:07:03 INFO  Progress (4): 0.4/12 MB | 1.5/2.6 MB | 0.1/1.9 MB | 0/1.4 MB
2026.02.16 11:07:03 INFO  Progress (4): 0.4/12 MB | 1.5/2.6 MB | 0.1/1.9 MB | 0/1.4 MB
2026.02.16 11:07:03 INFO  Progress (4): 0.4/12 MB | 1.5/2.6 MB | 0.1/1.9 MB | 0.1/1.4 MB
2026.02.16 11:07:03 INFO  Progress (4): 0.4/12 MB | 1.5/2.6 MB | 0.1/1.9 MB | 0.1/1.4 MB
2026.02.16 11:07:03 INFO  Progress (4): 0.4/12 MB | 1.5/2.6 MB | 0.1/1.9 MB | 0.1/1.4 MB
2026.02.16 11:07:03 INFO  Progress (4): 0.4/12 MB | 1.5/2.6 MB | 0.1/1.9 MB | 0.1/1.4 MB
2026.02.16 11:07:03 INFO  Progress (4): 0.4/12 MB | 1.5/2.6 MB | 0.1/1.9 MB | 0.1/1.4 MB
2026.02.16 11:07:03 INFO  Progress (4): 0.4/12 MB | 1.5/2.6 MB | 0.1/1.9 MB | 0.1/1.4 MB
2026.02.16 11:07:03 INFO  Progress (4): 0.4/12 MB | 1.5/2.6 MB | 0.1/1.9 MB | 0.1/1.4 MB
2026.02.16 11:07:03 INFO  Progress (4): 0.4/12 MB | 1.5/2.6 MB | 0.1/1.9 MB | 0.2/1.4 MB
2026.02.16 11:07:03 INFO  Progress (4): 0.4/12 MB | 1.5/2.6 MB | 0.1/1.9 MB | 0.2/1.4 MB
2026.02.16 11:07:03 INFO  Progress (4): 0.4/12 MB | 1.5/2.6 MB | 0.1/1.9 MB | 0.2/1.4 MB
2026.02.16 11:07:03 INFO  Progress (4): 0.4/12 MB | 1.5/2.6 MB | 0.1/1.9 MB | 0.2/1.4 MB
2026.02.16 11:07:03 INFO  Progress (4): 0.4/12 MB | 1.5/2.6 MB | 0.1/1.9 MB | 0.2/1.4 MB
2026.02.16 11:07:03 INFO  Progress (4): 0.4/12 MB | 1.5/2.6 MB | 0.1/1.9 MB | 0.2/1.4 MB
2026.02.16 11:07:03 INFO  Progress (4): 0.4/12 MB | 1.5/2.6 MB | 0.1/1.9 MB | 0.2/1.4 MB
2026.02.16 11:07:03 INFO  Progress (4): 0.4/12 MB | 1.5/2.6 MB | 0.1/1.9 MB | 0.2/1.4 MB
2026.02.16 11:07:03 INFO  Progress (4): 0.4/12 MB | 1.5/2.6 MB | 0.1/1.9 MB | 0.3/1.4 MB
2026.02.16 11:07:03 INFO  Progress (4): 0.4/12 MB | 1.5/2.6 MB | 0.1/1.9 MB | 0.3/1.4 MB
2026.02.16 11:07:03 INFO  Progress (4): 0.4/12 MB | 1.5/2.6 MB | 0.1/1.9 MB | 0.3/1.4 MB
2026.02.16 11:07:03 INFO  Progress (4): 0.4/12 MB | 1.5/2.6 MB | 0.1/1.9 MB | 0.3/1.4 MB
2026.02.16 11:07:03 INFO  Progress (4): 0.4/12 MB | 1.5/2.6 MB | 0.1/1.9 MB | 0.3/1.4 MB
2026.02.16 11:07:03 INFO  Progress (4): 0.4/12 MB | 1.5/2.6 MB | 0.1/1.9 MB | 0.3/1.4 MB
2026.02.16 11:07:03 INFO  Progress (4): 0.4/12 MB | 1.5/2.6 MB | 0.1/1.9 MB | 0.4/1.4 MB
2026.02.16 11:07:03 INFO  Progress (4): 0.4/12 MB | 1.5/2.6 MB | 0.1/1.9 MB | 0.4/1.4 MB
2026.02.16 11:07:03 INFO  Progress (4): 0.4/12 MB | 1.5/2.6 MB | 0.1/1.9 MB | 0.4/1.4 MB
2026.02.16 11:07:03 INFO  Progress (4): 0.4/12 MB | 1.5/2.6 MB | 0.1/1.9 MB | 0.4/1.4 MB
2026.02.16 11:07:03 INFO  Progress (4): 0.4/12 MB | 1.5/2.6 MB | 0.1/1.9 MB | 0.4/1.4 MB
2026.02.16 11:07:03 INFO  Progress (4): 0.4/12 MB | 1.5/2.6 MB | 0.1/1.9 MB | 0.4/1.4 MB
2026.02.16 11:07:03 INFO  Progress (4): 0.4/12 MB | 1.5/2.6 MB | 0.1/1.9 MB | 0.4/1.4 MB
2026.02.16 11:07:03 INFO  Progress (4): 0.4/12 MB | 1.5/2.6 MB | 0.1/1.9 MB | 0.4/1.4 MB
2026.02.16 11:07:03 INFO  Progress (4): 0.4/12 MB | 1.5/2.6 MB | 0.1/1.9 MB | 0.5/1.4 MB
2026.02.16 11:07:03 INFO  Progress (4): 0.4/12 MB | 1.5/2.6 MB | 0.1/1.9 MB | 0.5/1.4 MB
2026.02.16 11:07:03 INFO  Progress (4): 0.4/12 MB | 1.5/2.6 MB | 0.1/1.9 MB | 0.5/1.4 MB
2026.02.16 11:07:03 INFO  Progress (4): 0.4/12 MB | 1.5/2.6 MB | 0.1/1.9 MB | 0.5/1.4 MB
2026.02.16 11:07:03 INFO  Progress (4): 0.4/12 MB | 1.5/2.6 MB | 0.1/1.9 MB | 0.5/1.4 MB
2026.02.16 11:07:03 INFO  Progress (4): 0.4/12 MB | 1.6/2.6 MB | 0.1/1.9 MB | 0.5/1.4 MB
2026.02.16 11:07:03 INFO  Progress (4): 0.4/12 MB | 1.6/2.6 MB | 0.1/1.9 MB | 0.5/1.4 MB
2026.02.16 11:07:03 INFO  Progress (4): 0.4/12 MB | 1.6/2.6 MB | 0.1/1.9 MB | 0.5/1.4 MB
2026.02.16 11:07:03 INFO  Progress (4): 0.4/12 MB | 1.6/2.6 MB | 0.1/1.9 MB | 0.5/1.4 MB
2026.02.16 11:07:03 INFO  Progress (4): 0.4/12 MB | 1.6/2.6 MB | 0.1/1.9 MB | 0.6/1.4 MB
2026.02.16 11:07:03 INFO  Progress (4): 0.4/12 MB | 1.6/2.6 MB | 0.1/1.9 MB | 0.6/1.4 MB
2026.02.16 11:07:03 INFO  Progress (4): 0.4/12 MB | 1.6/2.6 MB | 0.1/1.9 MB | 0.6/1.4 MB
2026.02.16 11:07:03 INFO  Progress (4): 0.4/12 MB | 1.6/2.6 MB | 0.1/1.9 MB | 0.6/1.4 MB
2026.02.16 11:07:03 INFO  Progress (4): 0.4/12 MB | 1.6/2.6 MB | 0.1/1.9 MB | 0.6/1.4 MB
2026.02.16 11:07:03 INFO  Progress (4): 0.4/12 MB | 1.6/2.6 MB | 0.1/1.9 MB | 0.6/1.4 MB
2026.02.16 11:07:03 INFO  Progress (4): 0.4/12 MB | 1.6/2.6 MB | 0.1/1.9 MB | 0.7/1.4 MB
2026.02.16 11:07:03 INFO  Progress (4): 0.4/12 MB | 1.6/2.6 MB | 0.1/1.9 MB | 0.7/1.4 MB
2026.02.16 11:07:03 INFO  Progress (4): 0.4/12 MB | 1.6/2.6 MB | 0.1/1.9 MB | 0.7/1.4 MB
2026.02.16 11:07:03 INFO  Progress (4): 0.4/12 MB | 1.6/2.6 MB | 0.1/1.9 MB | 0.7/1.4 MB
2026.02.16 11:07:03 INFO  Progress (4): 0.4/12 MB | 1.6/2.6 MB | 0.1/1.9 MB | 0.7/1.4 MB
2026.02.16 11:07:03 INFO  Progress (4): 0.4/12 MB | 1.6/2.6 MB | 0.1/1.9 MB | 0.7/1.4 MB
2026.02.16 11:07:03 INFO  Progress (4): 0.4/12 MB | 1.6/2.6 MB | 0.1/1.9 MB | 0.7/1.4 MB
2026.02.16 11:07:03 INFO  Progress (4): 0.4/12 MB | 1.6/2.6 MB | 0.1/1.9 MB | 0.7/1.4 MB
2026.02.16 11:07:03 INFO  Progress (4): 0.4/12 MB | 1.6/2.6 MB | 0.1/1.9 MB | 0.8/1.4 MB
2026.02.16 11:07:03 INFO  Progress (4): 0.4/12 MB | 1.6/2.6 MB | 0.1/1.9 MB | 0.8/1.4 MB
2026.02.16 11:07:03 INFO  Progress (4): 0.4/12 MB | 1.6/2.6 MB | 0.1/1.9 MB | 0.8/1.4 MB
2026.02.16 11:07:03 INFO  Progress (4): 0.4/12 MB | 1.6/2.6 MB | 0.1/1.9 MB | 0.8/1.4 MB
2026.02.16 11:07:03 INFO  Progress (4): 0.4/12 MB | 1.6/2.6 MB | 0.1/1.9 MB | 0.8/1.4 MB
2026.02.16 11:07:03 INFO  Progress (4): 0.4/12 MB | 1.6/2.6 MB | 0.1/1.9 MB | 0.8/1.4 MB
2026.02.16 11:07:03 INFO  Progress (4): 0.4/12 MB | 1.6/2.6 MB | 0.1/1.9 MB | 0.8/1.4 MB
2026.02.16 11:07:03 INFO  Progress (4): 0.4/12 MB | 1.6/2.6 MB | 0.1/1.9 MB | 0.9/1.4 MB
2026.02.16 11:07:03 INFO  Progress (4): 0.4/12 MB | 1.6/2.6 MB | 0.1/1.9 MB | 0.9/1.4 MB
2026.02.16 11:07:03 INFO  Progress (4): 0.4/12 MB | 1.6/2.6 MB | 0.1/1.9 MB | 0.9/1.4 MB
2026.02.16 11:07:03 INFO  Progress (4): 0.4/12 MB | 1.6/2.6 MB | 0.1/1.9 MB | 0.9/1.4 MB
2026.02.16 11:07:03 INFO  Progress (4): 0.4/12 MB | 1.6/2.6 MB | 0.1/1.9 MB | 0.9/1.4 MB
2026.02.16 11:07:03 INFO  Progress (4): 0.4/12 MB | 1.6/2.6 MB | 0.1/1.9 MB | 0.9/1.4 MB
2026.02.16 11:07:03 INFO  Progress (4): 0.4/12 MB | 1.6/2.6 MB | 0.1/1.9 MB | 0.9/1.4 MB
2026.02.16 11:07:03 INFO  Progress (4): 0.4/12 MB | 1.6/2.6 MB | 0.1/1.9 MB | 0.9/1.4 MB
2026.02.16 11:07:03 INFO  Progress (4): 0.4/12 MB | 1.6/2.6 MB | 0.1/1.9 MB | 1.0/1.4 MB
2026.02.16 11:07:03 INFO  Progress (4): 0.4/12 MB | 1.6/2.6 MB | 0.1/1.9 MB | 1.0/1.4 MB
2026.02.16 11:07:03 INFO  Progress (4): 0.4/12 MB | 1.6/2.6 MB | 0.1/1.9 MB | 1.0/1.4 MB
2026.02.16 11:07:03 INFO  Progress (4): 0.4/12 MB | 1.7/2.6 MB | 0.1/1.9 MB | 1.0/1.4 MB
2026.02.16 11:07:03 INFO  Progress (4): 0.4/12 MB | 1.7/2.6 MB | 0.1/1.9 MB | 1.0/1.4 MB
2026.02.16 11:07:03 INFO  Progress (4): 0.4/12 MB | 1.7/2.6 MB | 0.1/1.9 MB | 1.0/1.4 MB
2026.02.16 11:07:03 INFO  Progress (4): 0.4/12 MB | 1.7/2.6 MB | 0.1/1.9 MB | 1.0/1.4 MB
2026.02.16 11:07:03 INFO  Progress (4): 0.4/12 MB | 1.7/2.6 MB | 0.1/1.9 MB | 1.0/1.4 MB
2026.02.16 11:07:03 INFO  Progress (4): 0.4/12 MB | 1.7/2.6 MB | 0.1/1.9 MB | 1.1/1.4 MB
2026.02.16 11:07:03 INFO  Progress (4): 0.4/12 MB | 1.7/2.6 MB | 0.1/1.9 MB | 1.1/1.4 MB
2026.02.16 11:07:03 INFO  Progress (4): 0.4/12 MB | 1.7/2.6 MB | 0.1/1.9 MB | 1.1/1.4 MB
2026.02.16 11:07:03 INFO  Progress (4): 0.4/12 MB | 1.7/2.6 MB | 0.1/1.9 MB | 1.1/1.4 MB
2026.02.16 11:07:03 INFO  Progress (4): 0.4/12 MB | 1.7/2.6 MB | 0.1/1.9 MB | 1.1/1.4 MB
2026.02.16 11:07:03 INFO  Progress (4): 0.4/12 MB | 1.7/2.6 MB | 0.1/1.9 MB | 1.1/1.4 MB
2026.02.16 11:07:03 INFO  Progress (4): 0.4/12 MB | 1.7/2.6 MB | 0.1/1.9 MB | 1.2/1.4 MB
2026.02.16 11:07:03 INFO  Progress (4): 0.4/12 MB | 1.7/2.6 MB | 0.1/1.9 MB | 1.2/1.4 MB
2026.02.16 11:07:03 INFO  Progress (4): 0.4/12 MB | 1.7/2.6 MB | 0.1/1.9 MB | 1.2/1.4 MB
2026.02.16 11:07:03 INFO  Progress (4): 0.4/12 MB | 1.7/2.6 MB | 0.1/1.9 MB | 1.2/1.4 MB
2026.02.16 11:07:03 INFO  Progress (4): 0.4/12 MB | 1.7/2.6 MB | 0.1/1.9 MB | 1.2/1.4 MB
2026.02.16 11:07:03 INFO  Progress (4): 0.4/12 MB | 1.7/2.6 MB | 0.1/1.9 MB | 1.2/1.4 MB
2026.02.16 11:07:03 INFO  Progress (4): 0.4/12 MB | 1.7/2.6 MB | 0.1/1.9 MB | 1.3/1.4 MB
2026.02.16 11:07:03 INFO  Progress (4): 0.4/12 MB | 1.7/2.6 MB | 0.1/1.9 MB | 1.3/1.4 MB
2026.02.16 11:07:03 INFO  Progress (4): 0.4/12 MB | 1.7/2.6 MB | 0.1/1.9 MB | 1.3/1.4 MB
2026.02.16 11:07:03 INFO  Progress (4): 0.4/12 MB | 1.7/2.6 MB | 0.1/1.9 MB | 1.3/1.4 MB
2026.02.16 11:07:03 INFO  Progress (4): 0.4/12 MB | 1.7/2.6 MB | 0.1/1.9 MB | 1.3/1.4 MB
2026.02.16 11:07:03 INFO  Progress (4): 0.4/12 MB | 1.7/2.6 MB | 0.1/1.9 MB | 1.3/1.4 MB
2026.02.16 11:07:03 INFO  Progress (4): 0.4/12 MB | 1.7/2.6 MB | 0.1/1.9 MB | 1.3/1.4 MB
2026.02.16 11:07:03 INFO  Progress (4): 0.4/12 MB | 1.7/2.6 MB | 0.1/1.9 MB | 1.4/1.4 MB
2026.02.16 11:07:03 INFO  Progress (4): 0.4/12 MB | 1.7/2.6 MB | 0.1/1.9 MB | 1.4/1.4 MB
2026.02.16 11:07:03 INFO  Progress (4): 0.4/12 MB | 1.7/2.6 MB | 0.1/1.9 MB | 1.4 MB    
2026.02.16 11:07:03 INFO  Progress (4): 0.4/12 MB | 1.7/2.6 MB | 0.1/1.9 MB | 1.4 MB
2026.02.16 11:07:03 INFO  Progress (4): 0.4/12 MB | 1.7/2.6 MB | 0.1/1.9 MB | 1.4 MB
2026.02.16 11:07:03 INFO  Progress (4): 0.4/12 MB | 1.7/2.6 MB | 0.1/1.9 MB | 1.4 MB
2026.02.16 11:07:03 INFO  Progress (4): 0.4/12 MB | 1.7/2.6 MB | 0.1/1.9 MB | 1.4 MB
2026.02.16 11:07:03 INFO  Progress (4): 0.4/12 MB | 1.8/2.6 MB | 0.1/1.9 MB | 1.4 MB
2026.02.16 11:07:03 INFO  Progress (4): 0.4/12 MB | 1.8/2.6 MB | 0.1/1.9 MB | 1.4 MB
2026.02.16 11:07:03 INFO  Progress (4): 0.4/12 MB | 1.8/2.6 MB | 0.1/1.9 MB | 1.4 MB
2026.02.16 11:07:03 INFO  Progress (4): 0.4/12 MB | 1.8/2.6 MB | 0.1/1.9 MB | 1.4 MB
2026.02.16 11:07:03 INFO                                                            
2026.02.16 11:07:03 INFO  Downloaded from central: https://repo.maven.apache.org/maven2/net/java/dev/jna/jna-platform/5.12.0/jna-platform-5.12.0.jar (1.4 MB at 1.4 MB/s)
2026.02.16 11:07:03 INFO  Downloading from central: https://repo.maven.apache.org/maven2/org/scala-sbt/util-logging_2.13/1.8.0/util-logging_2.13-1.8.0.jar
2026.02.16 11:07:03 INFO  Progress (3): 0.4/12 MB | 1.8/2.6 MB | 0.1/1.9 MB
2026.02.16 11:07:03 INFO  Progress (3): 0.4/12 MB | 1.8/2.6 MB | 0.1/1.9 MB
2026.02.16 11:07:03 INFO  Progress (3): 0.4/12 MB | 1.9/2.6 MB | 0.1/1.9 MB
2026.02.16 11:07:03 INFO  Progress (3): 0.4/12 MB | 1.9/2.6 MB | 0.1/1.9 MB
2026.02.16 11:07:03 INFO  Progress (3): 0.4/12 MB | 1.9/2.6 MB | 0.1/1.9 MB
2026.02.16 11:07:03 INFO  Progress (3): 0.4/12 MB | 1.9/2.6 MB | 0.1/1.9 MB
2026.02.16 11:07:03 INFO  Progress (3): 0.4/12 MB | 1.9/2.6 MB | 0.1/1.9 MB
2026.02.16 11:07:03 INFO  Progress (3): 0.4/12 MB | 1.9/2.6 MB | 0.1/1.9 MB
2026.02.16 11:07:03 INFO  Progress (3): 0.4/12 MB | 1.9/2.6 MB | 0.1/1.9 MB
2026.02.16 11:07:03 INFO  Progress (3): 0.4/12 MB | 1.9/2.6 MB | 0.1/1.9 MB
2026.02.16 11:07:03 INFO  Progress (3): 0.4/12 MB | 2.0/2.6 MB | 0.1/1.9 MB
2026.02.16 11:07:03 INFO  Progress (3): 0.4/12 MB | 2.0/2.6 MB | 0.1/1.9 MB
2026.02.16 11:07:03 INFO  Progress (3): 0.4/12 MB | 2.0/2.6 MB | 0.1/1.9 MB
2026.02.16 11:07:03 INFO  Progress (3): 0.4/12 MB | 2.0/2.6 MB | 0.1/1.9 MB
2026.02.16 11:07:03 INFO  Progress (3): 0.4/12 MB | 2.0/2.6 MB | 0.1/1.9 MB
2026.02.16 11:07:03 INFO  Progress (3): 0.4/12 MB | 2.0/2.6 MB | 0.1/1.9 MB
2026.02.16 11:07:03 INFO  Progress (3): 0.4/12 MB | 2.0/2.6 MB | 0.1/1.9 MB
2026.02.16 11:07:03 INFO  Progress (3): 0.4/12 MB | 2.1/2.6 MB | 0.1/1.9 MB
2026.02.16 11:07:03 INFO  Progress (3): 0.4/12 MB | 2.1/2.6 MB | 0.1/1.9 MB
2026.02.16 11:07:03 INFO  Progress (3): 0.4/12 MB | 2.1/2.6 MB | 0.1/1.9 MB
2026.02.16 11:07:03 INFO  Progress (3): 0.5/12 MB | 2.1/2.6 MB | 0.1/1.9 MB
2026.02.16 11:07:03 INFO  Progress (3): 0.5/12 MB | 2.1/2.6 MB | 0.1/1.9 MB
2026.02.16 11:07:03 INFO  Progress (3): 0.5/12 MB | 2.1/2.6 MB | 0.1/1.9 MB
2026.02.16 11:07:03 INFO  Progress (3): 0.5/12 MB | 2.1/2.6 MB | 0.1/1.9 MB
2026.02.16 11:07:03 INFO  Progress (3): 0.5/12 MB | 2.2/2.6 MB | 0.1/1.9 MB
2026.02.16 11:07:03 INFO  Progress (3): 0.5/12 MB | 2.2/2.6 MB | 0.1/1.9 MB
2026.02.16 11:07:03 INFO  Progress (3): 0.5/12 MB | 2.2/2.6 MB | 0.1/1.9 MB
2026.02.16 11:07:03 INFO  Progress (3): 0.5/12 MB | 2.2/2.6 MB | 0.1/1.9 MB
2026.02.16 11:07:03 INFO  Progress (3): 0.5/12 MB | 2.2/2.6 MB | 0.1/1.9 MB
2026.02.16 11:07:03 INFO  Progress (3): 0.5/12 MB | 2.2/2.6 MB | 0.1/1.9 MB
2026.02.16 11:07:03 INFO  Progress (3): 0.5/12 MB | 2.2/2.6 MB | 0.1/1.9 MB
2026.02.16 11:07:03 INFO  Progress (3): 0.5/12 MB | 2.2/2.6 MB | 0.1/1.9 MB
2026.02.16 11:07:03 INFO  Progress (3): 0.5/12 MB | 2.2/2.6 MB | 0.1/1.9 MB
2026.02.16 11:07:03 INFO  Progress (3): 0.5/12 MB | 2.2/2.6 MB | 0.1/1.9 MB
2026.02.16 11:07:03 INFO  Progress (3): 0.5/12 MB | 2.3/2.6 MB | 0.1/1.9 MB
2026.02.16 11:07:03 INFO  Progress (3): 0.5/12 MB | 2.3/2.6 MB | 0.1/1.9 MB
2026.02.16 11:07:03 INFO  Progress (3): 0.5/12 MB | 2.3/2.6 MB | 0.1/1.9 MB
2026.02.16 11:07:03 INFO  Progress (3): 0.5/12 MB | 2.3/2.6 MB | 0.1/1.9 MB
2026.02.16 11:07:03 INFO  Progress (3): 0.5/12 MB | 2.3/2.6 MB | 0.2/1.9 MB
2026.02.16 11:07:03 INFO  Progress (3): 0.5/12 MB | 2.3/2.6 MB | 0.2/1.9 MB
2026.02.16 11:07:03 INFO  Progress (3): 0.5/12 MB | 2.3/2.6 MB | 0.2/1.9 MB
2026.02.16 11:07:03 INFO  Progress (3): 0.5/12 MB | 2.3/2.6 MB | 0.2/1.9 MB
2026.02.16 11:07:03 INFO  Progress (3): 0.5/12 MB | 2.3/2.6 MB | 0.2/1.9 MB
2026.02.16 11:07:03 INFO  Progress (3): 0.5/12 MB | 2.4/2.6 MB | 0.2/1.9 MB
2026.02.16 11:07:03 INFO  Progress (3): 0.5/12 MB | 2.4/2.6 MB | 0.2/1.9 MB
2026.02.16 11:07:03 INFO  Progress (3): 0.5/12 MB | 2.4/2.6 MB | 0.2/1.9 MB
2026.02.16 11:07:03 INFO  Progress (3): 0.5/12 MB | 2.4/2.6 MB | 0.2/1.9 MB
2026.02.16 11:07:03 INFO  Progress (3): 0.5/12 MB | 2.4/2.6 MB | 0.2/1.9 MB
2026.02.16 11:07:03 INFO  Progress (3): 0.5/12 MB | 2.4/2.6 MB | 0.2/1.9 MB
2026.02.16 11:07:03 INFO  Progress (3): 0.5/12 MB | 2.5/2.6 MB | 0.2/1.9 MB
2026.02.16 11:07:03 INFO  Progress (3): 0.5/12 MB | 2.5/2.6 MB | 0.2/1.9 MB
2026.02.16 11:07:03 INFO  Progress (3): 0.5/12 MB | 2.5/2.6 MB | 0.2/1.9 MB
2026.02.16 11:07:03 INFO  Progress (3): 0.5/12 MB | 2.5/2.6 MB | 0.2/1.9 MB
2026.02.16 11:07:03 INFO  Progress (3): 0.5/12 MB | 2.5/2.6 MB | 0.2/1.9 MB
2026.02.16 11:07:03 INFO  Progress (3): 0.5/12 MB | 2.5/2.6 MB | 0.2/1.9 MB
2026.02.16 11:07:03 INFO  Progress (3): 0.5/12 MB | 2.5/2.6 MB | 0.2/1.9 MB
2026.02.16 11:07:03 INFO  Progress (3): 0.5/12 MB | 2.5/2.6 MB | 0.2/1.9 MB
2026.02.16 11:07:03 INFO  Progress (3): 0.5/12 MB | 2.6/2.6 MB | 0.2/1.9 MB
2026.02.16 11:07:03 INFO  Progress (3): 0.5/12 MB | 2.6/2.6 MB | 0.2/1.9 MB
2026.02.16 11:07:03 INFO  Progress (3): 0.5/12 MB | 2.6/2.6 MB | 0.2/1.9 MB
2026.02.16 11:07:03 INFO  Progress (3): 0.5/12 MB | 2.6/2.6 MB | 0.2/1.9 MB
2026.02.16 11:07:03 INFO  Progress (3): 0.5/12 MB | 2.6 MB | 0.2/1.9 MB    
2026.02.16 11:07:03 INFO                                               
2026.02.16 11:07:03 INFO  Downloaded from central: https://repo.maven.apache.org/maven2/org/scala-sbt/zinc-persist-core-assembly/1.8.0/zinc-persist-core-assembly-1.8.0.jar (2.6 MB at 2.7 MB/s)
2026.02.16 11:07:03 INFO  Downloading from central: https://repo.maven.apache.org/maven2/org/scala-sbt/collections_2.13/1.8.0/collections_2.13-1.8.0.jar
2026.02.16 11:07:03 INFO  Progress (2): 0.5/12 MB | 0.2/1.9 MB
2026.02.16 11:07:03 INFO  Progress (2): 0.5/12 MB | 0.2/1.9 MB
2026.02.16 11:07:03 INFO  Progress (2): 0.5/12 MB | 0.2/1.9 MB
2026.02.16 11:07:03 INFO  Progress (2): 0.5/12 MB | 0.2/1.9 MB
2026.02.16 11:07:03 INFO  Progress (2): 0.6/12 MB | 0.2/1.9 MB
2026.02.16 11:07:03 INFO  Progress (2): 0.6/12 MB | 0.2/1.9 MB
2026.02.16 11:07:03 INFO  Progress (2): 0.6/12 MB | 0.2/1.9 MB
2026.02.16 11:07:03 INFO  Progress (2): 0.6/12 MB | 0.2/1.9 MB
2026.02.16 11:07:03 INFO  Progress (2): 0.6/12 MB | 0.2/1.9 MB
2026.02.16 11:07:03 INFO  Progress (2): 0.6/12 MB | 0.3/1.9 MB
2026.02.16 11:07:03 INFO  Progress (2): 0.6/12 MB | 0.3/1.9 MB
2026.02.16 11:07:03 INFO  Progress (2): 0.6/12 MB | 0.3/1.9 MB
2026.02.16 11:07:03 INFO  Progress (2): 0.6/12 MB | 0.3/1.9 MB
2026.02.16 11:07:03 INFO  Progress (2): 0.6/12 MB | 0.3/1.9 MB
2026.02.16 11:07:03 INFO  Progress (2): 0.6/12 MB | 0.3/1.9 MB
2026.02.16 11:07:03 INFO  Progress (2): 0.6/12 MB | 0.3/1.9 MB
2026.02.16 11:07:03 INFO  Progress (2): 0.6/12 MB | 0.3/1.9 MB
2026.02.16 11:07:03 INFO  Progress (2): 0.7/12 MB | 0.3/1.9 MB
2026.02.16 11:07:03 INFO  Progress (2): 0.7/12 MB | 0.3/1.9 MB
2026.02.16 11:07:03 INFO  Progress (2): 0.7/12 MB | 0.3/1.9 MB
2026.02.16 11:07:03 INFO  Progress (2): 0.7/12 MB | 0.4/1.9 MB
2026.02.16 11:07:03 INFO  Progress (2): 0.7/12 MB | 0.4/1.9 MB
2026.02.16 11:07:03 INFO  Progress (2): 0.7/12 MB | 0.4/1.9 MB
2026.02.16 11:07:03 INFO  Progress (2): 0.7/12 MB | 0.4/1.9 MB
2026.02.16 11:07:03 INFO  Progress (2): 0.7/12 MB | 0.4/1.9 MB
2026.02.16 11:07:03 INFO  Progress (2): 0.7/12 MB | 0.4/1.9 MB
2026.02.16 11:07:03 INFO  Progress (2): 0.7/12 MB | 0.4/1.9 MB
2026.02.16 11:07:03 INFO  Progress (2): 0.7/12 MB | 0.4/1.9 MB
2026.02.16 11:07:03 INFO  Progress (2): 0.7/12 MB | 0.4/1.9 MB
2026.02.16 11:07:03 INFO  Progress (2): 0.7/12 MB | 0.4/1.9 MB
2026.02.16 11:07:03 INFO  Progress (2): 0.7/12 MB | 0.5/1.9 MB
2026.02.16 11:07:03 INFO  Progress (2): 0.8/12 MB | 0.5/1.9 MB
2026.02.16 11:07:03 INFO  Progress (2): 0.8/12 MB | 0.5/1.9 MB
2026.02.16 11:07:03 INFO  Progress (2): 0.8/12 MB | 0.5/1.9 MB
2026.02.16 11:07:03 INFO  Progress (2): 0.8/12 MB | 0.5/1.9 MB
2026.02.16 11:07:03 INFO  Progress (2): 0.8/12 MB | 0.5/1.9 MB
2026.02.16 11:07:03 INFO  Progress (2): 0.8/12 MB | 0.5/1.9 MB
2026.02.16 11:07:03 INFO  Progress (2): 0.8/12 MB | 0.5/1.9 MB
2026.02.16 11:07:03 INFO  Progress (2): 0.8/12 MB | 0.5/1.9 MB
2026.02.16 11:07:03 INFO  Progress (3): 0.8/12 MB | 0.5/1.9 MB | 7.7/636 kB
2026.02.16 11:07:03 INFO  Progress (3): 0.8/12 MB | 0.5/1.9 MB | 12/636 kB 
2026.02.16 11:07:03 INFO  Progress (3): 0.8/12 MB | 0.5/1.9 MB | 29/636 kB
2026.02.16 11:07:03 INFO  Progress (3): 0.8/12 MB | 0.5/1.9 MB | 29/636 kB
2026.02.16 11:07:03 INFO  Progress (3): 0.8/12 MB | 0.5/1.9 MB | 29/636 kB
2026.02.16 11:07:03 INFO  Progress (3): 0.8/12 MB | 0.6/1.9 MB | 29/636 kB
2026.02.16 11:07:03 INFO  Progress (3): 0.8/12 MB | 0.6/1.9 MB | 45/636 kB
2026.02.16 11:07:03 INFO  Progress (3): 0.8/12 MB | 0.6/1.9 MB | 45/636 kB
2026.02.16 11:07:03 INFO  Progress (3): 0.8/12 MB | 0.6/1.9 MB | 61/636 kB
2026.02.16 11:07:03 INFO  Progress (3): 0.8/12 MB | 0.6/1.9 MB | 61/636 kB
2026.02.16 11:07:03 INFO  Progress (3): 0.9/12 MB | 0.6/1.9 MB | 61/636 kB
2026.02.16 11:07:03 INFO  Progress (3): 0.9/12 MB | 0.6/1.9 MB | 78/636 kB
2026.02.16 11:07:03 INFO  Progress (3): 0.9/12 MB | 0.6/1.9 MB | 78/636 kB
2026.02.16 11:07:03 INFO  Progress (3): 0.9/12 MB | 0.6/1.9 MB | 94/636 kB
2026.02.16 11:07:03 INFO  Progress (3): 0.9/12 MB | 0.6/1.9 MB | 94/636 kB
2026.02.16 11:07:03 INFO  Progress (3): 0.9/12 MB | 0.6/1.9 MB | 94/636 kB
2026.02.16 11:07:03 INFO  Progress (3): 0.9/12 MB | 0.6/1.9 MB | 111/636 kB
2026.02.16 11:07:03 INFO  Progress (3): 0.9/12 MB | 0.6/1.9 MB | 111/636 kB
2026.02.16 11:07:03 INFO  Progress (3): 0.9/12 MB | 0.6/1.9 MB | 127/636 kB
2026.02.16 11:07:03 INFO  Progress (3): 0.9/12 MB | 0.6/1.9 MB | 127/636 kB
2026.02.16 11:07:03 INFO  Progress (3): 0.9/12 MB | 0.6/1.9 MB | 131/636 kB
2026.02.16 11:07:03 INFO  Progress (3): 0.9/12 MB | 0.6/1.9 MB | 131/636 kB
2026.02.16 11:07:03 INFO  Progress (3): 0.9/12 MB | 0.6/1.9 MB | 131/636 kB
2026.02.16 11:07:03 INFO  Progress (3): 0.9/12 MB | 0.6/1.9 MB | 147/636 kB
2026.02.16 11:07:03 INFO  Progress (3): 0.9/12 MB | 0.6/1.9 MB | 164/636 kB
2026.02.16 11:07:03 INFO  Progress (3): 0.9/12 MB | 0.7/1.9 MB | 164/636 kB
2026.02.16 11:07:03 INFO  Progress (3): 0.9/12 MB | 0.7/1.9 MB | 164/636 kB
2026.02.16 11:07:03 INFO  Progress (3): 0.9/12 MB | 0.7/1.9 MB | 180/636 kB
2026.02.16 11:07:03 INFO  Progress (3): 0.9/12 MB | 0.7/1.9 MB | 180/636 kB
2026.02.16 11:07:03 INFO  Progress (3): 0.9/12 MB | 0.7/1.9 MB | 180/636 kB
2026.02.16 11:07:03 INFO  Progress (3): 0.9/12 MB | 0.7/1.9 MB | 197/636 kB
2026.02.16 11:07:03 INFO  Progress (3): 0.9/12 MB | 0.7/1.9 MB | 197/636 kB
2026.02.16 11:07:03 INFO  Progress (3): 0.9/12 MB | 0.7/1.9 MB | 213/636 kB
2026.02.16 11:07:03 INFO  Progress (3): 0.9/12 MB | 0.7/1.9 MB | 213/636 kB
2026.02.16 11:07:03 INFO  Progress (3): 0.9/12 MB | 0.7/1.9 MB | 213/636 kB
2026.02.16 11:07:03 INFO  Progress (3): 0.9/12 MB | 0.7/1.9 MB | 229/636 kB
2026.02.16 11:07:03 INFO  Progress (3): 1.0/12 MB | 0.7/1.9 MB | 229/636 kB
2026.02.16 11:07:03 INFO  Progress (3): 1.0/12 MB | 0.7/1.9 MB | 229/636 kB
2026.02.16 11:07:03 INFO  Progress (3): 1.0/12 MB | 0.7/1.9 MB | 246/636 kB
2026.02.16 11:07:03 INFO  Progress (3): 1.0/12 MB | 0.7/1.9 MB | 246/636 kB
2026.02.16 11:07:03 INFO  Progress (3): 1.0/12 MB | 0.7/1.9 MB | 246/636 kB
2026.02.16 11:07:03 INFO  Progress (3): 1.0/12 MB | 0.7/1.9 MB | 262/636 kB
2026.02.16 11:07:03 INFO  Progress (3): 1.0/12 MB | 0.7/1.9 MB | 279/636 kB
2026.02.16 11:07:03 INFO  Progress (3): 1.0/12 MB | 0.7/1.9 MB | 279/636 kB
2026.02.16 11:07:03 INFO  Progress (3): 1.0/12 MB | 0.7/1.9 MB | 279/636 kB
2026.02.16 11:07:03 INFO  Progress (3): 1.0/12 MB | 0.7/1.9 MB | 295/636 kB
2026.02.16 11:07:03 INFO  Progress (3): 1.0/12 MB | 0.8/1.9 MB | 295/636 kB
2026.02.16 11:07:03 INFO  Progress (3): 1.0/12 MB | 0.8/1.9 MB | 295/636 kB
2026.02.16 11:07:03 INFO  Progress (3): 1.0/12 MB | 0.8/1.9 MB | 311/636 kB
2026.02.16 11:07:03 INFO  Progress (3): 1.0/12 MB | 0.8/1.9 MB | 311/636 kB
2026.02.16 11:07:03 INFO  Progress (3): 1.0/12 MB | 0.8/1.9 MB | 328/636 kB
2026.02.16 11:07:03 INFO  Progress (3): 1.0/12 MB | 0.8/1.9 MB | 328/636 kB
2026.02.16 11:07:03 INFO  Progress (3): 1.0/12 MB | 0.8/1.9 MB | 328/636 kB
2026.02.16 11:07:03 INFO  Progress (3): 1.0/12 MB | 0.8/1.9 MB | 344/636 kB
2026.02.16 11:07:03 INFO  Progress (3): 1.0/12 MB | 0.8/1.9 MB | 344/636 kB
2026.02.16 11:07:03 INFO  Progress (3): 1.0/12 MB | 0.8/1.9 MB | 360/636 kB
2026.02.16 11:07:03 INFO  Progress (3): 1.0/12 MB | 0.8/1.9 MB | 360/636 kB
2026.02.16 11:07:03 INFO  Progress (3): 1.0/12 MB | 0.8/1.9 MB | 377/636 kB
2026.02.16 11:07:03 INFO  Progress (3): 1.1/12 MB | 0.8/1.9 MB | 377/636 kB
2026.02.16 11:07:03 INFO  Progress (3): 1.1/12 MB | 0.8/1.9 MB | 377/636 kB
2026.02.16 11:07:03 INFO  Progress (3): 1.1/12 MB | 0.8/1.9 MB | 393/636 kB
2026.02.16 11:07:03 INFO  Progress (3): 1.1/12 MB | 0.8/1.9 MB | 393/636 kB
2026.02.16 11:07:03 INFO  Progress (3): 1.1/12 MB | 0.8/1.9 MB | 410/636 kB
2026.02.16 11:07:03 INFO  Progress (3): 1.1/12 MB | 0.8/1.9 MB | 410/636 kB
2026.02.16 11:07:03 INFO  Progress (3): 1.1/12 MB | 0.8/1.9 MB | 426/636 kB
2026.02.16 11:07:03 INFO  Progress (3): 1.1/12 MB | 0.9/1.9 MB | 426/636 kB
2026.02.16 11:07:03 INFO  Progress (3): 1.1/12 MB | 0.9/1.9 MB | 442/636 kB
2026.02.16 11:07:03 INFO  Progress (3): 1.1/12 MB | 0.9/1.9 MB | 442/636 kB
2026.02.16 11:07:03 INFO  Progress (3): 1.1/12 MB | 0.9/1.9 MB | 459/636 kB
2026.02.16 11:07:03 INFO  Progress (3): 1.1/12 MB | 0.9/1.9 MB | 459/636 kB
2026.02.16 11:07:03 INFO  Progress (3): 1.1/12 MB | 0.9/1.9 MB | 459/636 kB
2026.02.16 11:07:03 INFO  Progress (3): 1.1/12 MB | 0.9/1.9 MB | 475/636 kB
2026.02.16 11:07:03 INFO  Progress (3): 1.1/12 MB | 0.9/1.9 MB | 475/636 kB
2026.02.16 11:07:03 INFO  Progress (3): 1.1/12 MB | 0.9/1.9 MB | 492/636 kB
2026.02.16 11:07:03 INFO  Progress (3): 1.1/12 MB | 0.9/1.9 MB | 492/636 kB
2026.02.16 11:07:03 INFO  Progress (3): 1.1/12 MB | 0.9/1.9 MB | 508/636 kB
2026.02.16 11:07:03 INFO  Progress (3): 1.1/12 MB | 0.9/1.9 MB | 508/636 kB
2026.02.16 11:07:03 INFO  Progress (3): 1.1/12 MB | 0.9/1.9 MB | 524/636 kB
2026.02.16 11:07:03 INFO  Progress (3): 1.1/12 MB | 0.9/1.9 MB | 524/636 kB
2026.02.16 11:07:03 INFO  Progress (3): 1.1/12 MB | 0.9/1.9 MB | 524/636 kB
2026.02.16 11:07:03 INFO  Progress (3): 1.1/12 MB | 0.9/1.9 MB | 541/636 kB
2026.02.16 11:07:03 INFO  Progress (3): 1.1/12 MB | 0.9/1.9 MB | 557/636 kB
2026.02.16 11:07:03 INFO  Progress (3): 1.1/12 MB | 0.9/1.9 MB | 557/636 kB
2026.02.16 11:07:03 INFO  Progress (3): 1.2/12 MB | 0.9/1.9 MB | 557/636 kB
2026.02.16 11:07:03 INFO  Progress (3): 1.2/12 MB | 0.9/1.9 MB | 573/636 kB
2026.02.16 11:07:03 INFO  Progress (3): 1.2/12 MB | 0.9/1.9 MB | 590/636 kB
2026.02.16 11:07:03 INFO  Progress (3): 1.2/12 MB | 1.0/1.9 MB | 590/636 kB
2026.02.16 11:07:03 INFO  Progress (3): 1.2/12 MB | 1.0/1.9 MB | 590/636 kB
2026.02.16 11:07:03 INFO  Progress (3): 1.2/12 MB | 1.0/1.9 MB | 590/636 kB
2026.02.16 11:07:03 INFO  Progress (3): 1.2/12 MB | 1.0/1.9 MB | 606/636 kB
2026.02.16 11:07:03 INFO  Progress (3): 1.2/12 MB | 1.0/1.9 MB | 606/636 kB
2026.02.16 11:07:03 INFO  Progress (3): 1.2/12 MB | 1.0/1.9 MB | 606/636 kB
2026.02.16 11:07:03 INFO  Progress (3): 1.2/12 MB | 1.0/1.9 MB | 623/636 kB
2026.02.16 11:07:03 INFO  Progress (3): 1.2/12 MB | 1.0/1.9 MB | 636 kB    
2026.02.16 11:07:03 INFO                                               
2026.02.16 11:07:03 INFO  Downloaded from central: https://repo.maven.apache.org/maven2/org/scala-sbt/io_2.13/1.8.0/io_2.13-1.8.0.jar (636 kB at 548 kB/s)
2026.02.16 11:07:03 INFO  Downloading from central: https://repo.maven.apache.org/maven2/org/scala-sbt/util-position_2.13/1.8.0/util-position_2.13-1.8.0.jar
2026.02.16 11:07:03 INFO  Progress (2): 1.2/12 MB | 1.0/1.9 MB
2026.02.16 11:07:03 INFO  Progress (2): 1.2/12 MB | 1.0/1.9 MB
2026.02.16 11:07:03 INFO  Progress (2): 1.2/12 MB | 1.0/1.9 MB
2026.02.16 11:07:03 INFO  Progress (2): 1.2/12 MB | 1.0/1.9 MB
2026.02.16 11:07:03 INFO  Progress (2): 1.2/12 MB | 1.0/1.9 MB
2026.02.16 11:07:03 INFO  Progress (2): 1.2/12 MB | 1.0/1.9 MB
2026.02.16 11:07:03 INFO  Progress (2): 1.2/12 MB | 1.1/1.9 MB
2026.02.16 11:07:03 INFO  Progress (2): 1.3/12 MB | 1.1/1.9 MB
2026.02.16 11:07:03 INFO  Progress (2): 1.3/12 MB | 1.1/1.9 MB
2026.02.16 11:07:03 INFO  Progress (2): 1.3/12 MB | 1.1/1.9 MB
2026.02.16 11:07:03 INFO  Progress (2): 1.3/12 MB | 1.1/1.9 MB
2026.02.16 11:07:03 INFO  Progress (2): 1.3/12 MB | 1.1/1.9 MB
2026.02.16 11:07:03 INFO  Progress (2): 1.3/12 MB | 1.1/1.9 MB
2026.02.16 11:07:03 INFO  Progress (2): 1.3/12 MB | 1.1/1.9 MB
2026.02.16 11:07:03 INFO  Progress (2): 1.3/12 MB | 1.1/1.9 MB
2026.02.16 11:07:03 INFO  Progress (2): 1.3/12 MB | 1.1/1.9 MB
2026.02.16 11:07:03 INFO  Progress (2): 1.3/12 MB | 1.1/1.9 MB
2026.02.16 11:07:03 INFO  Progress (2): 1.3/12 MB | 1.2/1.9 MB
2026.02.16 11:07:03 INFO  Progress (2): 1.3/12 MB | 1.2/1.9 MB
2026.02.16 11:07:03 INFO  Progress (3): 1.3/12 MB | 1.2/1.9 MB | 4.1/28 kB
2026.02.16 11:07:03 INFO  Progress (3): 1.3/12 MB | 1.2/1.9 MB | 20/28 kB 
2026.02.16 11:07:03 INFO  Progress (3): 1.3/12 MB | 1.2/1.9 MB | 20/28 kB
2026.02.16 11:07:03 INFO  Progress (3): 1.3/12 MB | 1.2/1.9 MB | 28 kB   
2026.02.16 11:07:03 INFO                                              
2026.02.16 11:07:03 INFO  Downloaded from central: https://repo.maven.apache.org/maven2/org/scala-sbt/util-position_2.13/1.8.0/util-position_2.13-1.8.0.jar (28 kB at 24 kB/s)
2026.02.16 11:07:03 INFO  Downloading from central: https://repo.maven.apache.org/maven2/org/scala-sbt/core-macros_2.13/1.8.0/core-macros_2.13-1.8.0.jar
2026.02.16 11:07:03 INFO  Progress (2): 1.4/12 MB | 1.2/1.9 MB
2026.02.16 11:07:03 INFO  Progress (2): 1.4/12 MB | 1.2/1.9 MB
2026.02.16 11:07:03 INFO  Progress (2): 1.4/12 MB | 1.2/1.9 MB
2026.02.16 11:07:03 INFO  Progress (2): 1.4/12 MB | 1.2/1.9 MB
2026.02.16 11:07:03 INFO  Progress (2): 1.4/12 MB | 1.2/1.9 MB
2026.02.16 11:07:03 INFO  Progress (2): 1.4/12 MB | 1.2/1.9 MB
2026.02.16 11:07:03 INFO  Progress (2): 1.4/12 MB | 1.2/1.9 MB
2026.02.16 11:07:03 INFO  Progress (2): 1.4/12 MB | 1.2/1.9 MB
2026.02.16 11:07:03 INFO  Progress (2): 1.4/12 MB | 1.2/1.9 MB
2026.02.16 11:07:03 INFO  Progress (2): 1.4/12 MB | 1.3/1.9 MB
2026.02.16 11:07:03 INFO  Progress (2): 1.4/12 MB | 1.3/1.9 MB
2026.02.16 11:07:03 INFO  Progress (2): 1.4/12 MB | 1.3/1.9 MB
2026.02.16 11:07:03 INFO  Progress (2): 1.4/12 MB | 1.3/1.9 MB
2026.02.16 11:07:03 INFO  Progress (2): 1.5/12 MB | 1.3/1.9 MB
2026.02.16 11:07:03 INFO  Progress (2): 1.5/12 MB | 1.3/1.9 MB
2026.02.16 11:07:03 INFO  Progress (2): 1.5/12 MB | 1.3/1.9 MB
2026.02.16 11:07:03 INFO  Progress (2): 1.5/12 MB | 1.3/1.9 MB
2026.02.16 11:07:03 INFO  Progress (2): 1.5/12 MB | 1.3/1.9 MB
2026.02.16 11:07:03 INFO  Progress (2): 1.5/12 MB | 1.3/1.9 MB
2026.02.16 11:07:03 INFO  Progress (2): 1.5/12 MB | 1.3/1.9 MB
2026.02.16 11:07:03 INFO  Progress (2): 1.5/12 MB | 1.4/1.9 MB
2026.02.16 11:07:03 INFO  Progress (2): 1.5/12 MB | 1.4/1.9 MB
2026.02.16 11:07:03 INFO  Progress (2): 1.5/12 MB | 1.4/1.9 MB
2026.02.16 11:07:03 INFO  Progress (2): 1.5/12 MB | 1.4/1.9 MB
2026.02.16 11:07:03 INFO  Progress (2): 1.5/12 MB | 1.4/1.9 MB
2026.02.16 11:07:03 INFO  Progress (2): 1.5/12 MB | 1.4/1.9 MB
2026.02.16 11:07:03 INFO  Progress (2): 1.6/12 MB | 1.4/1.9 MB
2026.02.16 11:07:03 INFO  Progress (2): 1.6/12 MB | 1.4/1.9 MB
2026.02.16 11:07:03 INFO  Progress (3): 1.6/12 MB | 1.4/1.9 MB | 7.8/365 kB
2026.02.16 11:07:03 INFO  Progress (3): 1.6/12 MB | 1.4/1.9 MB | 16/365 kB 
2026.02.16 11:07:03 INFO  Progress (3): 1.6/12 MB | 1.4/1.9 MB | 32/365 kB
2026.02.16 11:07:03 INFO  Progress (3): 1.6/12 MB | 1.4/1.9 MB | 32/365 kB
2026.02.16 11:07:03 INFO  Progress (3): 1.6/12 MB | 1.4/1.9 MB | 49/365 kB
2026.02.16 11:07:03 INFO  Progress (3): 1.6/12 MB | 1.4/1.9 MB | 49/365 kB
2026.02.16 11:07:03 INFO  Progress (3): 1.6/12 MB | 1.4/1.9 MB | 65/365 kB
2026.02.16 11:07:03 INFO  Progress (3): 1.6/12 MB | 1.4/1.9 MB | 65/365 kB
2026.02.16 11:07:03 INFO  Progress (3): 1.6/12 MB | 1.4/1.9 MB | 81/365 kB
2026.02.16 11:07:03 INFO  Progress (3): 1.6/12 MB | 1.5/1.9 MB | 81/365 kB
2026.02.16 11:07:03 INFO  Progress (3): 1.6/12 MB | 1.5/1.9 MB | 81/365 kB
2026.02.16 11:07:03 INFO  Progress (3): 1.6/12 MB | 1.5/1.9 MB | 98/365 kB
2026.02.16 11:07:03 INFO  Progress (3): 1.6/12 MB | 1.5/1.9 MB | 114/365 kB
2026.02.16 11:07:03 INFO  Progress (3): 1.6/12 MB | 1.5/1.9 MB | 114/365 kB
2026.02.16 11:07:03 INFO  Progress (3): 1.6/12 MB | 1.5/1.9 MB | 114/365 kB
2026.02.16 11:07:03 INFO  Progress (3): 1.6/12 MB | 1.5/1.9 MB | 114/365 kB
2026.02.16 11:07:03 INFO  Progress (3): 1.6/12 MB | 1.5/1.9 MB | 114/365 kB
2026.02.16 11:07:03 INFO  Progress (3): 1.6/12 MB | 1.5/1.9 MB | 114/365 kB
2026.02.16 11:07:03 INFO  Progress (3): 1.7/12 MB | 1.5/1.9 MB | 114/365 kB
2026.02.16 11:07:03 INFO  Progress (3): 1.7/12 MB | 1.5/1.9 MB | 131/365 kB
2026.02.16 11:07:03 INFO  Progress (3): 1.7/12 MB | 1.5/1.9 MB | 131/365 kB
2026.02.16 11:07:03 INFO  Progress (3): 1.7/12 MB | 1.5/1.9 MB | 147/365 kB
2026.02.16 11:07:03 INFO  Progress (3): 1.7/12 MB | 1.5/1.9 MB | 147/365 kB
2026.02.16 11:07:03 INFO  Progress (3): 1.7/12 MB | 1.5/1.9 MB | 163/365 kB
2026.02.16 11:07:03 INFO  Progress (3): 1.7/12 MB | 1.5/1.9 MB | 163/365 kB
2026.02.16 11:07:03 INFO  Progress (3): 1.7/12 MB | 1.5/1.9 MB | 163/365 kB
2026.02.16 11:07:03 INFO  Progress (3): 1.7/12 MB | 1.5/1.9 MB | 180/365 kB
2026.02.16 11:07:03 INFO  Progress (3): 1.7/12 MB | 1.5/1.9 MB | 196/365 kB
2026.02.16 11:07:03 INFO  Progress (3): 1.7/12 MB | 1.6/1.9 MB | 196/365 kB
2026.02.16 11:07:03 INFO  Progress (3): 1.7/12 MB | 1.6/1.9 MB | 213/365 kB
2026.02.16 11:07:03 INFO  Progress (3): 1.7/12 MB | 1.6/1.9 MB | 229/365 kB
2026.02.16 11:07:03 INFO  Progress (3): 1.7/12 MB | 1.6/1.9 MB | 245/365 kB
2026.02.16 11:07:03 INFO  Progress (3): 1.7/12 MB | 1.6/1.9 MB | 245/365 kB
2026.02.16 11:07:03 INFO  Progress (3): 1.7/12 MB | 1.6/1.9 MB | 262/365 kB
2026.02.16 11:07:03 INFO  Progress (3): 1.7/12 MB | 1.6/1.9 MB | 262/365 kB
2026.02.16 11:07:03 INFO  Progress (3): 1.7/12 MB | 1.6/1.9 MB | 278/365 kB
2026.02.16 11:07:03 INFO  Progress (3): 1.7/12 MB | 1.6/1.9 MB | 294/365 kB
2026.02.16 11:07:03 INFO  Progress (3): 1.7/12 MB | 1.6/1.9 MB | 311/365 kB
2026.02.16 11:07:03 INFO  Progress (3): 1.7/12 MB | 1.6/1.9 MB | 311/365 kB
2026.02.16 11:07:03 INFO  Progress (3): 1.7/12 MB | 1.6/1.9 MB | 327/365 kB
2026.02.16 11:07:03 INFO  Progress (3): 1.7/12 MB | 1.6/1.9 MB | 327/365 kB
2026.02.16 11:07:03 INFO  Progress (3): 1.7/12 MB | 1.6/1.9 MB | 344/365 kB
2026.02.16 11:07:03 INFO  Progress (3): 1.7/12 MB | 1.6/1.9 MB | 360/365 kB
2026.02.16 11:07:03 INFO  Progress (3): 1.7/12 MB | 1.6/1.9 MB | 365 kB    
2026.02.16 11:07:03 INFO                                               
2026.02.16 11:07:03 INFO  Downloaded from central: https://repo.maven.apache.org/maven2/org/scala-sbt/collections_2.13/1.8.0/collections_2.13-1.8.0.jar (365 kB at 294 kB/s)
2026.02.16 11:07:03 INFO  Downloading from central: https://repo.maven.apache.org/maven2/org/jline/jline-terminal/3.19.0/jline-terminal-3.19.0.jar
2026.02.16 11:07:03 INFO  Progress (2): 1.7/12 MB | 1.6/1.9 MB
2026.02.16 11:07:03 INFO  Progress (2): 1.7/12 MB | 1.6/1.9 MB
2026.02.16 11:07:03 INFO  Progress (2): 1.7/12 MB | 1.6/1.9 MB
2026.02.16 11:07:03 INFO  Progress (2): 1.8/12 MB | 1.6/1.9 MB
2026.02.16 11:07:03 INFO  Progress (2): 1.8/12 MB | 1.6/1.9 MB
2026.02.16 11:07:03 INFO  Progress (2): 1.8/12 MB | 1.6/1.9 MB
2026.02.16 11:07:03 INFO  Progress (2): 1.8/12 MB | 1.7/1.9 MB
2026.02.16 11:07:03 INFO  Progress (2): 1.8/12 MB | 1.7/1.9 MB
2026.02.16 11:07:03 INFO  Progress (2): 1.8/12 MB | 1.7/1.9 MB
2026.02.16 11:07:03 INFO  Progress (2): 1.8/12 MB | 1.7/1.9 MB
2026.02.16 11:07:03 INFO  Progress (2): 1.8/12 MB | 1.7/1.9 MB
2026.02.16 11:07:03 INFO  Progress (2): 1.8/12 MB | 1.7/1.9 MB
2026.02.16 11:07:03 INFO  Progress (2): 1.8/12 MB | 1.7/1.9 MB
2026.02.16 11:07:03 INFO  Progress (2): 1.8/12 MB | 1.7/1.9 MB
2026.02.16 11:07:03 INFO  Progress (2): 1.8/12 MB | 1.7/1.9 MB
2026.02.16 11:07:03 INFO  Progress (2): 1.8/12 MB | 1.7/1.9 MB
2026.02.16 11:07:03 INFO  Progress (2): 1.9/12 MB | 1.7/1.9 MB
2026.02.16 11:07:03 INFO  Progress (2): 1.9/12 MB | 1.7/1.9 MB
2026.02.16 11:07:03 INFO  Progress (2): 1.9/12 MB | 1.7/1.9 MB
2026.02.16 11:07:03 INFO  Progress (2): 1.9/12 MB | 1.8/1.9 MB
2026.02.16 11:07:03 INFO  Progress (2): 1.9/12 MB | 1.8/1.9 MB
2026.02.16 11:07:03 INFO  Progress (2): 1.9/12 MB | 1.8/1.9 MB
2026.02.16 11:07:03 INFO  Progress (2): 1.9/12 MB | 1.8/1.9 MB
2026.02.16 11:07:03 INFO  Progress (2): 1.9/12 MB | 1.8/1.9 MB
2026.02.16 11:07:03 INFO  Progress (2): 1.9/12 MB | 1.8/1.9 MB
2026.02.16 11:07:03 INFO  Progress (2): 1.9/12 MB | 1.8/1.9 MB
2026.02.16 11:07:03 INFO  Progress (3): 1.9/12 MB | 1.8/1.9 MB | 7.7/228 kB
2026.02.16 11:07:03 INFO  Progress (3): 1.9/12 MB | 1.8/1.9 MB | 16/228 kB 
2026.02.16 11:07:03 INFO  Progress (3): 1.9/12 MB | 1.8/1.9 MB | 25/228 kB
2026.02.16 11:07:03 INFO  Progress (3): 1.9/12 MB | 1.8/1.9 MB | 25/228 kB
2026.02.16 11:07:03 INFO  Progress (3): 1.9/12 MB | 1.8/1.9 MB | 41/228 kB
2026.02.16 11:07:03 INFO  Progress (3): 1.9/12 MB | 1.8/1.9 MB | 41/228 kB
2026.02.16 11:07:03 INFO  Progress (3): 1.9/12 MB | 1.8/1.9 MB | 57/228 kB
2026.02.16 11:07:03 INFO  Progress (3): 1.9/12 MB | 1.8/1.9 MB | 57/228 kB
2026.02.16 11:07:03 INFO  Progress (3): 1.9/12 MB | 1.8/1.9 MB | 74/228 kB
2026.02.16 11:07:03 INFO  Progress (3): 1.9/12 MB | 1.8/1.9 MB | 74/228 kB
2026.02.16 11:07:03 INFO  Progress (3): 1.9/12 MB | 1.8/1.9 MB | 90/228 kB
2026.02.16 11:07:03 INFO  Progress (3): 2.0/12 MB | 1.8/1.9 MB | 90/228 kB
2026.02.16 11:07:03 INFO  Progress (3): 2.0/12 MB | 1.8/1.9 MB | 106/228 kB
2026.02.16 11:07:03 INFO  Progress (3): 2.0/12 MB | 1.9/1.9 MB | 106/228 kB
2026.02.16 11:07:03 INFO  Progress (3): 2.0/12 MB | 1.9 MB | 106/228 kB    
2026.02.16 11:07:03 INFO                                               
2026.02.16 11:07:03 INFO  Downloaded from central: https://repo.maven.apache.org/maven2/net/java/dev/jna/jna/5.12.0/jna-5.12.0.jar (1.9 MB at 1.5 MB/s)
2026.02.16 11:07:03 INFO  Downloading from central: https://repo.maven.apache.org/maven2/org/scala-lang/scala-reflect/2.13.8/scala-reflect-2.13.8.jar
2026.02.16 11:07:03 INFO  Progress (2): 2.0/12 MB | 123/228 kB
2026.02.16 11:07:03 INFO  Progress (2): 2.0/12 MB | 139/228 kB
2026.02.16 11:07:03 INFO  Progress (2): 2.0/12 MB | 139/228 kB
2026.02.16 11:07:03 INFO  Progress (2): 2.0/12 MB | 156/228 kB
2026.02.16 11:07:03 INFO  Progress (2): 2.0/12 MB | 172/228 kB
2026.02.16 11:07:03 INFO  Progress (2): 2.0/12 MB | 172/228 kB
2026.02.16 11:07:03 INFO  Progress (2): 2.0/12 MB | 188/228 kB
2026.02.16 11:07:03 INFO  Progress (2): 2.0/12 MB | 205/228 kB
2026.02.16 11:07:03 INFO  Progress (2): 2.0/12 MB | 221/228 kB
2026.02.16 11:07:03 INFO  Progress (2): 2.0/12 MB | 228 kB    
2026.02.16 11:07:03 INFO  Progress (2): 2.0/12 MB | 228 kB
2026.02.16 11:07:03 INFO                                  
2026.02.16 11:07:03 INFO  Downloaded from central: https://repo.maven.apache.org/maven2/org/jline/jline-terminal/3.19.0/jline-terminal-3.19.0.jar (228 kB at 179 kB/s)
2026.02.16 11:07:03 INFO  Downloading from central: https://repo.maven.apache.org/maven2/org/scala-sbt/util-relation_2.13/1.8.0/util-relation_2.13-1.8.0.jar
2026.02.16 11:07:03 INFO  Progress (1): 2.0/12 MB
2026.02.16 11:07:03 INFO  Progress (1): 2.0/12 MB
2026.02.16 11:07:03 INFO  Progress (1): 2.1/12 MB
2026.02.16 11:07:03 INFO  Progress (1): 2.1/12 MB
2026.02.16 11:07:03 INFO  Progress (1): 2.1/12 MB
2026.02.16 11:07:03 INFO  Progress (1): 2.1/12 MB
2026.02.16 11:07:03 INFO  Progress (1): 2.1/12 MB
2026.02.16 11:07:03 INFO  Progress (1): 2.1/12 MB
2026.02.16 11:07:03 INFO  Progress (1): 2.2/12 MB
2026.02.16 11:07:03 INFO  Progress (1): 2.2/12 MB
2026.02.16 11:07:03 INFO  Progress (2): 2.2/12 MB | 0/3.8 MB
2026.02.16 11:07:03 INFO  Progress (2): 2.2/12 MB | 0/3.8 MB
2026.02.16 11:07:03 INFO  Progress (2): 2.2/12 MB | 0/3.8 MB
2026.02.16 11:07:03 INFO  Progress (2): 2.2/12 MB | 0/3.8 MB
2026.02.16 11:07:03 INFO  Progress (2): 2.2/12 MB | 0/3.8 MB
2026.02.16 11:07:03 INFO  Progress (2): 2.2/12 MB | 0/3.8 MB
2026.02.16 11:07:03 INFO  Progress (2): 2.2/12 MB | 0.1/3.8 MB
2026.02.16 11:07:03 INFO  Progress (2): 2.2/12 MB | 0.1/3.8 MB
2026.02.16 11:07:03 INFO  Progress (2): 2.2/12 MB | 0.1/3.8 MB
2026.02.16 11:07:03 INFO  Progress (2): 2.2/12 MB | 0.1/3.8 MB
2026.02.16 11:07:03 INFO  Progress (2): 2.2/12 MB | 0.1/3.8 MB
2026.02.16 11:07:03 INFO  Progress (2): 2.3/12 MB | 0.1/3.8 MB
2026.02.16 11:07:03 INFO  Progress (3): 2.3/12 MB | 0.1/3.8 MB | 7.7/15 kB
2026.02.16 11:07:03 INFO  Progress (3): 2.3/12 MB | 0.1/3.8 MB | 7.8/15 kB
2026.02.16 11:07:03 INFO  Progress (3): 2.3/12 MB | 0.1/3.8 MB | 15 kB    
2026.02.16 11:07:03 INFO                                              
2026.02.16 11:07:03 INFO  Downloaded from central: https://repo.maven.apache.org/maven2/org/scala-sbt/util-relation_2.13/1.8.0/util-relation_2.13-1.8.0.jar (15 kB at 12 kB/s)
2026.02.16 11:07:03 INFO  Downloading from central: https://repo.maven.apache.org/maven2/org/scala-sbt/zinc-persist_2.13/1.8.0/zinc-persist_2.13-1.8.0.jar
2026.02.16 11:07:03 INFO  Progress (2): 2.3/12 MB | 0.1/3.8 MB
2026.02.16 11:07:03 INFO  Progress (2): 2.3/12 MB | 0.1/3.8 MB
2026.02.16 11:07:03 INFO  Progress (2): 2.3/12 MB | 0.1/3.8 MB
2026.02.16 11:07:03 INFO  Progress (2): 2.3/12 MB | 0.1/3.8 MB
2026.02.16 11:07:03 INFO  Progress (2): 2.3/12 MB | 0.1/3.8 MB
2026.02.16 11:07:03 INFO  Progress (2): 2.3/12 MB | 0.1/3.8 MB
2026.02.16 11:07:03 INFO  Progress (2): 2.3/12 MB | 0.2/3.8 MB
2026.02.16 11:07:03 INFO  Progress (2): 2.3/12 MB | 0.2/3.8 MB
2026.02.16 11:07:03 INFO  Progress (2): 2.3/12 MB | 0.2/3.8 MB
2026.02.16 11:07:03 INFO  Progress (2): 2.3/12 MB | 0.2/3.8 MB
2026.02.16 11:07:03 INFO  Progress (2): 2.4/12 MB | 0.2/3.8 MB
2026.02.16 11:07:03 INFO  Progress (2): 2.4/12 MB | 0.2/3.8 MB
2026.02.16 11:07:03 INFO  Progress (2): 2.4/12 MB | 0.2/3.8 MB
2026.02.16 11:07:03 INFO  Progress (2): 2.4/12 MB | 0.2/3.8 MB
2026.02.16 11:07:03 INFO  Progress (2): 2.4/12 MB | 0.2/3.8 MB
2026.02.16 11:07:03 INFO  Progress (2): 2.4/12 MB | 0.2/3.8 MB
2026.02.16 11:07:03 INFO  Progress (2): 2.4/12 MB | 0.2/3.8 MB
2026.02.16 11:07:03 INFO  Progress (2): 2.4/12 MB | 0.2/3.8 MB
2026.02.16 11:07:03 INFO  Progress (2): 2.4/12 MB | 0.2/3.8 MB
2026.02.16 11:07:03 INFO  Progress (2): 2.4/12 MB | 0.3/3.8 MB
2026.02.16 11:07:03 INFO  Progress (2): 2.4/12 MB | 0.3/3.8 MB
2026.02.16 11:07:03 INFO  Progress (2): 2.4/12 MB | 0.3/3.8 MB
2026.02.16 11:07:03 INFO  Progress (2): 2.4/12 MB | 0.3/3.8 MB
2026.02.16 11:07:03 INFO  Progress (2): 2.5/12 MB | 0.3/3.8 MB
2026.02.16 11:07:03 INFO  Progress (2): 2.5/12 MB | 0.3/3.8 MB
2026.02.16 11:07:03 INFO  Progress (2): 2.5/12 MB | 0.3/3.8 MB
2026.02.16 11:07:03 INFO  Progress (2): 2.5/12 MB | 0.3/3.8 MB
2026.02.16 11:07:03 INFO  Progress (2): 2.5/12 MB | 0.3/3.8 MB
2026.02.16 11:07:03 INFO  Progress (2): 2.5/12 MB | 0.3/3.8 MB
2026.02.16 11:07:03 INFO  Progress (2): 2.5/12 MB | 0.4/3.8 MB
2026.02.16 11:07:03 INFO  Progress (2): 2.5/12 MB | 0.4/3.8 MB
2026.02.16 11:07:03 INFO  Progress (2): 2.5/12 MB | 0.4/3.8 MB
2026.02.16 11:07:03 INFO  Progress (2): 2.5/12 MB | 0.4/3.8 MB
2026.02.16 11:07:03 INFO  Progress (2): 2.5/12 MB | 0.4/3.8 MB
2026.02.16 11:07:03 INFO  Progress (3): 2.5/12 MB | 0.4/3.8 MB | 7.7/270 kB
2026.02.16 11:07:03 INFO  Progress (3): 2.5/12 MB | 0.4/3.8 MB | 16/270 kB 
2026.02.16 11:07:03 INFO  Progress (3): 2.5/12 MB | 0.4/3.8 MB | 32/270 kB
2026.02.16 11:07:03 INFO  Progress (3): 2.5/12 MB | 0.4/3.8 MB | 32/270 kB
2026.02.16 11:07:03 INFO  Progress (3): 2.5/12 MB | 0.4/3.8 MB | 49/270 kB
2026.02.16 11:07:03 INFO  Progress (3): 2.6/12 MB | 0.4/3.8 MB | 49/270 kB
2026.02.16 11:07:03 INFO  Progress (3): 2.6/12 MB | 0.4/3.8 MB | 65/270 kB
2026.02.16 11:07:03 INFO  Progress (3): 2.6/12 MB | 0.4/3.8 MB | 65/270 kB
2026.02.16 11:07:03 INFO  Progress (4): 2.6/12 MB | 0.4/3.8 MB | 65/270 kB | 7.8/463 kB
2026.02.16 11:07:03 INFO  Progress (4): 2.6/12 MB | 0.4/3.8 MB | 65/270 kB | 16/463 kB 
2026.02.16 11:07:03 INFO  Progress (4): 2.6/12 MB | 0.4/3.8 MB | 65/270 kB | 32/463 kB
2026.02.16 11:07:03 INFO  Progress (4): 2.6/12 MB | 0.4/3.8 MB | 65/270 kB | 48/463 kB
2026.02.16 11:07:03 INFO  Progress (4): 2.6/12 MB | 0.4/3.8 MB | 65/270 kB | 65/463 kB
2026.02.16 11:07:03 INFO  Progress (4): 2.6/12 MB | 0.4/3.8 MB | 65/270 kB | 81/463 kB
2026.02.16 11:07:03 INFO  Progress (4): 2.6/12 MB | 0.4/3.8 MB | 81/270 kB | 81/463 kB
2026.02.16 11:07:03 INFO  Progress (4): 2.6/12 MB | 0.4/3.8 MB | 81/270 kB | 98/463 kB
2026.02.16 11:07:03 INFO  Progress (4): 2.6/12 MB | 0.4/3.8 MB | 81/270 kB | 98/463 kB
2026.02.16 11:07:03 INFO  Progress (4): 2.6/12 MB | 0.4/3.8 MB | 81/270 kB | 114/463 kB
2026.02.16 11:07:03 INFO  Progress (4): 2.6/12 MB | 0.4/3.8 MB | 81/270 kB | 130/463 kB
2026.02.16 11:07:03 INFO  Progress (4): 2.6/12 MB | 0.4/3.8 MB | 81/270 kB | 147/463 kB
2026.02.16 11:07:03 INFO  Progress (4): 2.6/12 MB | 0.4/3.8 MB | 81/270 kB | 147/463 kB
2026.02.16 11:07:03 INFO  Progress (4): 2.6/12 MB | 0.4/3.8 MB | 98/270 kB | 147/463 kB
2026.02.16 11:07:03 INFO  Progress (4): 2.6/12 MB | 0.4/3.8 MB | 98/270 kB | 163/463 kB
2026.02.16 11:07:03 INFO  Progress (4): 2.6/12 MB | 0.4/3.8 MB | 98/270 kB | 180/463 kB
2026.02.16 11:07:03 INFO  Progress (4): 2.6/12 MB | 0.4/3.8 MB | 114/270 kB | 180/463 kB
2026.02.16 11:07:03 INFO  Progress (4): 2.6/12 MB | 0.4/3.8 MB | 114/270 kB | 196/463 kB
2026.02.16 11:07:03 INFO  Progress (4): 2.6/12 MB | 0.4/3.8 MB | 114/270 kB | 196/463 kB
2026.02.16 11:07:03 INFO  Progress (4): 2.6/12 MB | 0.4/3.8 MB | 131/270 kB | 196/463 kB
2026.02.16 11:07:03 INFO  Progress (4): 2.6/12 MB | 0.4/3.8 MB | 131/270 kB | 212/463 kB
2026.02.16 11:07:03 INFO  Progress (4): 2.6/12 MB | 0.4/3.8 MB | 131/270 kB | 213/463 kB
2026.02.16 11:07:03 INFO  Progress (4): 2.6/12 MB | 0.4/3.8 MB | 131/270 kB | 221/463 kB
2026.02.16 11:07:03 INFO  Progress (4): 2.6/12 MB | 0.4/3.8 MB | 147/270 kB | 221/463 kB
2026.02.16 11:07:03 INFO  Progress (4): 2.6/12 MB | 0.4/3.8 MB | 147/270 kB | 229/463 kB
2026.02.16 11:07:03 INFO  Progress (4): 2.6/12 MB | 0.4/3.8 MB | 147/270 kB | 246/463 kB
2026.02.16 11:07:03 INFO  Progress (4): 2.6/12 MB | 0.4/3.8 MB | 147/270 kB | 262/463 kB
2026.02.16 11:07:03 INFO  Progress (4): 2.6/12 MB | 0.4/3.8 MB | 147/270 kB | 279/463 kB
2026.02.16 11:07:03 INFO  Progress (4): 2.6/12 MB | 0.4/3.8 MB | 147/270 kB | 295/463 kB
2026.02.16 11:07:03 INFO  Progress (4): 2.6/12 MB | 0.4/3.8 MB | 147/270 kB | 311/463 kB
2026.02.16 11:07:03 INFO  Progress (4): 2.6/12 MB | 0.4/3.8 MB | 147/270 kB | 311/463 kB
2026.02.16 11:07:03 INFO  Progress (4): 2.6/12 MB | 0.4/3.8 MB | 163/270 kB | 311/463 kB
2026.02.16 11:07:03 INFO  Progress (4): 2.6/12 MB | 0.4/3.8 MB | 163/270 kB | 311/463 kB
2026.02.16 11:07:03 INFO  Progress (4): 2.6/12 MB | 0.4/3.8 MB | 163/270 kB | 328/463 kB
2026.02.16 11:07:03 INFO  Progress (4): 2.6/12 MB | 0.4/3.8 MB | 180/270 kB | 328/463 kB
2026.02.16 11:07:03 INFO  Progress (4): 2.6/12 MB | 0.4/3.8 MB | 180/270 kB | 344/463 kB
2026.02.16 11:07:03 INFO  Progress (4): 2.6/12 MB | 0.4/3.8 MB | 180/270 kB | 360/463 kB
2026.02.16 11:07:03 INFO  Progress (4): 2.6/12 MB | 0.4/3.8 MB | 180/270 kB | 377/463 kB
2026.02.16 11:07:03 INFO  Progress (4): 2.6/12 MB | 0.4/3.8 MB | 180/270 kB | 393/463 kB
2026.02.16 11:07:03 INFO  Progress (4): 2.6/12 MB | 0.4/3.8 MB | 180/270 kB | 410/463 kB
2026.02.16 11:07:03 INFO  Progress (4): 2.6/12 MB | 0.4/3.8 MB | 180/270 kB | 426/463 kB
2026.02.16 11:07:03 INFO  Progress (4): 2.6/12 MB | 0.4/3.8 MB | 180/270 kB | 442/463 kB
2026.02.16 11:07:03 INFO  Progress (4): 2.6/12 MB | 0.4/3.8 MB | 180/270 kB | 459/463 kB
2026.02.16 11:07:03 INFO  Progress (4): 2.6/12 MB | 0.4/3.8 MB | 180/270 kB | 463 kB    
2026.02.16 11:07:03 INFO                                                            
2026.02.16 11:07:03 INFO  Downloaded from central: https://repo.maven.apache.org/maven2/org/scala-sbt/util-logging_2.13/1.8.0/util-logging_2.13-1.8.0.jar (463 kB at 345 kB/s)
2026.02.16 11:07:03 INFO  Downloading from central: https://repo.maven.apache.org/maven2/org/scala-sbt/zinc-compile-core_2.13/1.8.0/zinc-compile-core_2.13-1.8.0.jar
2026.02.16 11:07:03 INFO  Progress (3): 2.6/12 MB | 0.4/3.8 MB | 180/270 kB
2026.02.16 11:07:03 INFO  Progress (3): 2.6/12 MB | 0.5/3.8 MB | 180/270 kB
2026.02.16 11:07:03 INFO  Progress (3): 2.6/12 MB | 0.5/3.8 MB | 196/270 kB
2026.02.16 11:07:03 INFO  Progress (3): 2.6/12 MB | 0.5/3.8 MB | 196/270 kB
2026.02.16 11:07:03 INFO  Progress (3): 2.6/12 MB | 0.5/3.8 MB | 196/270 kB
2026.02.16 11:07:03 INFO  Progress (3): 2.6/12 MB | 0.5/3.8 MB | 213/270 kB
2026.02.16 11:07:03 INFO  Progress (3): 2.6/12 MB | 0.5/3.8 MB | 229/270 kB
2026.02.16 11:07:03 INFO  Progress (3): 2.6/12 MB | 0.5/3.8 MB | 229/270 kB
2026.02.16 11:07:03 INFO  Progress (3): 2.7/12 MB | 0.5/3.8 MB | 229/270 kB
2026.02.16 11:07:03 INFO  Progress (3): 2.7/12 MB | 0.5/3.8 MB | 245/270 kB
2026.02.16 11:07:03 INFO  Progress (3): 2.7/12 MB | 0.5/3.8 MB | 245/270 kB
2026.02.16 11:07:03 INFO  Progress (3): 2.7/12 MB | 0.5/3.8 MB | 245/270 kB
2026.02.16 11:07:03 INFO  Progress (3): 2.7/12 MB | 0.5/3.8 MB | 262/270 kB
2026.02.16 11:07:03 INFO  Progress (3): 2.7/12 MB | 0.5/3.8 MB | 270 kB    
2026.02.16 11:07:03 INFO                                               
2026.02.16 11:07:03 INFO  Downloaded from central: https://repo.maven.apache.org/maven2/org/scala-sbt/zinc-persist_2.13/1.8.0/zinc-persist_2.13-1.8.0.jar (270 kB at 201 kB/s)
2026.02.16 11:07:03 INFO  Downloading from central: https://repo.maven.apache.org/maven2/org/scala-lang/modules/scala-parser-combinators_2.13/1.1.2/scala-parser-combinators_2.13-1.1.2.jar
2026.02.16 11:07:03 INFO  Progress (2): 2.7/12 MB | 0.5/3.8 MB
2026.02.16 11:07:03 INFO  Progress (2): 2.7/12 MB | 0.5/3.8 MB
2026.02.16 11:07:03 INFO  Progress (2): 2.7/12 MB | 0.5/3.8 MB
2026.02.16 11:07:03 INFO  Progress (2): 2.7/12 MB | 0.5/3.8 MB
2026.02.16 11:07:03 INFO  Progress (2): 2.7/12 MB | 0.5/3.8 MB
2026.02.16 11:07:03 INFO  Progress (2): 2.7/12 MB | 0.5/3.8 MB
2026.02.16 11:07:03 INFO  Progress (2): 2.7/12 MB | 0.6/3.8 MB
2026.02.16 11:07:03 INFO  Progress (2): 2.7/12 MB | 0.6/3.8 MB
2026.02.16 11:07:03 INFO  Progress (2): 2.7/12 MB | 0.6/3.8 MB
2026.02.16 11:07:03 INFO  Progress (2): 2.7/12 MB | 0.6/3.8 MB
2026.02.16 11:07:03 INFO  Progress (2): 2.8/12 MB | 0.6/3.8 MB
2026.02.16 11:07:03 INFO  Progress (2): 2.8/12 MB | 0.6/3.8 MB
2026.02.16 11:07:03 INFO  Progress (2): 2.8/12 MB | 0.6/3.8 MB
2026.02.16 11:07:03 INFO  Progress (2): 2.8/12 MB | 0.6/3.8 MB
2026.02.16 11:07:03 INFO  Progress (2): 2.8/12 MB | 0.6/3.8 MB
2026.02.16 11:07:03 INFO  Progress (2): 2.8/12 MB | 0.6/3.8 MB
2026.02.16 11:07:03 INFO  Progress (2): 2.8/12 MB | 0.6/3.8 MB
2026.02.16 11:07:03 INFO  Progress (2): 2.8/12 MB | 0.7/3.8 MB
2026.02.16 11:07:03 INFO  Progress (2): 2.8/12 MB | 0.7/3.8 MB
2026.02.16 11:07:03 INFO  Progress (2): 2.8/12 MB | 0.7/3.8 MB
2026.02.16 11:07:03 INFO  Progress (2): 2.9/12 MB | 0.7/3.8 MB
2026.02.16 11:07:03 INFO  Progress (2): 2.9/12 MB | 0.7/3.8 MB
2026.02.16 11:07:03 INFO  Progress (2): 2.9/12 MB | 0.7/3.8 MB
2026.02.16 11:07:03 INFO  Progress (2): 2.9/12 MB | 0.7/3.8 MB
2026.02.16 11:07:03 INFO  Progress (2): 2.9/12 MB | 0.7/3.8 MB
2026.02.16 11:07:03 INFO  Progress (2): 2.9/12 MB | 0.7/3.8 MB
2026.02.16 11:07:03 INFO  Progress (2): 2.9/12 MB | 0.7/3.8 MB
2026.02.16 11:07:03 INFO  Progress (2): 2.9/12 MB | 0.7/3.8 MB
2026.02.16 11:07:03 INFO  Progress (2): 2.9/12 MB | 0.7/3.8 MB
2026.02.16 11:07:03 INFO  Progress (2): 2.9/12 MB | 0.8/3.8 MB
2026.02.16 11:07:03 INFO  Progress (2): 2.9/12 MB | 0.8/3.8 MB
2026.02.16 11:07:03 INFO  Progress (2): 2.9/12 MB | 0.8/3.8 MB
2026.02.16 11:07:03 INFO  Progress (2): 2.9/12 MB | 0.8/3.8 MB
2026.02.16 11:07:03 INFO  Progress (2): 2.9/12 MB | 0.8/3.8 MB
2026.02.16 11:07:03 INFO  Progress (2): 2.9/12 MB | 0.8/3.8 MB
2026.02.16 11:07:03 INFO  Progress (2): 2.9/12 MB | 0.8/3.8 MB
2026.02.16 11:07:03 INFO  Progress (2): 3.0/12 MB | 0.8/3.8 MB
2026.02.16 11:07:03 INFO  Progress (2): 3.0/12 MB | 0.8/3.8 MB
2026.02.16 11:07:03 INFO  Progress (2): 3.0/12 MB | 0.8/3.8 MB
2026.02.16 11:07:03 INFO  Progress (2): 3.0/12 MB | 0.8/3.8 MB
2026.02.16 11:07:03 INFO  Progress (2): 3.0/12 MB | 0.9/3.8 MB
2026.02.16 11:07:03 INFO  Progress (2): 3.0/12 MB | 0.9/3.8 MB
2026.02.16 11:07:03 INFO  Progress (2): 3.0/12 MB | 0.9/3.8 MB
2026.02.16 11:07:03 INFO  Progress (2): 3.0/12 MB | 0.9/3.8 MB
2026.02.16 11:07:03 INFO  Progress (2): 3.0/12 MB | 0.9/3.8 MB
2026.02.16 11:07:03 INFO  Progress (2): 3.0/12 MB | 0.9/3.8 MB
2026.02.16 11:07:03 INFO  Progress (2): 3.0/12 MB | 0.9/3.8 MB
2026.02.16 11:07:03 INFO  Progress (2): 3.0/12 MB | 0.9/3.8 MB
2026.02.16 11:07:03 INFO  Progress (2): 3.1/12 MB | 0.9/3.8 MB
2026.02.16 11:07:03 INFO  Progress (2): 3.1/12 MB | 0.9/3.8 MB
2026.02.16 11:07:03 INFO  Progress (2): 3.1/12 MB | 0.9/3.8 MB
2026.02.16 11:07:03 INFO  Progress (2): 3.1/12 MB | 0.9/3.8 MB
2026.02.16 11:07:03 INFO  Progress (2): 3.1/12 MB | 1.0/3.8 MB
2026.02.16 11:07:03 INFO  Progress (2): 3.1/12 MB | 1.0/3.8 MB
2026.02.16 11:07:03 INFO  Progress (2): 3.1/12 MB | 1.0/3.8 MB
2026.02.16 11:07:03 INFO  Progress (2): 3.1/12 MB | 1.0/3.8 MB
2026.02.16 11:07:03 INFO  Progress (2): 3.1/12 MB | 1.0/3.8 MB
2026.02.16 11:07:03 INFO  Progress (2): 3.1/12 MB | 1.0/3.8 MB
2026.02.16 11:07:03 INFO  Progress (2): 3.1/12 MB | 1.0/3.8 MB
2026.02.16 11:07:03 INFO  Progress (2): 3.1/12 MB | 1.0/3.8 MB
2026.02.16 11:07:03 INFO  Progress (2): 3.1/12 MB | 1.0/3.8 MB
2026.02.16 11:07:03 INFO  Progress (2): 3.2/12 MB | 1.0/3.8 MB
2026.02.16 11:07:03 INFO  Progress (2): 3.2/12 MB | 1.0/3.8 MB
2026.02.16 11:07:03 INFO  Progress (2): 3.2/12 MB | 1.1/3.8 MB
2026.02.16 11:07:03 INFO  Progress (2): 3.2/12 MB | 1.1/3.8 MB
2026.02.16 11:07:03 INFO  Progress (2): 3.2/12 MB | 1.1/3.8 MB
2026.02.16 11:07:03 INFO  Progress (2): 3.2/12 MB | 1.1/3.8 MB
2026.02.16 11:07:03 INFO  Progress (2): 3.2/12 MB | 1.1/3.8 MB
2026.02.16 11:07:03 INFO  Progress (2): 3.2/12 MB | 1.1/3.8 MB
2026.02.16 11:07:03 INFO  Progress (2): 3.2/12 MB | 1.1/3.8 MB
2026.02.16 11:07:03 INFO  Progress (2): 3.2/12 MB | 1.1/3.8 MB
2026.02.16 11:07:03 INFO  Progress (3): 3.2/12 MB | 1.1/3.8 MB | 7.8/87 kB
2026.02.16 11:07:03 INFO  Progress (3): 3.2/12 MB | 1.1/3.8 MB | 16/87 kB 
2026.02.16 11:07:03 INFO  Progress (3): 3.2/12 MB | 1.1/3.8 MB | 16/87 kB
2026.02.16 11:07:03 INFO  Progress (3): 3.2/12 MB | 1.1/3.8 MB | 16/87 kB
2026.02.16 11:07:03 INFO  Progress (3): 3.3/12 MB | 1.1/3.8 MB | 16/87 kB
2026.02.16 11:07:03 INFO  Progress (3): 3.3/12 MB | 1.1/3.8 MB | 32/87 kB
2026.02.16 11:07:03 INFO  Progress (3): 3.3/12 MB | 1.1/3.8 MB | 32/87 kB
2026.02.16 11:07:03 INFO  Progress (3): 3.3/12 MB | 1.1/3.8 MB | 32/87 kB
2026.02.16 11:07:03 INFO  Progress (3): 3.3/12 MB | 1.1/3.8 MB | 49/87 kB
2026.02.16 11:07:03 INFO  Progress (3): 3.3/12 MB | 1.2/3.8 MB | 49/87 kB
2026.02.16 11:07:03 INFO  Progress (3): 3.3/12 MB | 1.2/3.8 MB | 49/87 kB
2026.02.16 11:07:03 INFO  Progress (3): 3.3/12 MB | 1.2/3.8 MB | 49/87 kB
2026.02.16 11:07:03 INFO  Progress (3): 3.3/12 MB | 1.2/3.8 MB | 65/87 kB
2026.02.16 11:07:03 INFO  Progress (3): 3.3/12 MB | 1.2/3.8 MB | 65/87 kB
2026.02.16 11:07:03 INFO  Progress (3): 3.3/12 MB | 1.2/3.8 MB | 65/87 kB
2026.02.16 11:07:03 INFO  Progress (3): 3.3/12 MB | 1.2/3.8 MB | 65/87 kB
2026.02.16 11:07:03 INFO  Progress (3): 3.3/12 MB | 1.2/3.8 MB | 65/87 kB
2026.02.16 11:07:03 INFO  Progress (3): 3.3/12 MB | 1.2/3.8 MB | 81/87 kB
2026.02.16 11:07:03 INFO  Progress (3): 3.3/12 MB | 1.2/3.8 MB | 81/87 kB
2026.02.16 11:07:03 INFO  Progress (3): 3.3/12 MB | 1.2/3.8 MB | 87 kB   
2026.02.16 11:07:03 INFO                                              
2026.02.16 11:07:03 INFO  Downloaded from central: https://repo.maven.apache.org/maven2/org/scala-sbt/core-macros_2.13/1.8.0/core-macros_2.13-1.8.0.jar (87 kB at 62 kB/s)
2026.02.16 11:07:03 INFO  Downloading from central: https://repo.maven.apache.org/maven2/net/openhft/zero-allocation-hashing/0.10.1/zero-allocation-hashing-0.10.1.jar
2026.02.16 11:07:03 INFO  Progress (2): 3.3/12 MB | 1.2/3.8 MB
2026.02.16 11:07:03 INFO  Progress (2): 3.4/12 MB | 1.2/3.8 MB
2026.02.16 11:07:03 INFO  Progress (2): 3.4/12 MB | 1.2/3.8 MB
2026.02.16 11:07:03 INFO  Progress (2): 3.4/12 MB | 1.2/3.8 MB
2026.02.16 11:07:03 INFO  Progress (2): 3.4/12 MB | 1.3/3.8 MB
2026.02.16 11:07:03 INFO  Progress (2): 3.4/12 MB | 1.3/3.8 MB
2026.02.16 11:07:03 INFO  Progress (2): 3.4/12 MB | 1.3/3.8 MB
2026.02.16 11:07:03 INFO  Progress (2): 3.4/12 MB | 1.3/3.8 MB
2026.02.16 11:07:03 INFO  Progress (2): 3.4/12 MB | 1.3/3.8 MB
2026.02.16 11:07:03 INFO  Progress (2): 3.4/12 MB | 1.3/3.8 MB
2026.02.16 11:07:03 INFO  Progress (2): 3.4/12 MB | 1.3/3.8 MB
2026.02.16 11:07:03 INFO  Progress (2): 3.4/12 MB | 1.3/3.8 MB
2026.02.16 11:07:03 INFO  Progress (2): 3.4/12 MB | 1.3/3.8 MB
2026.02.16 11:07:03 INFO  Progress (2): 3.4/12 MB | 1.3/3.8 MB
2026.02.16 11:07:03 INFO  Progress (2): 3.5/12 MB | 1.3/3.8 MB
2026.02.16 11:07:03 INFO  Progress (2): 3.5/12 MB | 1.3/3.8 MB
2026.02.16 11:07:03 INFO  Progress (2): 3.5/12 MB | 1.4/3.8 MB
2026.02.16 11:07:03 INFO  Progress (2): 3.5/12 MB | 1.4/3.8 MB
2026.02.16 11:07:03 INFO  Progress (2): 3.5/12 MB | 1.4/3.8 MB
2026.02.16 11:07:03 INFO  Progress (2): 3.5/12 MB | 1.4/3.8 MB
2026.02.16 11:07:03 INFO  Progress (2): 3.5/12 MB | 1.4/3.8 MB
2026.02.16 11:07:03 INFO  Progress (2): 3.5/12 MB | 1.4/3.8 MB
2026.02.16 11:07:03 INFO  Progress (2): 3.5/12 MB | 1.4/3.8 MB
2026.02.16 11:07:03 INFO  Progress (2): 3.5/12 MB | 1.4/3.8 MB
2026.02.16 11:07:03 INFO  Progress (2): 3.5/12 MB | 1.4/3.8 MB
2026.02.16 11:07:03 INFO  Progress (2): 3.5/12 MB | 1.4/3.8 MB
2026.02.16 11:07:03 INFO  Progress (2): 3.5/12 MB | 1.4/3.8 MB
2026.02.16 11:07:03 INFO  Progress (2): 3.6/12 MB | 1.4/3.8 MB
2026.02.16 11:07:03 INFO  Progress (2): 3.6/12 MB | 1.5/3.8 MB
2026.02.16 11:07:03 INFO  Progress (2): 3.6/12 MB | 1.5/3.8 MB
2026.02.16 11:07:03 INFO  Progress (2): 3.6/12 MB | 1.5/3.8 MB
2026.02.16 11:07:03 INFO  Progress (2): 3.6/12 MB | 1.5/3.8 MB
2026.02.16 11:07:03 INFO  Progress (2): 3.6/12 MB | 1.5/3.8 MB
2026.02.16 11:07:03 INFO  Progress (2): 3.6/12 MB | 1.5/3.8 MB
2026.02.16 11:07:03 INFO  Progress (2): 3.6/12 MB | 1.5/3.8 MB
2026.02.16 11:07:03 INFO  Progress (2): 3.6/12 MB | 1.5/3.8 MB
2026.02.16 11:07:03 INFO  Progress (2): 3.6/12 MB | 1.5/3.8 MB
2026.02.16 11:07:03 INFO  Progress (2): 3.6/12 MB | 1.5/3.8 MB
2026.02.16 11:07:03 INFO  Progress (2): 3.7/12 MB | 1.5/3.8 MB
2026.02.16 11:07:03 INFO  Progress (2): 3.7/12 MB | 1.5/3.8 MB
2026.02.16 11:07:03 INFO  Progress (2): 3.7/12 MB | 1.6/3.8 MB
2026.02.16 11:07:03 INFO  Progress (2): 3.7/12 MB | 1.6/3.8 MB
2026.02.16 11:07:03 INFO  Progress (2): 3.7/12 MB | 1.6/3.8 MB
2026.02.16 11:07:03 INFO  Progress (3): 3.7/12 MB | 1.6/3.8 MB | 7.7/60 kB
2026.02.16 11:07:03 INFO  Progress (3): 3.7/12 MB | 1.6/3.8 MB | 7.8/60 kB
2026.02.16 11:07:03 INFO  Progress (3): 3.7/12 MB | 1.6/3.8 MB | 7.8/60 kB
2026.02.16 11:07:03 INFO  Progress (3): 3.7/12 MB | 1.6/3.8 MB | 7.8/60 kB
2026.02.16 11:07:03 INFO  Progress (3): 3.7/12 MB | 1.6/3.8 MB | 24/60 kB 
2026.02.16 11:07:03 INFO  Progress (3): 3.7/12 MB | 1.6/3.8 MB | 24/60 kB
2026.02.16 11:07:03 INFO  Progress (3): 3.7/12 MB | 1.6/3.8 MB | 24/60 kB
2026.02.16 11:07:03 INFO  Progress (3): 3.7/12 MB | 1.6/3.8 MB | 24/60 kB
2026.02.16 11:07:03 INFO  Progress (3): 3.7/12 MB | 1.6/3.8 MB | 24/60 kB
2026.02.16 11:07:03 INFO  Progress (3): 3.7/12 MB | 1.6/3.8 MB | 41/60 kB
2026.02.16 11:07:03 INFO  Progress (3): 3.7/12 MB | 1.6/3.8 MB | 41/60 kB
2026.02.16 11:07:03 INFO  Progress (3): 3.8/12 MB | 1.6/3.8 MB | 41/60 kB
2026.02.16 11:07:03 INFO  Progress (3): 3.8/12 MB | 1.6/3.8 MB | 57/60 kB
2026.02.16 11:07:03 INFO  Progress (3): 3.8/12 MB | 1.6/3.8 MB | 57/60 kB
2026.02.16 11:07:03 INFO  Progress (3): 3.8/12 MB | 1.6/3.8 MB | 60 kB   
2026.02.16 11:07:03 INFO  Progress (3): 3.8/12 MB | 1.7/3.8 MB | 60 kB
2026.02.16 11:07:03 INFO                                              
2026.02.16 11:07:03 INFO  Downloaded from central: https://repo.maven.apache.org/maven2/net/openhft/zero-allocation-hashing/0.10.1/zero-allocation-hashing-0.10.1.jar (60 kB at 42 kB/s)
2026.02.16 11:07:03 INFO  Downloading from central: https://repo.maven.apache.org/maven2/org/scala-sbt/util-control_2.13/1.8.0/util-control_2.13-1.8.0.jar
2026.02.16 11:07:03 INFO  Progress (2): 3.8/12 MB | 1.7/3.8 MB
2026.02.16 11:07:03 INFO  Progress (2): 3.8/12 MB | 1.7/3.8 MB
2026.02.16 11:07:03 INFO  Progress (2): 3.8/12 MB | 1.7/3.8 MB
2026.02.16 11:07:03 INFO  Progress (2): 3.8/12 MB | 1.7/3.8 MB
2026.02.16 11:07:03 INFO  Progress (2): 3.8/12 MB | 1.7/3.8 MB
2026.02.16 11:07:03 INFO  Progress (2): 3.8/12 MB | 1.7/3.8 MB
2026.02.16 11:07:03 INFO  Progress (2): 3.8/12 MB | 1.7/3.8 MB
2026.02.16 11:07:03 INFO  Progress (2): 3.8/12 MB | 1.7/3.8 MB
2026.02.16 11:07:03 INFO  Progress (2): 3.8/12 MB | 1.7/3.8 MB
2026.02.16 11:07:03 INFO  Progress (2): 3.8/12 MB | 1.7/3.8 MB
2026.02.16 11:07:03 INFO  Progress (2): 3.8/12 MB | 1.7/3.8 MB
2026.02.16 11:07:03 INFO  Progress (2): 3.8/12 MB | 1.8/3.8 MB
2026.02.16 11:07:03 INFO  Progress (2): 3.9/12 MB | 1.8/3.8 MB
2026.02.16 11:07:03 INFO  Progress (2): 3.9/12 MB | 1.8/3.8 MB
2026.02.16 11:07:03 INFO  Progress (2): 3.9/12 MB | 1.8/3.8 MB
2026.02.16 11:07:03 INFO  Progress (2): 3.9/12 MB | 1.8/3.8 MB
2026.02.16 11:07:03 INFO  Progress (2): 3.9/12 MB | 1.8/3.8 MB
2026.02.16 11:07:03 INFO  Progress (2): 3.9/12 MB | 1.8/3.8 MB
2026.02.16 11:07:03 INFO  Progress (2): 3.9/12 MB | 1.8/3.8 MB
2026.02.16 11:07:03 INFO  Progress (2): 3.9/12 MB | 1.8/3.8 MB
2026.02.16 11:07:03 INFO  Progress (2): 3.9/12 MB | 1.8/3.8 MB
2026.02.16 11:07:03 INFO  Progress (2): 3.9/12 MB | 1.8/3.8 MB
2026.02.16 11:07:03 INFO  Progress (2): 3.9/12 MB | 1.8/3.8 MB
2026.02.16 11:07:03 INFO  Progress (2): 3.9/12 MB | 1.9/3.8 MB
2026.02.16 11:07:03 INFO  Progress (2): 3.9/12 MB | 1.9/3.8 MB
2026.02.16 11:07:03 INFO  Progress (2): 4.0/12 MB | 1.9/3.8 MB
2026.02.16 11:07:03 INFO  Progress (2): 4.0/12 MB | 1.9/3.8 MB
2026.02.16 11:07:03 INFO  Progress (2): 4.0/12 MB | 1.9/3.8 MB
2026.02.16 11:07:03 INFO  Progress (2): 4.0/12 MB | 1.9/3.8 MB
2026.02.16 11:07:03 INFO  Progress (2): 4.0/12 MB | 1.9/3.8 MB
2026.02.16 11:07:03 INFO  Progress (2): 4.0/12 MB | 1.9/3.8 MB
2026.02.16 11:07:03 INFO  Progress (2): 4.0/12 MB | 1.9/3.8 MB
2026.02.16 11:07:03 INFO  Progress (2): 4.0/12 MB | 1.9/3.8 MB
2026.02.16 11:07:03 INFO  Progress (2): 4.0/12 MB | 1.9/3.8 MB
2026.02.16 11:07:03 INFO  Progress (2): 4.0/12 MB | 1.9/3.8 MB
2026.02.16 11:07:03 INFO  Progress (2): 4.0/12 MB | 1.9/3.8 MB
2026.02.16 11:07:03 INFO  Progress (2): 4.0/12 MB | 2.0/3.8 MB
2026.02.16 11:07:03 INFO  Progress (2): 4.1/12 MB | 2.0/3.8 MB
2026.02.16 11:07:03 INFO  Progress (2): 4.1/12 MB | 2.0/3.8 MB
2026.02.16 11:07:03 INFO  Progress (2): 4.1/12 MB | 2.0/3.8 MB
2026.02.16 11:07:03 INFO  Progress (2): 4.1/12 MB | 2.0/3.8 MB
2026.02.16 11:07:03 INFO  Progress (2): 4.1/12 MB | 2.0/3.8 MB
2026.02.16 11:07:03 INFO  Progress (2): 4.1/12 MB | 2.0/3.8 MB
2026.02.16 11:07:03 INFO  Progress (2): 4.1/12 MB | 2.0/3.8 MB
2026.02.16 11:07:03 INFO  Progress (2): 4.1/12 MB | 2.0/3.8 MB
2026.02.16 11:07:03 INFO  Progress (2): 4.1/12 MB | 2.0/3.8 MB
2026.02.16 11:07:03 INFO  Progress (2): 4.1/12 MB | 2.0/3.8 MB
2026.02.16 11:07:03 INFO  Progress (2): 4.1/12 MB | 2.0/3.8 MB
2026.02.16 11:07:03 INFO  Progress (2): 4.1/12 MB | 2.1/3.8 MB
2026.02.16 11:07:03 INFO  Progress (2): 4.2/12 MB | 2.1/3.8 MB
2026.02.16 11:07:03 INFO  Progress (2): 4.2/12 MB | 2.1/3.8 MB
2026.02.16 11:07:03 INFO  Progress (2): 4.2/12 MB | 2.1/3.8 MB
2026.02.16 11:07:03 INFO  Progress (2): 4.2/12 MB | 2.1/3.8 MB
2026.02.16 11:07:03 INFO  Progress (2): 4.2/12 MB | 2.1/3.8 MB
2026.02.16 11:07:03 INFO  Progress (2): 4.2/12 MB | 2.1/3.8 MB
2026.02.16 11:07:03 INFO  Progress (2): 4.2/12 MB | 2.1/3.8 MB
2026.02.16 11:07:03 INFO  Progress (2): 4.2/12 MB | 2.1/3.8 MB
2026.02.16 11:07:03 INFO  Progress (2): 4.2/12 MB | 2.1/3.8 MB
2026.02.16 11:07:03 INFO  Progress (2): 4.2/12 MB | 2.1/3.8 MB
2026.02.16 11:07:03 INFO  Progress (2): 4.2/12 MB | 2.1/3.8 MB
2026.02.16 11:07:03 INFO  Progress (2): 4.2/12 MB | 2.1/3.8 MB
2026.02.16 11:07:03 INFO  Progress (2): 4.2/12 MB | 2.2/3.8 MB
2026.02.16 11:07:03 INFO  Progress (2): 4.3/12 MB | 2.2/3.8 MB
2026.02.16 11:07:03 INFO  Progress (2): 4.3/12 MB | 2.2/3.8 MB
2026.02.16 11:07:03 INFO  Progress (2): 4.3/12 MB | 2.2/3.8 MB
2026.02.16 11:07:03 INFO  Progress (2): 4.3/12 MB | 2.2/3.8 MB
2026.02.16 11:07:03 INFO  Progress (2): 4.3/12 MB | 2.2/3.8 MB
2026.02.16 11:07:03 INFO  Progress (2): 4.3/12 MB | 2.2/3.8 MB
2026.02.16 11:07:03 INFO  Progress (2): 4.3/12 MB | 2.2/3.8 MB
2026.02.16 11:07:03 INFO  Progress (2): 4.3/12 MB | 2.2/3.8 MB
2026.02.16 11:07:03 INFO  Progress (2): 4.3/12 MB | 2.2/3.8 MB
2026.02.16 11:07:03 INFO  Progress (2): 4.3/12 MB | 2.2/3.8 MB
2026.02.16 11:07:03 INFO  Progress (2): 4.3/12 MB | 2.2/3.8 MB
2026.02.16 11:07:03 INFO  Progress (2): 4.4/12 MB | 2.2/3.8 MB
2026.02.16 11:07:03 INFO  Progress (2): 4.4/12 MB | 2.3/3.8 MB
2026.02.16 11:07:03 INFO  Progress (2): 4.4/12 MB | 2.3/3.8 MB
2026.02.16 11:07:03 INFO  Progress (2): 4.4/12 MB | 2.3/3.8 MB
2026.02.16 11:07:03 INFO  Progress (2): 4.4/12 MB | 2.3/3.8 MB
2026.02.16 11:07:03 INFO  Progress (2): 4.4/12 MB | 2.3/3.8 MB
2026.02.16 11:07:03 INFO  Progress (2): 4.4/12 MB | 2.3/3.8 MB
2026.02.16 11:07:03 INFO  Progress (2): 4.4/12 MB | 2.3/3.8 MB
2026.02.16 11:07:03 INFO  Progress (2): 4.4/12 MB | 2.3/3.8 MB
2026.02.16 11:07:03 INFO  Progress (2): 4.4/12 MB | 2.3/3.8 MB
2026.02.16 11:07:03 INFO  Progress (2): 4.4/12 MB | 2.3/3.8 MB
2026.02.16 11:07:03 INFO  Progress (2): 4.4/12 MB | 2.3/3.8 MB
2026.02.16 11:07:03 INFO  Progress (2): 4.4/12 MB | 2.4/3.8 MB
2026.02.16 11:07:03 INFO  Progress (2): 4.4/12 MB | 2.4/3.8 MB
2026.02.16 11:07:03 INFO  Progress (2): 4.5/12 MB | 2.4/3.8 MB
2026.02.16 11:07:03 INFO  Progress (2): 4.5/12 MB | 2.4/3.8 MB
2026.02.16 11:07:03 INFO  Progress (2): 4.5/12 MB | 2.4/3.8 MB
2026.02.16 11:07:03 INFO  Progress (2): 4.5/12 MB | 2.4/3.8 MB
2026.02.16 11:07:03 INFO  Progress (2): 4.5/12 MB | 2.4/3.8 MB
2026.02.16 11:07:03 INFO  Progress (2): 4.5/12 MB | 2.4/3.8 MB
2026.02.16 11:07:03 INFO  Progress (2): 4.5/12 MB | 2.4/3.8 MB
2026.02.16 11:07:03 INFO  Progress (2): 4.5/12 MB | 2.4/3.8 MB
2026.02.16 11:07:03 INFO  Progress (2): 4.5/12 MB | 2.4/3.8 MB
2026.02.16 11:07:03 INFO  Progress (2): 4.5/12 MB | 2.4/3.8 MB
2026.02.16 11:07:03 INFO  Progress (2): 4.5/12 MB | 2.5/3.8 MB
2026.02.16 11:07:03 INFO  Progress (2): 4.6/12 MB | 2.5/3.8 MB
2026.02.16 11:07:03 INFO  Progress (2): 4.6/12 MB | 2.5/3.8 MB
2026.02.16 11:07:03 INFO  Progress (2): 4.6/12 MB | 2.5/3.8 MB
2026.02.16 11:07:03 INFO  Progress (2): 4.6/12 MB | 2.5/3.8 MB
2026.02.16 11:07:03 INFO  Progress (2): 4.6/12 MB | 2.5/3.8 MB
2026.02.16 11:07:03 INFO  Progress (2): 4.6/12 MB | 2.5/3.8 MB
2026.02.16 11:07:03 INFO  Progress (2): 4.6/12 MB | 2.5/3.8 MB
2026.02.16 11:07:03 INFO  Progress (2): 4.6/12 MB | 2.5/3.8 MB
2026.02.16 11:07:03 INFO  Progress (2): 4.6/12 MB | 2.5/3.8 MB
2026.02.16 11:07:03 INFO  Progress (2): 4.6/12 MB | 2.5/3.8 MB
2026.02.16 11:07:03 INFO  Progress (2): 4.6/12 MB | 2.6/3.8 MB
2026.02.16 11:07:03 INFO  Progress (2): 4.6/12 MB | 2.6/3.8 MB
2026.02.16 11:07:03 INFO  Progress (2): 4.7/12 MB | 2.6/3.8 MB
2026.02.16 11:07:03 INFO  Progress (2): 4.7/12 MB | 2.6/3.8 MB
2026.02.16 11:07:03 INFO  Progress (2): 4.7/12 MB | 2.6/3.8 MB
2026.02.16 11:07:03 INFO  Progress (2): 4.7/12 MB | 2.6/3.8 MB
2026.02.16 11:07:03 INFO  Progress (2): 4.7/12 MB | 2.6/3.8 MB
2026.02.16 11:07:03 INFO  Progress (2): 4.7/12 MB | 2.6/3.8 MB
2026.02.16 11:07:03 INFO  Progress (2): 4.7/12 MB | 2.6/3.8 MB
2026.02.16 11:07:03 INFO  Progress (2): 4.7/12 MB | 2.6/3.8 MB
2026.02.16 11:07:03 INFO  Progress (2): 4.7/12 MB | 2.6/3.8 MB
2026.02.16 11:07:03 INFO  Progress (2): 4.7/12 MB | 2.6/3.8 MB
2026.02.16 11:07:03 INFO  Progress (2): 4.7/12 MB | 2.6/3.8 MB
2026.02.16 11:07:03 INFO  Progress (2): 4.7/12 MB | 2.6/3.8 MB
2026.02.16 11:07:03 INFO  Progress (2): 4.8/12 MB | 2.6/3.8 MB
2026.02.16 11:07:03 INFO  Progress (2): 4.8/12 MB | 2.7/3.8 MB
2026.02.16 11:07:03 INFO  Progress (2): 4.8/12 MB | 2.7/3.8 MB
2026.02.16 11:07:03 INFO  Progress (2): 4.8/12 MB | 2.7/3.8 MB
2026.02.16 11:07:03 INFO  Progress (2): 4.8/12 MB | 2.7/3.8 MB
2026.02.16 11:07:03 INFO  Progress (2): 4.8/12 MB | 2.7/3.8 MB
2026.02.16 11:07:03 INFO  Progress (2): 4.8/12 MB | 2.7/3.8 MB
2026.02.16 11:07:03 INFO  Progress (2): 4.8/12 MB | 2.7/3.8 MB
2026.02.16 11:07:03 INFO  Progress (2): 4.8/12 MB | 2.7/3.8 MB
2026.02.16 11:07:03 INFO  Progress (2): 4.8/12 MB | 2.7/3.8 MB
2026.02.16 11:07:03 INFO  Progress (2): 4.8/12 MB | 2.7/3.8 MB
2026.02.16 11:07:03 INFO  Progress (2): 4.8/12 MB | 2.7/3.8 MB
2026.02.16 11:07:03 INFO  Progress (2): 4.8/12 MB | 2.7/3.8 MB
2026.02.16 11:07:03 INFO  Progress (2): 4.9/12 MB | 2.7/3.8 MB
2026.02.16 11:07:03 INFO  Progress (2): 4.9/12 MB | 2.8/3.8 MB
2026.02.16 11:07:03 INFO  Progress (2): 4.9/12 MB | 2.8/3.8 MB
2026.02.16 11:07:03 INFO  Progress (2): 4.9/12 MB | 2.8/3.8 MB
2026.02.16 11:07:03 INFO  Progress (2): 4.9/12 MB | 2.8/3.8 MB
2026.02.16 11:07:03 INFO  Progress (2): 4.9/12 MB | 2.8/3.8 MB
2026.02.16 11:07:03 INFO  Progress (2): 4.9/12 MB | 2.8/3.8 MB
2026.02.16 11:07:03 INFO  Progress (2): 4.9/12 MB | 2.8/3.8 MB
2026.02.16 11:07:03 INFO  Progress (2): 4.9/12 MB | 2.8/3.8 MB
2026.02.16 11:07:03 INFO  Progress (2): 4.9/12 MB | 2.8/3.8 MB
2026.02.16 11:07:03 INFO  Progress (2): 4.9/12 MB | 2.8/3.8 MB
2026.02.16 11:07:03 INFO  Progress (2): 5.0/12 MB | 2.8/3.8 MB
2026.02.16 11:07:03 INFO  Progress (2): 5.0/12 MB | 2.8/3.8 MB
2026.02.16 11:07:03 INFO  Progress (2): 5.0/12 MB | 2.9/3.8 MB
2026.02.16 11:07:03 INFO  Progress (2): 5.0/12 MB | 2.9/3.8 MB
2026.02.16 11:07:03 INFO  Progress (2): 5.0/12 MB | 2.9/3.8 MB
2026.02.16 11:07:03 INFO  Progress (2): 5.0/12 MB | 2.9/3.8 MB
2026.02.16 11:07:03 INFO  Progress (2): 5.0/12 MB | 2.9/3.8 MB
2026.02.16 11:07:03 INFO  Progress (2): 5.0/12 MB | 2.9/3.8 MB
2026.02.16 11:07:03 INFO  Progress (2): 5.0/12 MB | 2.9/3.8 MB
2026.02.16 11:07:03 INFO  Progress (2): 5.0/12 MB | 2.9/3.8 MB
2026.02.16 11:07:03 INFO  Progress (2): 5.0/12 MB | 2.9/3.8 MB
2026.02.16 11:07:03 INFO  Progress (2): 5.0/12 MB | 2.9/3.8 MB
2026.02.16 11:07:03 INFO  Progress (2): 5.0/12 MB | 2.9/3.8 MB
2026.02.16 11:07:03 INFO  Progress (2): 5.1/12 MB | 2.9/3.8 MB
2026.02.16 11:07:03 INFO  Progress (2): 5.1/12 MB | 3.0/3.8 MB
2026.02.16 11:07:03 INFO  Progress (2): 5.1/12 MB | 3.0/3.8 MB
2026.02.16 11:07:03 INFO  Progress (2): 5.1/12 MB | 3.0/3.8 MB
2026.02.16 11:07:03 INFO  Progress (2): 5.1/12 MB | 3.0/3.8 MB
2026.02.16 11:07:03 INFO  Progress (2): 5.1/12 MB | 3.0/3.8 MB
2026.02.16 11:07:03 INFO  Progress (2): 5.1/12 MB | 3.0/3.8 MB
2026.02.16 11:07:03 INFO  Progress (2): 5.1/12 MB | 3.0/3.8 MB
2026.02.16 11:07:03 INFO  Progress (2): 5.1/12 MB | 3.0/3.8 MB
2026.02.16 11:07:03 INFO  Progress (2): 5.1/12 MB | 3.0/3.8 MB
2026.02.16 11:07:03 INFO  Progress (2): 5.1/12 MB | 3.0/3.8 MB
2026.02.16 11:07:03 INFO  Progress (2): 5.1/12 MB | 3.0/3.8 MB
2026.02.16 11:07:03 INFO  Progress (2): 5.1/12 MB | 3.1/3.8 MB
2026.02.16 11:07:03 INFO  Progress (2): 5.2/12 MB | 3.1/3.8 MB
2026.02.16 11:07:03 INFO  Progress (2): 5.2/12 MB | 3.1/3.8 MB
2026.02.16 11:07:03 INFO  Progress (2): 5.2/12 MB | 3.1/3.8 MB
2026.02.16 11:07:03 INFO  Progress (2): 5.2/12 MB | 3.1/3.8 MB
2026.02.16 11:07:03 INFO  Progress (2): 5.2/12 MB | 3.1/3.8 MB
2026.02.16 11:07:03 INFO  Progress (2): 5.2/12 MB | 3.1/3.8 MB
2026.02.16 11:07:03 INFO  Progress (2): 5.2/12 MB | 3.1/3.8 MB
2026.02.16 11:07:03 INFO  Progress (2): 5.2/12 MB | 3.1/3.8 MB
2026.02.16 11:07:03 INFO  Progress (2): 5.2/12 MB | 3.1/3.8 MB
2026.02.16 11:07:03 INFO  Progress (2): 5.2/12 MB | 3.1/3.8 MB
2026.02.16 11:07:03 INFO  Progress (2): 5.2/12 MB | 3.1/3.8 MB
2026.02.16 11:07:03 INFO  Progress (2): 5.3/12 MB | 3.1/3.8 MB
2026.02.16 11:07:03 INFO  Progress (2): 5.3/12 MB | 3.2/3.8 MB
2026.02.16 11:07:03 INFO  Progress (2): 5.3/12 MB | 3.2/3.8 MB
2026.02.16 11:07:03 INFO  Progress (2): 5.3/12 MB | 3.2/3.8 MB
2026.02.16 11:07:03 INFO  Progress (2): 5.3/12 MB | 3.2/3.8 MB
2026.02.16 11:07:03 INFO  Progress (2): 5.3/12 MB | 3.2/3.8 MB
2026.02.16 11:07:03 INFO  Progress (2): 5.3/12 MB | 3.2/3.8 MB
2026.02.16 11:07:03 INFO  Progress (2): 5.3/12 MB | 3.2/3.8 MB
2026.02.16 11:07:03 INFO  Progress (2): 5.3/12 MB | 3.2/3.8 MB
2026.02.16 11:07:03 INFO  Progress (2): 5.3/12 MB | 3.2/3.8 MB
2026.02.16 11:07:03 INFO  Progress (2): 5.3/12 MB | 3.2/3.8 MB
2026.02.16 11:07:03 INFO  Progress (2): 5.4/12 MB | 3.2/3.8 MB
2026.02.16 11:07:03 INFO  Progress (2): 5.4/12 MB | 3.2/3.8 MB
2026.02.16 11:07:03 INFO  Progress (2): 5.4/12 MB | 3.2/3.8 MB
2026.02.16 11:07:03 INFO  Progress (2): 5.4/12 MB | 3.3/3.8 MB
2026.02.16 11:07:03 INFO  Progress (2): 5.4/12 MB | 3.3/3.8 MB
2026.02.16 11:07:03 INFO  Progress (2): 5.4/12 MB | 3.3/3.8 MB
2026.02.16 11:07:03 INFO  Progress (2): 5.4/12 MB | 3.3/3.8 MB
2026.02.16 11:07:03 INFO  Progress (2): 5.4/12 MB | 3.3/3.8 MB
2026.02.16 11:07:03 INFO  Progress (3): 5.4/12 MB | 3.3/3.8 MB | 7.7/225 kB
2026.02.16 11:07:03 INFO  Progress (3): 5.4/12 MB | 3.3/3.8 MB | 8.2/225 kB
2026.02.16 11:07:03 INFO  Progress (3): 5.4/12 MB | 3.3/3.8 MB | 8.2/225 kB
2026.02.16 11:07:03 INFO  Progress (3): 5.4/12 MB | 3.3/3.8 MB | 25/225 kB 
2026.02.16 11:07:03 INFO  Progress (3): 5.4/12 MB | 3.3/3.8 MB | 25/225 kB
2026.02.16 11:07:03 INFO  Progress (3): 5.4/12 MB | 3.3/3.8 MB | 41/225 kB
2026.02.16 11:07:03 INFO  Progress (3): 5.4/12 MB | 3.3/3.8 MB | 41/225 kB
2026.02.16 11:07:03 INFO  Progress (3): 5.4/12 MB | 3.3/3.8 MB | 41/225 kB
2026.02.16 11:07:03 INFO  Progress (3): 5.4/12 MB | 3.3/3.8 MB | 57/225 kB
2026.02.16 11:07:03 INFO  Progress (3): 5.5/12 MB | 3.3/3.8 MB | 57/225 kB
2026.02.16 11:07:03 INFO  Progress (3): 5.5/12 MB | 3.3/3.8 MB | 57/225 kB
2026.02.16 11:07:03 INFO  Progress (3): 5.5/12 MB | 3.3/3.8 MB | 74/225 kB
2026.02.16 11:07:03 INFO  Progress (3): 5.5/12 MB | 3.4/3.8 MB | 74/225 kB
2026.02.16 11:07:03 INFO  Progress (3): 5.5/12 MB | 3.4/3.8 MB | 74/225 kB
2026.02.16 11:07:03 INFO  Progress (3): 5.5/12 MB | 3.4/3.8 MB | 74/225 kB
2026.02.16 11:07:03 INFO  Progress (3): 5.5/12 MB | 3.4/3.8 MB | 90/225 kB
2026.02.16 11:07:03 INFO  Progress (3): 5.5/12 MB | 3.4/3.8 MB | 94/225 kB
2026.02.16 11:07:03 INFO  Progress (3): 5.5/12 MB | 3.4/3.8 MB | 94/225 kB
2026.02.16 11:07:03 INFO  Progress (3): 5.5/12 MB | 3.4/3.8 MB | 94/225 kB
2026.02.16 11:07:03 INFO  Progress (3): 5.5/12 MB | 3.4/3.8 MB | 94/225 kB
2026.02.16 11:07:03 INFO  Progress (3): 5.5/12 MB | 3.4/3.8 MB | 111/225 kB
2026.02.16 11:07:03 INFO  Progress (3): 5.5/12 MB | 3.4/3.8 MB | 111/225 kB
2026.02.16 11:07:03 INFO  Progress (3): 5.5/12 MB | 3.4/3.8 MB | 127/225 kB
2026.02.16 11:07:03 INFO  Progress (3): 5.5/12 MB | 3.4/3.8 MB | 127/225 kB
2026.02.16 11:07:03 INFO  Progress (3): 5.5/12 MB | 3.4/3.8 MB | 131/225 kB
2026.02.16 11:07:03 INFO  Progress (3): 5.5/12 MB | 3.4/3.8 MB | 147/225 kB
2026.02.16 11:07:03 INFO  Progress (3): 5.5/12 MB | 3.4/3.8 MB | 147/225 kB
2026.02.16 11:07:03 INFO  Progress (3): 5.5/12 MB | 3.4/3.8 MB | 147/225 kB
2026.02.16 11:07:03 INFO  Progress (3): 5.5/12 MB | 3.4/3.8 MB | 151/225 kB
2026.02.16 11:07:03 INFO  Progress (3): 5.6/12 MB | 3.4/3.8 MB | 151/225 kB
2026.02.16 11:07:03 INFO  Progress (4): 5.6/12 MB | 3.4/3.8 MB | 151/225 kB | 7.8/254 kB
2026.02.16 11:07:03 INFO  Progress (4): 5.6/12 MB | 3.4/3.8 MB | 151/225 kB | 16/254 kB 
2026.02.16 11:07:03 INFO  Progress (4): 5.6/12 MB | 3.4/3.8 MB | 151/225 kB | 32/254 kB
2026.02.16 11:07:03 INFO  Progress (4): 5.6/12 MB | 3.4/3.8 MB | 151/225 kB | 32/254 kB
2026.02.16 11:07:03 INFO  Progress (4): 5.6/12 MB | 3.4/3.8 MB | 151/225 kB | 49/254 kB
2026.02.16 11:07:03 INFO  Progress (4): 5.6/12 MB | 3.4/3.8 MB | 151/225 kB | 49/254 kB
2026.02.16 11:07:03 INFO  Progress (4): 5.6/12 MB | 3.4/3.8 MB | 168/225 kB | 49/254 kB
2026.02.16 11:07:03 INFO  Progress (4): 5.6/12 MB | 3.4/3.8 MB | 168/225 kB | 65/254 kB
2026.02.16 11:07:03 INFO  Progress (4): 5.6/12 MB | 3.5/3.8 MB | 168/225 kB | 65/254 kB
2026.02.16 11:07:03 INFO  Progress (4): 5.6/12 MB | 3.5/3.8 MB | 184/225 kB | 65/254 kB
2026.02.16 11:07:03 INFO  Progress (4): 5.6/12 MB | 3.5/3.8 MB | 184/225 kB | 81/254 kB
2026.02.16 11:07:03 INFO  Progress (4): 5.6/12 MB | 3.5/3.8 MB | 200/225 kB | 81/254 kB
2026.02.16 11:07:03 INFO  Progress (4): 5.6/12 MB | 3.5/3.8 MB | 200/225 kB | 98/254 kB
2026.02.16 11:07:03 INFO  Progress (4): 5.6/12 MB | 3.5/3.8 MB | 200/225 kB | 114/254 kB
2026.02.16 11:07:03 INFO  Progress (4): 5.6/12 MB | 3.5/3.8 MB | 200/225 kB | 131/254 kB
2026.02.16 11:07:03 INFO  Progress (4): 5.6/12 MB | 3.5/3.8 MB | 200/225 kB | 131/254 kB
2026.02.16 11:07:03 INFO  Progress (4): 5.6/12 MB | 3.5/3.8 MB | 200/225 kB | 147/254 kB
2026.02.16 11:07:03 INFO  Progress (4): 5.6/12 MB | 3.5/3.8 MB | 200/225 kB | 147/254 kB
2026.02.16 11:07:03 INFO  Progress (4): 5.6/12 MB | 3.5/3.8 MB | 200/225 kB | 163/254 kB
2026.02.16 11:07:03 INFO  Progress (4): 5.6/12 MB | 3.5/3.8 MB | 200/225 kB | 180/254 kB
2026.02.16 11:07:03 INFO  Progress (4): 5.6/12 MB | 3.5/3.8 MB | 200/225 kB | 196/254 kB
2026.02.16 11:07:03 INFO  Progress (4): 5.6/12 MB | 3.5/3.8 MB | 200/225 kB | 213/254 kB
2026.02.16 11:07:03 INFO  Progress (4): 5.6/12 MB | 3.5/3.8 MB | 200/225 kB | 229/254 kB
2026.02.16 11:07:03 INFO  Progress (4): 5.6/12 MB | 3.5/3.8 MB | 200/225 kB | 245/254 kB
2026.02.16 11:07:03 INFO  Progress (4): 5.6/12 MB | 3.5/3.8 MB | 217/225 kB | 245/254 kB
2026.02.16 11:07:03 INFO  Progress (4): 5.6/12 MB | 3.5/3.8 MB | 217/225 kB | 245/254 kB
2026.02.16 11:07:03 INFO  Progress (4): 5.6/12 MB | 3.5/3.8 MB | 217/225 kB | 245/254 kB
2026.02.16 11:07:03 INFO  Progress (4): 5.6/12 MB | 3.5/3.8 MB | 217/225 kB | 254 kB    
2026.02.16 11:07:03 INFO  Progress (4): 5.6/12 MB | 3.5/3.8 MB | 225 kB | 254 kB    
2026.02.16 11:07:03 INFO  Progress (4): 5.6/12 MB | 3.5/3.8 MB | 225 kB | 254 kB
2026.02.16 11:07:03 INFO  Progress (4): 5.6/12 MB | 3.5/3.8 MB | 225 kB | 254 kB
2026.02.16 11:07:03 INFO  Progress (4): 5.7/12 MB | 3.5/3.8 MB | 225 kB | 254 kB
2026.02.16 11:07:03 INFO  Progress (4): 5.7/12 MB | 3.5/3.8 MB | 225 kB | 254 kB
2026.02.16 11:07:03 INFO  Progress (4): 5.7/12 MB | 3.5/3.8 MB | 225 kB | 254 kB
2026.02.16 11:07:03 INFO  Progress (4): 5.7/12 MB | 3.5/3.8 MB | 225 kB | 254 kB
2026.02.16 11:07:03 INFO  Progress (4): 5.7/12 MB | 3.5/3.8 MB | 225 kB | 254 kB
2026.02.16 11:07:03 INFO                                                        
2026.02.16 11:07:03 INFO  Downloaded from central: https://repo.maven.apache.org/maven2/org/scala-lang/modules/scala-parser-combinators_2.13/1.1.2/scala-parser-combinators_2.13-1.1.2.jar (225 kB at 144 kB/s)
2026.02.16 11:07:03 INFO  Downloaded from central: https://repo.maven.apache.org/maven2/org/scala-sbt/zinc-compile-core_2.13/1.8.0/zinc-compile-core_2.13-1.8.0.jar (254 kB at 162 kB/s)
2026.02.16 11:07:03 INFO  Downloading from central: https://repo.maven.apache.org/maven2/org/scala-sbt/zinc-classfile_2.13/1.8.0/zinc-classfile_2.13-1.8.0.jar
2026.02.16 11:07:03 INFO  Progress (2): 5.7/12 MB | 3.6/3.8 MB
2026.02.16 11:07:03 INFO  Progress (2): 5.7/12 MB | 3.6/3.8 MB
2026.02.16 11:07:03 INFO  Progress (2): 5.7/12 MB | 3.6/3.8 MB
2026.02.16 11:07:03 INFO  Progress (2): 5.7/12 MB | 3.6/3.8 MB
2026.02.16 11:07:03 INFO  Progress (2): 5.7/12 MB | 3.6/3.8 MB
2026.02.16 11:07:03 INFO  Progress (2): 5.7/12 MB | 3.6/3.8 MB
2026.02.16 11:07:03 INFO  Progress (2): 5.7/12 MB | 3.6/3.8 MB
2026.02.16 11:07:03 INFO  Progress (2): 5.7/12 MB | 3.6/3.8 MB
2026.02.16 11:07:03 INFO  Progress (2): 5.7/12 MB | 3.6/3.8 MB
2026.02.16 11:07:03 INFO  Progress (2): 5.8/12 MB | 3.6/3.8 MB
2026.02.16 11:07:03 INFO  Progress (2): 5.8/12 MB | 3.6/3.8 MB
2026.02.16 11:07:03 INFO  Progress (2): 5.8/12 MB | 3.6/3.8 MB
2026.02.16 11:07:03 INFO  Progress (2): 5.8/12 MB | 3.6/3.8 MB
2026.02.16 11:07:03 INFO  Progress (2): 5.8/12 MB | 3.7/3.8 MB
2026.02.16 11:07:03 INFO  Progress (2): 5.8/12 MB | 3.7/3.8 MB
2026.02.16 11:07:03 INFO  Progress (2): 5.8/12 MB | 3.7/3.8 MB
2026.02.16 11:07:03 INFO  Progress (2): 5.8/12 MB | 3.7/3.8 MB
2026.02.16 11:07:03 INFO  Progress (2): 5.8/12 MB | 3.7/3.8 MB
2026.02.16 11:07:03 INFO  Progress (2): 5.8/12 MB | 3.7/3.8 MB
2026.02.16 11:07:03 INFO  Progress (2): 5.8/12 MB | 3.7/3.8 MB
2026.02.16 11:07:03 INFO  Progress (2): 5.8/12 MB | 3.7/3.8 MB
2026.02.16 11:07:03 INFO  Progress (2): 5.8/12 MB | 3.7/3.8 MB
2026.02.16 11:07:03 INFO  Progress (2): 5.8/12 MB | 3.7/3.8 MB
2026.02.16 11:07:03 INFO  Progress (2): 5.8/12 MB | 3.7/3.8 MB
2026.02.16 11:07:03 INFO  Progress (2): 5.8/12 MB | 3.8/3.8 MB
2026.02.16 11:07:03 INFO  Progress (2): 5.8/12 MB | 3.8 MB    
2026.02.16 11:07:03 INFO                                  
2026.02.16 11:07:03 INFO  Downloaded from central: https://repo.maven.apache.org/maven2/org/scala-lang/scala-reflect/2.13.8/scala-reflect-2.13.8.jar (3.8 MB at 2.4 MB/s)
2026.02.16 11:07:03 INFO  Progress (1): 5.9/12 MB
2026.02.16 11:07:03 INFO  Progress (1): 5.9/12 MB
2026.02.16 11:07:03 INFO  Progress (1): 5.9/12 MB
2026.02.16 11:07:03 INFO  Progress (1): 5.9/12 MB
2026.02.16 11:07:03 INFO  Progress (1): 5.9/12 MB
2026.02.16 11:07:03 INFO  Progress (1): 5.9/12 MB
2026.02.16 11:07:03 INFO  Progress (1): 6.0/12 MB
2026.02.16 11:07:03 INFO  Progress (1): 6.0/12 MB
2026.02.16 11:07:03 INFO  Progress (1): 6.0/12 MB
2026.02.16 11:07:03 INFO  Progress (1): 6.0/12 MB
2026.02.16 11:07:03 INFO  Progress (1): 6.0/12 MB
2026.02.16 11:07:03 INFO  Progress (1): 6.0/12 MB
2026.02.16 11:07:03 INFO  Progress (1): 6.1/12 MB
2026.02.16 11:07:03 INFO  Progress (1): 6.1/12 MB
2026.02.16 11:07:03 INFO  Progress (1): 6.1/12 MB
2026.02.16 11:07:03 INFO  Progress (2): 6.1/12 MB | 7.7/108 kB
2026.02.16 11:07:03 INFO  Progress (2): 6.1/12 MB | 8.2/108 kB
2026.02.16 11:07:03 INFO  Progress (2): 6.1/12 MB | 8.2/108 kB
2026.02.16 11:07:03 INFO  Progress (2): 6.1/12 MB | 25/108 kB 
2026.02.16 11:07:03 INFO  Progress (2): 6.1/12 MB | 41/108 kB
2026.02.16 11:07:03 INFO  Progress (2): 6.1/12 MB | 41/108 kB
2026.02.16 11:07:03 INFO  Progress (2): 6.1/12 MB | 41/108 kB
2026.02.16 11:07:03 INFO  Progress (2): 6.1/12 MB | 57/108 kB
2026.02.16 11:07:03 INFO  Progress (2): 6.1/12 MB | 74/108 kB
2026.02.16 11:07:03 INFO  Progress (2): 6.2/12 MB | 74/108 kB
2026.02.16 11:07:03 INFO  Progress (2): 6.2/12 MB | 90/108 kB
2026.02.16 11:07:03 INFO  Progress (2): 6.2/12 MB | 106/108 kB
2026.02.16 11:07:03 INFO  Progress (2): 6.2/12 MB | 108 kB    
2026.02.16 11:07:03 INFO                                  
2026.02.16 11:07:03 INFO  Downloaded from central: https://repo.maven.apache.org/maven2/org/scala-sbt/zinc-classfile_2.13/1.8.0/zinc-classfile_2.13-1.8.0.jar (108 kB at 67 kB/s)
2026.02.16 11:07:03 INFO  Progress (1): 6.2/12 MB
2026.02.16 11:07:03 INFO  Progress (1): 6.2/12 MB
2026.02.16 11:07:03 INFO  Progress (1): 6.2/12 MB
2026.02.16 11:07:03 INFO  Progress (1): 6.2/12 MB
2026.02.16 11:07:03 INFO  Progress (1): 6.2/12 MB
2026.02.16 11:07:03 INFO  Progress (1): 6.3/12 MB
2026.02.16 11:07:03 INFO  Progress (1): 6.3/12 MB
2026.02.16 11:07:03 INFO  Progress (1): 6.3/12 MB
2026.02.16 11:07:03 INFO  Progress (1): 6.3/12 MB
2026.02.16 11:07:03 INFO  Progress (1): 6.3/12 MB
2026.02.16 11:07:03 INFO  Progress (1): 6.3/12 MB
2026.02.16 11:07:03 INFO  Progress (1): 6.4/12 MB
2026.02.16 11:07:03 INFO  Progress (1): 6.4/12 MB
2026.02.16 11:07:03 INFO  Progress (1): 6.4/12 MB
2026.02.16 11:07:03 INFO  Progress (1): 6.4/12 MB
2026.02.16 11:07:03 INFO  Progress (1): 6.4/12 MB
2026.02.16 11:07:03 INFO  Progress (1): 6.4/12 MB
2026.02.16 11:07:03 INFO  Progress (1): 6.5/12 MB
2026.02.16 11:07:03 INFO  Progress (1): 6.5/12 MB
2026.02.16 11:07:03 INFO  Progress (1): 6.5/12 MB
2026.02.16 11:07:03 INFO  Progress (1): 6.5/12 MB
2026.02.16 11:07:03 INFO  Progress (1): 6.5/12 MB
2026.02.16 11:07:03 INFO  Progress (1): 6.5/12 MB
2026.02.16 11:07:03 INFO  Progress (1): 6.6/12 MB
2026.02.16 11:07:03 INFO  Progress (1): 6.6/12 MB
2026.02.16 11:07:03 INFO  Progress (1): 6.6/12 MB
2026.02.16 11:07:03 INFO  Progress (1): 6.6/12 MB
2026.02.16 11:07:03 INFO  Progress (1): 6.6/12 MB
2026.02.16 11:07:03 INFO  Progress (1): 6.6/12 MB
2026.02.16 11:07:03 INFO  Progress (1): 6.7/12 MB
2026.02.16 11:07:03 INFO  Progress (1): 6.7/12 MB
2026.02.16 11:07:03 INFO  Progress (1): 6.7/12 MB
2026.02.16 11:07:03 INFO  Progress (1): 6.7/12 MB
2026.02.16 11:07:03 INFO  Progress (1): 6.7/12 MB
2026.02.16 11:07:03 INFO  Progress (1): 6.7/12 MB
2026.02.16 11:07:03 INFO  Progress (1): 6.7/12 MB
2026.02.16 11:07:03 INFO  Progress (1): 6.8/12 MB
2026.02.16 11:07:03 INFO  Progress (1): 6.8/12 MB
2026.02.16 11:07:03 INFO  Progress (1): 6.8/12 MB
2026.02.16 11:07:03 INFO  Progress (1): 6.8/12 MB
2026.02.16 11:07:03 INFO  Progress (1): 6.8/12 MB
2026.02.16 11:07:03 INFO  Progress (1): 6.8/12 MB
2026.02.16 11:07:03 INFO  Progress (1): 6.9/12 MB
2026.02.16 11:07:03 INFO  Progress (1): 6.9/12 MB
2026.02.16 11:07:03 INFO  Progress (1): 6.9/12 MB
2026.02.16 11:07:03 INFO  Progress (1): 6.9/12 MB
2026.02.16 11:07:03 INFO  Progress (1): 6.9/12 MB
2026.02.16 11:07:03 INFO  Progress (1): 6.9/12 MB
2026.02.16 11:07:03 INFO  Progress (1): 7.0/12 MB
2026.02.16 11:07:03 INFO  Progress (1): 7.0/12 MB
2026.02.16 11:07:03 INFO  Progress (1): 7.0/12 MB
2026.02.16 11:07:03 INFO  Progress (1): 7.0/12 MB
2026.02.16 11:07:03 INFO  Progress (1): 7.0/12 MB
2026.02.16 11:07:03 INFO  Progress (1): 7.0/12 MB
2026.02.16 11:07:03 INFO  Progress (1): 7.1/12 MB
2026.02.16 11:07:03 INFO  Progress (1): 7.1/12 MB
2026.02.16 11:07:03 INFO  Progress (1): 7.1/12 MB
2026.02.16 11:07:03 INFO  Progress (1): 7.1/12 MB
2026.02.16 11:07:03 INFO  Progress (1): 7.1/12 MB
2026.02.16 11:07:03 INFO  Progress (1): 7.1/12 MB
2026.02.16 11:07:03 INFO  Progress (1): 7.2/12 MB
2026.02.16 11:07:03 INFO  Progress (2): 7.2/12 MB | 7.8/19 kB
2026.02.16 11:07:03 INFO  Progress (2): 7.2/12 MB | 16/19 kB 
2026.02.16 11:07:03 INFO  Progress (2): 7.2/12 MB | 19 kB   
2026.02.16 11:07:03 INFO                                 
2026.02.16 11:07:03 INFO  Downloaded from central: https://repo.maven.apache.org/maven2/org/scala-sbt/util-control_2.13/1.8.0/util-control_2.13-1.8.0.jar (19 kB at 12 kB/s)
2026.02.16 11:07:03 INFO  Progress (1): 7.2/12 MB
2026.02.16 11:07:03 INFO  Progress (1): 7.2/12 MB
2026.02.16 11:07:03 INFO  Progress (1): 7.2/12 MB
2026.02.16 11:07:03 INFO  Progress (1): 7.2/12 MB
2026.02.16 11:07:03 INFO  Progress (1): 7.2/12 MB
2026.02.16 11:07:03 INFO  Progress (1): 7.3/12 MB
2026.02.16 11:07:03 INFO  Progress (1): 7.3/12 MB
2026.02.16 11:07:03 INFO  Progress (1): 7.3/12 MB
2026.02.16 11:07:03 INFO  Progress (1): 7.3/12 MB
2026.02.16 11:07:03 INFO  Progress (1): 7.3/12 MB
2026.02.16 11:07:03 INFO  Progress (1): 7.3/12 MB
2026.02.16 11:07:03 INFO  Progress (1): 7.4/12 MB
2026.02.16 11:07:03 INFO  Progress (1): 7.4/12 MB
2026.02.16 11:07:03 INFO  Progress (1): 7.4/12 MB
2026.02.16 11:07:03 INFO  Progress (1): 7.4/12 MB
2026.02.16 11:07:03 INFO  Progress (1): 7.4/12 MB
2026.02.16 11:07:03 INFO  Progress (1): 7.4/12 MB
2026.02.16 11:07:03 INFO  Progress (1): 7.5/12 MB
2026.02.16 11:07:03 INFO  Progress (1): 7.5/12 MB
2026.02.16 11:07:03 INFO  Progress (1): 7.5/12 MB
2026.02.16 11:07:03 INFO  Progress (1): 7.5/12 MB
2026.02.16 11:07:03 INFO  Progress (1): 7.5/12 MB
2026.02.16 11:07:03 INFO  Progress (1): 7.5/12 MB
2026.02.16 11:07:03 INFO  Progress (1): 7.6/12 MB
2026.02.16 11:07:03 INFO  Progress (1): 7.6/12 MB
2026.02.16 11:07:03 INFO  Progress (1): 7.6/12 MB
2026.02.16 11:07:03 INFO  Progress (1): 7.6/12 MB
2026.02.16 11:07:03 INFO  Progress (1): 7.6/12 MB
2026.02.16 11:07:03 INFO  Progress (1): 7.6/12 MB
2026.02.16 11:07:03 INFO  Progress (1): 7.7/12 MB
2026.02.16 11:07:03 INFO  Progress (1): 7.7/12 MB
2026.02.16 11:07:03 INFO  Progress (1): 7.7/12 MB
2026.02.16 11:07:03 INFO  Progress (1): 7.7/12 MB
2026.02.16 11:07:03 INFO  Progress (1): 7.7/12 MB
2026.02.16 11:07:03 INFO  Progress (1): 7.7/12 MB
2026.02.16 11:07:03 INFO  Progress (1): 7.7/12 MB
2026.02.16 11:07:03 INFO  Progress (1): 7.8/12 MB
2026.02.16 11:07:03 INFO  Progress (1): 7.8/12 MB
2026.02.16 11:07:03 INFO  Progress (1): 7.8/12 MB
2026.02.16 11:07:03 INFO  Progress (1): 7.8/12 MB
2026.02.16 11:07:03 INFO  Progress (1): 7.8/12 MB
2026.02.16 11:07:03 INFO  Progress (1): 7.8/12 MB
2026.02.16 11:07:03 INFO  Progress (1): 7.9/12 MB
2026.02.16 11:07:03 INFO  Progress (1): 7.9/12 MB
2026.02.16 11:07:03 INFO  Progress (1): 7.9/12 MB
2026.02.16 11:07:03 INFO  Progress (1): 7.9/12 MB
2026.02.16 11:07:03 INFO  Progress (1): 7.9/12 MB
2026.02.16 11:07:03 INFO  Progress (1): 7.9/12 MB
2026.02.16 11:07:03 INFO  Progress (1): 8.0/12 MB
2026.02.16 11:07:03 INFO  Progress (1): 8.0/12 MB
2026.02.16 11:07:03 INFO  Progress (1): 8.0/12 MB
2026.02.16 11:07:03 INFO  Progress (1): 8.0/12 MB
2026.02.16 11:07:03 INFO  Progress (1): 8.0/12 MB
2026.02.16 11:07:03 INFO  Progress (1): 8.0/12 MB
2026.02.16 11:07:03 INFO  Progress (1): 8.1/12 MB
2026.02.16 11:07:03 INFO  Progress (1): 8.1/12 MB
2026.02.16 11:07:03 INFO  Progress (1): 8.1/12 MB
2026.02.16 11:07:03 INFO  Progress (1): 8.1/12 MB
2026.02.16 11:07:03 INFO  Progress (1): 8.1/12 MB
2026.02.16 11:07:03 INFO  Progress (1): 8.1/12 MB
2026.02.16 11:07:03 INFO  Progress (1): 8.2/12 MB
2026.02.16 11:07:03 INFO  Progress (1): 8.2/12 MB
2026.02.16 11:07:03 INFO  Progress (1): 8.2/12 MB
2026.02.16 11:07:03 INFO  Progress (1): 8.2/12 MB
2026.02.16 11:07:03 INFO  Progress (1): 8.2/12 MB
2026.02.16 11:07:03 INFO  Progress (1): 8.2/12 MB
2026.02.16 11:07:03 INFO  Progress (1): 8.3/12 MB
2026.02.16 11:07:03 INFO  Progress (1): 8.3/12 MB
2026.02.16 11:07:03 INFO  Progress (1): 8.3/12 MB
2026.02.16 11:07:03 INFO  Progress (1): 8.3/12 MB
2026.02.16 11:07:03 INFO  Progress (1): 8.3/12 MB
2026.02.16 11:07:03 INFO  Progress (1): 8.3/12 MB
2026.02.16 11:07:03 INFO  Progress (1): 8.4/12 MB
2026.02.16 11:07:03 INFO  Progress (1): 8.4/12 MB
2026.02.16 11:07:03 INFO  Progress (1): 8.4/12 MB
2026.02.16 11:07:03 INFO  Progress (1): 8.4/12 MB
2026.02.16 11:07:03 INFO  Progress (1): 8.4/12 MB
2026.02.16 11:07:03 INFO  Progress (1): 8.4/12 MB
2026.02.16 11:07:03 INFO  Progress (1): 8.5/12 MB
2026.02.16 11:07:03 INFO  Progress (1): 8.5/12 MB
2026.02.16 11:07:03 INFO  Progress (1): 8.5/12 MB
2026.02.16 11:07:03 INFO  Progress (1): 8.5/12 MB
2026.02.16 11:07:03 INFO  Progress (1): 8.5/12 MB
2026.02.16 11:07:03 INFO  Progress (1): 8.5/12 MB
2026.02.16 11:07:03 INFO  Progress (1): 8.6/12 MB
2026.02.16 11:07:03 INFO  Progress (1): 8.6/12 MB
2026.02.16 11:07:03 INFO  Progress (1): 8.6/12 MB
2026.02.16 11:07:03 INFO  Progress (1): 8.6/12 MB
2026.02.16 11:07:03 INFO  Progress (1): 8.6/12 MB
2026.02.16 11:07:03 INFO  Progress (1): 8.6/12 MB
2026.02.16 11:07:03 INFO  Progress (1): 8.7/12 MB
2026.02.16 11:07:03 INFO  Progress (1): 8.7/12 MB
2026.02.16 11:07:03 INFO  Progress (1): 8.7/12 MB
2026.02.16 11:07:03 INFO  Progress (1): 8.7/12 MB
2026.02.16 11:07:03 INFO  Progress (1): 8.7/12 MB
2026.02.16 11:07:03 INFO  Progress (1): 8.7/12 MB
2026.02.16 11:07:03 INFO  Progress (1): 8.7/12 MB
2026.02.16 11:07:03 INFO  Progress (1): 8.8/12 MB
2026.02.16 11:07:03 INFO  Progress (1): 8.8/12 MB
2026.02.16 11:07:03 INFO  Progress (1): 8.8/12 MB
2026.02.16 11:07:03 INFO  Progress (1): 8.8/12 MB
2026.02.16 11:07:03 INFO  Progress (1): 8.8/12 MB
2026.02.16 11:07:03 INFO  Progress (1): 8.8/12 MB
2026.02.16 11:07:03 INFO  Progress (1): 8.9/12 MB
2026.02.16 11:07:03 INFO  Progress (1): 8.9/12 MB
2026.02.16 11:07:03 INFO  Progress (1): 8.9/12 MB
2026.02.16 11:07:03 INFO  Progress (1): 8.9/12 MB
2026.02.16 11:07:03 INFO  Progress (1): 8.9/12 MB
2026.02.16 11:07:03 INFO  Progress (1): 8.9/12 MB
2026.02.16 11:07:03 INFO  Progress (1): 9.0/12 MB
2026.02.16 11:07:03 INFO  Progress (1): 9.0/12 MB
2026.02.16 11:07:03 INFO  Progress (1): 9.0/12 MB
2026.02.16 11:07:03 INFO  Progress (1): 9.0/12 MB
2026.02.16 11:07:03 INFO  Progress (1): 9.0/12 MB
2026.02.16 11:07:03 INFO  Progress (1): 9.0/12 MB
2026.02.16 11:07:03 INFO  Progress (1): 9.1/12 MB
2026.02.16 11:07:03 INFO  Progress (1): 9.1/12 MB
2026.02.16 11:07:03 INFO  Progress (1): 9.1/12 MB
2026.02.16 11:07:03 INFO  Progress (1): 9.1/12 MB
2026.02.16 11:07:03 INFO  Progress (1): 9.1/12 MB
2026.02.16 11:07:03 INFO  Progress (1): 9.1/12 MB
2026.02.16 11:07:03 INFO  Progress (1): 9.2/12 MB
2026.02.16 11:07:03 INFO  Progress (1): 9.2/12 MB
2026.02.16 11:07:03 INFO  Progress (1): 9.2/12 MB
2026.02.16 11:07:03 INFO  Progress (1): 9.2/12 MB
2026.02.16 11:07:03 INFO  Progress (1): 9.2/12 MB
2026.02.16 11:07:03 INFO  Progress (1): 9.2/12 MB
2026.02.16 11:07:03 INFO  Progress (1): 9.3/12 MB
2026.02.16 11:07:03 INFO  Progress (1): 9.3/12 MB
2026.02.16 11:07:03 INFO  Progress (1): 9.3/12 MB
2026.02.16 11:07:03 INFO  Progress (1): 9.3/12 MB
2026.02.16 11:07:03 INFO  Progress (1): 9.3/12 MB
2026.02.16 11:07:03 INFO  Progress (1): 9.3/12 MB
2026.02.16 11:07:03 INFO  Progress (1): 9.4/12 MB
2026.02.16 11:07:03 INFO  Progress (1): 9.4/12 MB
2026.02.16 11:07:03 INFO  Progress (1): 9.4/12 MB
2026.02.16 11:07:03 INFO  Progress (1): 9.4/12 MB
2026.02.16 11:07:03 INFO  Progress (1): 9.4/12 MB
2026.02.16 11:07:03 INFO  Progress (1): 9.4/12 MB
2026.02.16 11:07:03 INFO  Progress (1): 9.5/12 MB
2026.02.16 11:07:03 INFO  Progress (1): 9.5/12 MB
2026.02.16 11:07:03 INFO  Progress (1): 9.5/12 MB
2026.02.16 11:07:03 INFO  Progress (1): 9.5/12 MB
2026.02.16 11:07:03 INFO  Progress (1): 9.5/12 MB
2026.02.16 11:07:03 INFO  Progress (1): 9.5/12 MB
2026.02.16 11:07:03 INFO  Progress (1): 9.6/12 MB
2026.02.16 11:07:03 INFO  Progress (1): 9.6/12 MB
2026.02.16 11:07:03 INFO  Progress (1): 9.6/12 MB
2026.02.16 11:07:03 INFO  Progress (1): 9.6/12 MB
2026.02.16 11:07:03 INFO  Progress (1): 9.6/12 MB
2026.02.16 11:07:03 INFO  Progress (1): 9.6/12 MB
2026.02.16 11:07:03 INFO  Progress (1): 9.6/12 MB
2026.02.16 11:07:03 INFO  Progress (1): 9.7/12 MB
2026.02.16 11:07:03 INFO  Progress (1): 9.7/12 MB
2026.02.16 11:07:03 INFO  Progress (1): 9.7/12 MB
2026.02.16 11:07:03 INFO  Progress (1): 9.7/12 MB
2026.02.16 11:07:03 INFO  Progress (1): 9.7/12 MB
2026.02.16 11:07:03 INFO  Progress (1): 9.7/12 MB
2026.02.16 11:07:03 INFO  Progress (1): 9.8/12 MB
2026.02.16 11:07:03 INFO  Progress (1): 9.8/12 MB
2026.02.16 11:07:03 INFO  Progress (1): 9.8/12 MB
2026.02.16 11:07:03 INFO  Progress (1): 9.8/12 MB
2026.02.16 11:07:03 INFO  Progress (1): 9.8/12 MB
2026.02.16 11:07:03 INFO  Progress (1): 9.8/12 MB
2026.02.16 11:07:03 INFO  Progress (1): 9.9/12 MB
2026.02.16 11:07:03 INFO  Progress (1): 9.9/12 MB
2026.02.16 11:07:03 INFO  Progress (1): 9.9/12 MB
2026.02.16 11:07:03 INFO  Progress (1): 9.9/12 MB
2026.02.16 11:07:03 INFO  Progress (1): 9.9/12 MB
2026.02.16 11:07:03 INFO  Progress (1): 9.9/12 MB
2026.02.16 11:07:03 INFO  Progress (1): 10.0/12 MB
2026.02.16 11:07:03 INFO  Progress (1): 10.0/12 MB
2026.02.16 11:07:03 INFO  Progress (1): 10.0/12 MB
2026.02.16 11:07:03 INFO  Progress (1): 10/12 MB  
2026.02.16 11:07:03 INFO  Progress (1): 10/12 MB
2026.02.16 11:07:03 INFO  Progress (1): 10/12 MB
2026.02.16 11:07:03 INFO  Progress (1): 10/12 MB
2026.02.16 11:07:03 INFO  Progress (1): 10/12 MB
2026.02.16 11:07:03 INFO  Progress (1): 10/12 MB
2026.02.16 11:07:03 INFO  Progress (1): 10/12 MB
2026.02.16 11:07:03 INFO  Progress (1): 10/12 MB
2026.02.16 11:07:03 INFO  Progress (1): 10/12 MB
2026.02.16 11:07:03 INFO  Progress (1): 10/12 MB
2026.02.16 11:07:03 INFO  Progress (1): 10/12 MB
2026.02.16 11:07:03 INFO  Progress (1): 10/12 MB
2026.02.16 11:07:03 INFO  Progress (1): 10/12 MB
2026.02.16 11:07:03 INFO  Progress (1): 10/12 MB
2026.02.16 11:07:03 INFO  Progress (1): 10/12 MB
2026.02.16 11:07:03 INFO  Progress (1): 10/12 MB
2026.02.16 11:07:03 INFO  Progress (1): 10/12 MB
2026.02.16 11:07:03 INFO  Progress (1): 10/12 MB
2026.02.16 11:07:03 INFO  Progress (1): 10/12 MB
2026.02.16 11:07:03 INFO  Progress (1): 10/12 MB
2026.02.16 11:07:03 INFO  Progress (1): 10/12 MB
2026.02.16 11:07:03 INFO  Progress (1): 10/12 MB
2026.02.16 11:07:03 INFO  Progress (1): 10/12 MB
2026.02.16 11:07:03 INFO  Progress (1): 10/12 MB
2026.02.16 11:07:03 INFO  Progress (1): 10/12 MB
2026.02.16 11:07:03 INFO  Progress (1): 10/12 MB
2026.02.16 11:07:03 INFO  Progress (1): 10/12 MB
2026.02.16 11:07:03 INFO  Progress (1): 10/12 MB
2026.02.16 11:07:03 INFO  Progress (1): 10/12 MB
2026.02.16 11:07:03 INFO  Progress (1): 10/12 MB
2026.02.16 11:07:03 INFO  Progress (1): 11/12 MB
2026.02.16 11:07:03 INFO  Progress (1): 11/12 MB
2026.02.16 11:07:03 INFO  Progress (1): 11/12 MB
2026.02.16 11:07:03 INFO  Progress (1): 11/12 MB
2026.02.16 11:07:03 INFO  Progress (1): 11/12 MB
2026.02.16 11:07:03 INFO  Progress (1): 11/12 MB
2026.02.16 11:07:03 INFO  Progress (1): 11/12 MB
2026.02.16 11:07:03 INFO  Progress (1): 11/12 MB
2026.02.16 11:07:03 INFO  Progress (1): 11/12 MB
2026.02.16 11:07:03 INFO  Progress (1): 11/12 MB
2026.02.16 11:07:03 INFO  Progress (1): 11/12 MB
2026.02.16 11:07:03 INFO  Progress (1): 11/12 MB
2026.02.16 11:07:03 INFO  Progress (1): 11/12 MB
2026.02.16 11:07:03 INFO  Progress (1): 11/12 MB
2026.02.16 11:07:03 INFO  Progress (1): 11/12 MB
2026.02.16 11:07:03 INFO  Progress (1): 11/12 MB
2026.02.16 11:07:03 INFO  Progress (1): 11/12 MB
2026.02.16 11:07:03 INFO  Progress (1): 11/12 MB
2026.02.16 11:07:03 INFO  Progress (1): 11/12 MB
2026.02.16 11:07:03 INFO  Progress (1): 11/12 MB
2026.02.16 11:07:03 INFO  Progress (1): 11/12 MB
2026.02.16 11:07:03 INFO  Progress (1): 11/12 MB
2026.02.16 11:07:03 INFO  Progress (1): 11/12 MB
2026.02.16 11:07:03 INFO  Progress (1): 11/12 MB
2026.02.16 11:07:03 INFO  Progress (1): 11/12 MB
2026.02.16 11:07:03 INFO  Progress (1): 11/12 MB
2026.02.16 11:07:03 INFO  Progress (1): 11/12 MB
2026.02.16 11:07:03 INFO  Progress (1): 11/12 MB
2026.02.16 11:07:03 INFO  Progress (1): 11/12 MB
2026.02.16 11:07:04 INFO  Progress (1): 11/12 MB
2026.02.16 11:07:04 INFO  Progress (1): 11/12 MB
2026.02.16 11:07:04 INFO  Progress (1): 11/12 MB
2026.02.16 11:07:04 INFO  Progress (1): 11/12 MB
2026.02.16 11:07:04 INFO  Progress (1): 11/12 MB
2026.02.16 11:07:04 INFO  Progress (1): 11/12 MB
2026.02.16 11:07:04 INFO  Progress (1): 11/12 MB
2026.02.16 11:07:04 INFO  Progress (1): 11/12 MB
2026.02.16 11:07:04 INFO  Progress (1): 11/12 MB
2026.02.16 11:07:04 INFO  Progress (1): 11/12 MB
2026.02.16 11:07:04 INFO  Progress (1): 11/12 MB
2026.02.16 11:07:04 INFO  Progress (1): 11/12 MB
2026.02.16 11:07:04 INFO  Progress (1): 11/12 MB
2026.02.16 11:07:04 INFO  Progress (1): 11/12 MB
2026.02.16 11:07:04 INFO  Progress (1): 11/12 MB
2026.02.16 11:07:04 INFO  Progress (1): 11/12 MB
2026.02.16 11:07:04 INFO  Progress (1): 11/12 MB
2026.02.16 11:07:04 INFO  Progress (1): 11/12 MB
2026.02.16 11:07:04 INFO  Progress (1): 11/12 MB
2026.02.16 11:07:04 INFO  Progress (1): 11/12 MB
2026.02.16 11:07:04 INFO  Progress (1): 11/12 MB
2026.02.16 11:07:04 INFO  Progress (1): 11/12 MB
2026.02.16 11:07:04 INFO  Progress (1): 11/12 MB
2026.02.16 11:07:04 INFO  Progress (1): 11/12 MB
2026.02.16 11:07:04 INFO  Progress (1): 11/12 MB
2026.02.16 11:07:04 INFO  Progress (1): 11/12 MB
2026.02.16 11:07:04 INFO  Progress (1): 11/12 MB
2026.02.16 11:07:04 INFO  Progress (1): 11/12 MB
2026.02.16 11:07:04 INFO  Progress (1): 11/12 MB
2026.02.16 11:07:04 INFO  Progress (1): 11/12 MB
2026.02.16 11:07:04 INFO  Progress (1): 11/12 MB
2026.02.16 11:07:04 INFO  Progress (1): 11/12 MB
2026.02.16 11:07:04 INFO  Progress (1): 12/12 MB
2026.02.16 11:07:04 INFO  Progress (1): 12/12 MB
2026.02.16 11:07:04 INFO  Progress (1): 12/12 MB
2026.02.16 11:07:04 INFO  Progress (1): 12/12 MB
2026.02.16 11:07:04 INFO  Progress (1): 12/12 MB
2026.02.16 11:07:04 INFO  Progress (1): 12/12 MB
2026.02.16 11:07:04 INFO  Progress (1): 12/12 MB
2026.02.16 11:07:04 INFO  Progress (1): 12/12 MB
2026.02.16 11:07:04 INFO  Progress (1): 12/12 MB
2026.02.16 11:07:04 INFO  Progress (1): 12/12 MB
2026.02.16 11:07:04 INFO  Progress (1): 12/12 MB
2026.02.16 11:07:04 INFO  Progress (1): 12/12 MB
2026.02.16 11:07:04 INFO  Progress (1): 12/12 MB
2026.02.16 11:07:04 INFO  Progress (1): 12/12 MB
2026.02.16 11:07:04 INFO  Progress (1): 12/12 MB
2026.02.16 11:07:04 INFO  Progress (1): 12/12 MB
2026.02.16 11:07:04 INFO  Progress (1): 12/12 MB
2026.02.16 11:07:04 INFO  Progress (1): 12/12 MB
2026.02.16 11:07:04 INFO  Progress (1): 12/12 MB
2026.02.16 11:07:04 INFO  Progress (1): 12/12 MB
2026.02.16 11:07:04 INFO  Progress (1): 12/12 MB
2026.02.16 11:07:04 INFO  Progress (1): 12/12 MB
2026.02.16 11:07:04 INFO  Progress (1): 12/12 MB
2026.02.16 11:07:04 INFO  Progress (1): 12/12 MB
2026.02.16 11:07:04 INFO  Progress (1): 12/12 MB
2026.02.16 11:07:04 INFO  Progress (1): 12/12 MB
2026.02.16 11:07:04 INFO  Progress (1): 12/12 MB
2026.02.16 11:07:04 INFO  Progress (1): 12/12 MB
2026.02.16 11:07:04 INFO  Progress (1): 12/12 MB
2026.02.16 11:07:04 INFO  Progress (1): 12/12 MB
2026.02.16 11:07:04 INFO  Progress (1): 12/12 MB
2026.02.16 11:07:04 INFO  Progress (1): 12/12 MB
2026.02.16 11:07:04 INFO  Progress (1): 12/12 MB
2026.02.16 11:07:04 INFO  Progress (1): 12/12 MB
2026.02.16 11:07:04 INFO  Progress (1): 12/12 MB
2026.02.16 11:07:04 INFO  Progress (1): 12/12 MB
2026.02.16 11:07:04 INFO  Progress (1): 12/12 MB
2026.02.16 11:07:04 INFO  Progress (1): 12 MB   
2026.02.16 11:07:04 INFO                     
2026.02.16 11:07:04 INFO  Downloaded from central: https://repo.maven.apache.org/maven2/org/scala-lang/scala-compiler/2.13.8/scala-compiler-2.13.8.jar (12 MB at 6.5 MB/s)
2026.02.16 11:07:04 INFO  [ERROR] org.scala-lang:scala([0-9]?)-library is missing from project dependencies
2026.02.16 11:07:04 INFO  [ERROR] org.scala-lang:scala([0-9]?)-library is missing from project dependencies
2026.02.16 11:07:04 INFO  [INFO] Resolving artifact: org.springframework.boot:spring-boot-autoconfigure:jar:3.5.10:compile (sources = false)
2026.02.16 11:07:04 INFO  [INFO] SUCCESS: org.springframework.boot:spring-boot-autoconfigure:jar:3.5.10:compile (sources = false)
2026.02.16 11:07:04 INFO  [INFO] Resolving artifact: org.springframework.boot:spring-boot-autoconfigure:jar:3.5.10:compile (sources = true)
2026.02.16 11:07:04 INFO  Downloading from central: https://repo.maven.apache.org/maven2/org/springframework/boot/spring-boot-autoconfigure/3.5.10/spring-boot-autoconfigure-3.5.10-sources.jar
2026.02.16 11:07:04 INFO  Progress (1): 0/1.2 MB
2026.02.16 11:07:04 INFO  Progress (1): 0/1.2 MB
2026.02.16 11:07:04 INFO  Progress (1): 0/1.2 MB
2026.02.16 11:07:04 INFO  Progress (1): 0/1.2 MB
2026.02.16 11:07:04 INFO  Progress (1): 0.1/1.2 MB
2026.02.16 11:07:04 INFO  Progress (1): 0.1/1.2 MB
2026.02.16 11:07:04 INFO  Progress (1): 0.1/1.2 MB
2026.02.16 11:07:04 INFO  Progress (1): 0.1/1.2 MB
2026.02.16 11:07:04 INFO  Progress (1): 0.1/1.2 MB
2026.02.16 11:07:04 INFO  Progress (1): 0.1/1.2 MB
2026.02.16 11:07:04 INFO  Progress (1): 0.2/1.2 MB
2026.02.16 11:07:04 INFO  Progress (1): 0.2/1.2 MB
2026.02.16 11:07:04 INFO  Progress (1): 0.2/1.2 MB
2026.02.16 11:07:04 INFO  Progress (1): 0.2/1.2 MB
2026.02.16 11:07:04 INFO  Progress (1): 0.2/1.2 MB
2026.02.16 11:07:04 INFO  Progress (1): 0.2/1.2 MB
2026.02.16 11:07:04 INFO  Progress (1): 0.3/1.2 MB
2026.02.16 11:07:04 INFO  Progress (1): 0.3/1.2 MB
2026.02.16 11:07:04 INFO  Progress (1): 0.3/1.2 MB
2026.02.16 11:07:04 INFO  Progress (1): 0.3/1.2 MB
2026.02.16 11:07:04 INFO  Progress (1): 0.3/1.2 MB
2026.02.16 11:07:04 INFO  Progress (1): 0.3/1.2 MB
2026.02.16 11:07:04 INFO  Progress (1): 0.4/1.2 MB
2026.02.16 11:07:04 INFO  Progress (1): 0.4/1.2 MB
2026.02.16 11:07:04 INFO  Progress (1): 0.4/1.2 MB
2026.02.16 11:07:04 INFO  Progress (1): 0.4/1.2 MB
2026.02.16 11:07:04 INFO  Progress (1): 0.4/1.2 MB
2026.02.16 11:07:04 INFO  Progress (1): 0.4/1.2 MB
2026.02.16 11:07:04 INFO  Progress (1): 0.5/1.2 MB
2026.02.16 11:07:04 INFO  Progress (1): 0.5/1.2 MB
2026.02.16 11:07:04 INFO  Progress (1): 0.5/1.2 MB
2026.02.16 11:07:04 INFO  Progress (1): 0.5/1.2 MB
2026.02.16 11:07:04 INFO  Progress (1): 0.5/1.2 MB
2026.02.16 11:07:04 INFO  Progress (1): 0.5/1.2 MB
2026.02.16 11:07:04 INFO  Progress (1): 0.6/1.2 MB
2026.02.16 11:07:04 INFO  Progress (1): 0.6/1.2 MB
2026.02.16 11:07:04 INFO  Progress (1): 0.6/1.2 MB
2026.02.16 11:07:04 INFO  Progress (1): 0.6/1.2 MB
2026.02.16 11:07:04 INFO  Progress (1): 0.6/1.2 MB
2026.02.16 11:07:04 INFO  Progress (1): 0.6/1.2 MB
2026.02.16 11:07:04 INFO  Progress (1): 0.7/1.2 MB
2026.02.16 11:07:04 INFO  Progress (1): 0.7/1.2 MB
2026.02.16 11:07:04 INFO  Progress (1): 0.7/1.2 MB
2026.02.16 11:07:04 INFO  Progress (1): 0.7/1.2 MB
2026.02.16 11:07:04 INFO  Progress (1): 0.7/1.2 MB
2026.02.16 11:07:04 INFO  Progress (1): 0.7/1.2 MB
2026.02.16 11:07:04 INFO  Progress (1): 0.8/1.2 MB
2026.02.16 11:07:04 INFO  Progress (1): 0.8/1.2 MB
2026.02.16 11:07:04 INFO  Progress (1): 0.8/1.2 MB
2026.02.16 11:07:04 INFO  Progress (1): 0.8/1.2 MB
2026.02.16 11:07:04 INFO  Progress (1): 0.8/1.2 MB
2026.02.16 11:07:04 INFO  Progress (1): 0.8/1.2 MB
2026.02.16 11:07:04 INFO  Progress (1): 0.9/1.2 MB
2026.02.16 11:07:04 INFO  Progress (1): 0.9/1.2 MB
2026.02.16 11:07:04 INFO  Progress (1): 0.9/1.2 MB
2026.02.16 11:07:04 INFO  Progress (1): 0.9/1.2 MB
2026.02.16 11:07:04 INFO  Progress (1): 0.9/1.2 MB
2026.02.16 11:07:04 INFO  Progress (1): 0.9/1.2 MB
2026.02.16 11:07:04 INFO  Progress (1): 0.9/1.2 MB
2026.02.16 11:07:04 INFO  Progress (1): 1.0/1.2 MB
2026.02.16 11:07:04 INFO  Progress (1): 1.0/1.2 MB
2026.02.16 11:07:04 INFO  Progress (1): 1.0/1.2 MB
2026.02.16 11:07:04 INFO  Progress (1): 1.0/1.2 MB
2026.02.16 11:07:04 INFO  Progress (1): 1.0/1.2 MB
2026.02.16 11:07:04 INFO  Progress (1): 1.0/1.2 MB
2026.02.16 11:07:04 INFO  Progress (1): 1.1/1.2 MB
2026.02.16 11:07:04 INFO  Progress (1): 1.1/1.2 MB
2026.02.16 11:07:04 INFO  Progress (1): 1.1/1.2 MB
2026.02.16 11:07:04 INFO  Progress (1): 1.1/1.2 MB
2026.02.16 11:07:04 INFO  Progress (1): 1.1/1.2 MB
2026.02.16 11:07:04 INFO  Progress (1): 1.1/1.2 MB
2026.02.16 11:07:04 INFO  Progress (1): 1.2/1.2 MB
2026.02.16 11:07:04 INFO  Progress (1): 1.2/1.2 MB
2026.02.16 11:07:04 INFO  Progress (1): 1.2 MB    
2026.02.16 11:07:04 INFO                      
2026.02.16 11:07:04 INFO  Downloaded from central: https://repo.maven.apache.org/maven2/org/springframework/boot/spring-boot-autoconfigure/3.5.10/spring-boot-autoconfigure-3.5.10-sources.jar (1.2 MB at 17 MB/s)
2026.02.16 11:07:04 INFO  [INFO] SUCCESS: org.springframework.boot:spring-boot-autoconfigure:jar:3.5.10:compile (sources = true)
2026.02.16 11:07:04 INFO  [INFO] Resolving artifact: io.micrometer:micrometer-observation:jar:1.15.8:compile (sources = false)
2026.02.16 11:07:04 INFO  [INFO] SUCCESS: io.micrometer:micrometer-observation:jar:1.15.8:compile (sources = false)
2026.02.16 11:07:04 INFO  [INFO] Resolving artifact: io.micrometer:micrometer-observation:jar:1.15.8:compile (sources = true)
2026.02.16 11:07:04 INFO  Downloading from central: https://repo.maven.apache.org/maven2/io/micrometer/micrometer-observation/1.15.8/micrometer-observation-1.15.8-sources.jar
2026.02.16 11:07:04 INFO  Progress (1): 7.7/53 kB
2026.02.16 11:07:04 INFO  Progress (1): 8.2/53 kB
2026.02.16 11:07:04 INFO  Progress (1): 25/53 kB 
2026.02.16 11:07:04 INFO  Progress (1): 41/53 kB
2026.02.16 11:07:04 INFO  Progress (1): 53 kB   
2026.02.16 11:07:04 INFO                     
2026.02.16 11:07:04 INFO  Downloaded from central: https://repo.maven.apache.org/maven2/io/micrometer/micrometer-observation/1.15.8/micrometer-observation-1.15.8-sources.jar (53 kB at 2.0 MB/s)
2026.02.16 11:07:04 INFO  [INFO] SUCCESS: io.micrometer:micrometer-observation:jar:1.15.8:compile (sources = true)
2026.02.16 11:07:04 INFO  [INFO] Resolving artifact: org.assertj:assertj-core:jar:3.27.6:test (sources = false)
2026.02.16 11:07:04 INFO  [INFO] SUCCESS: org.assertj:assertj-core:jar:3.27.6:test (sources = false)
2026.02.16 11:07:04 INFO  [INFO] Resolving artifact: org.assertj:assertj-core:jar:3.27.6:test (sources = true)
2026.02.16 11:07:04 INFO  [INFO] SUCCESS: org.assertj:assertj-core:jar:3.27.6:test (sources = true)
2026.02.16 11:07:04 INFO  [INFO] Resolving artifact: jakarta.xml.bind:jakarta.xml.bind-api:jar:4.0.4:test (sources = false)
2026.02.16 11:07:04 INFO  [INFO] SUCCESS: jakarta.xml.bind:jakarta.xml.bind-api:jar:4.0.4:test (sources = false)
2026.02.16 11:07:04 INFO  [INFO] Resolving artifact: jakarta.xml.bind:jakarta.xml.bind-api:jar:4.0.4:test (sources = true)
2026.02.16 11:07:04 INFO  [INFO] SUCCESS: jakarta.xml.bind:jakarta.xml.bind-api:jar:4.0.4:test (sources = true)
2026.02.16 11:07:04 INFO  [INFO] Resolving artifact: org.hamcrest:hamcrest:jar:3.0:test (sources = false)
2026.02.16 11:07:04 INFO  [INFO] SUCCESS: org.hamcrest:hamcrest:jar:3.0:test (sources = false)
2026.02.16 11:07:04 INFO  [INFO] Resolving artifact: org.hamcrest:hamcrest:jar:3.0:test (sources = true)
2026.02.16 11:07:04 INFO  [INFO] SUCCESS: org.hamcrest:hamcrest:jar:3.0:test (sources = true)
2026.02.16 11:07:04 INFO  [INFO] Resolving artifact: org.yaml:snakeyaml:jar:2.4:compile (sources = false)
2026.02.16 11:07:04 INFO  [INFO] SUCCESS: org.yaml:snakeyaml:jar:2.4:compile (sources = false)
2026.02.16 11:07:04 INFO  [INFO] Resolving artifact: org.yaml:snakeyaml:jar:2.4:compile (sources = true)
2026.02.16 11:07:04 INFO  Downloading from central: https://repo.maven.apache.org/maven2/org/yaml/snakeyaml/2.4/snakeyaml-2.4-sources.jar
2026.02.16 11:07:04 INFO  Progress (1): 7.7/210 kB
2026.02.16 11:07:04 INFO  Progress (1): 16/210 kB 
2026.02.16 11:07:04 INFO  Progress (1): 25/210 kB
2026.02.16 11:07:04 INFO  Progress (1): 33/210 kB
2026.02.16 11:07:04 INFO  Progress (1): 49/210 kB
2026.02.16 11:07:04 INFO  Progress (1): 66/210 kB
2026.02.16 11:07:04 INFO  Progress (1): 82/210 kB
2026.02.16 11:07:04 INFO  Progress (1): 98/210 kB
2026.02.16 11:07:04 INFO  Progress (1): 115/210 kB
2026.02.16 11:07:04 INFO  Progress (1): 131/210 kB
2026.02.16 11:07:04 INFO  Progress (1): 147/210 kB
2026.02.16 11:07:04 INFO  Progress (1): 164/210 kB
2026.02.16 11:07:04 INFO  Progress (1): 180/210 kB
2026.02.16 11:07:04 INFO  Progress (1): 197/210 kB
2026.02.16 11:07:04 INFO  Progress (1): 210 kB    
2026.02.16 11:07:04 INFO                      
2026.02.16 11:07:04 INFO  Downloaded from central: https://repo.maven.apache.org/maven2/org/yaml/snakeyaml/2.4/snakeyaml-2.4-sources.jar (210 kB at 6.6 MB/s)
2026.02.16 11:07:04 INFO  [INFO] SUCCESS: org.yaml:snakeyaml:jar:2.4:compile (sources = true)
2026.02.16 11:07:04 INFO  [INFO] Resolving artifact: net.minidev:json-smart:jar:2.5.2:test (sources = false)
2026.02.16 11:07:04 INFO  [INFO] SUCCESS: net.minidev:json-smart:jar:2.5.2:test (sources = false)
2026.02.16 11:07:04 INFO  [INFO] Resolving artifact: net.minidev:json-smart:jar:2.5.2:test (sources = true)
2026.02.16 11:07:04 INFO  Downloading from central: https://repo.maven.apache.org/maven2/net/minidev/json-smart/2.5.2/json-smart-2.5.2-sources.jar
2026.02.16 11:07:04 INFO  Progress (1): 7.7/65 kB
2026.02.16 11:07:04 INFO  Progress (1): 12/65 kB 
2026.02.16 11:07:04 INFO  Progress (1): 29/65 kB
2026.02.16 11:07:04 INFO  Progress (1): 45/65 kB
2026.02.16 11:07:04 INFO  Progress (1): 61/65 kB
2026.02.16 11:07:04 INFO  Progress (1): 65 kB   
2026.02.16 11:07:04 INFO                     
2026.02.16 11:07:04 INFO  Downloaded from central: https://repo.maven.apache.org/maven2/net/minidev/json-smart/2.5.2/json-smart-2.5.2-sources.jar (65 kB at 2.5 MB/s)
2026.02.16 11:07:04 INFO  [INFO] SUCCESS: net.minidev:json-smart:jar:2.5.2:test (sources = true)
2026.02.16 11:07:04 INFO  [INFO] Resolving artifact: org.objenesis:objenesis:jar:3.3:test (sources = false)
2026.02.16 11:07:04 INFO  [INFO] SUCCESS: org.objenesis:objenesis:jar:3.3:test (sources = false)
2026.02.16 11:07:04 INFO  [INFO] Resolving artifact: org.objenesis:objenesis:jar:3.3:test (sources = true)
2026.02.16 11:07:04 INFO  [INFO] SUCCESS: org.objenesis:objenesis:jar:3.3:test (sources = true)
2026.02.16 11:07:04 INFO  [INFO] Resolving artifact: org.apache.logging.log4j:log4j-to-slf4j:jar:2.24.3:compile (sources = false)
2026.02.16 11:07:04 INFO  [INFO] SUCCESS: org.apache.logging.log4j:log4j-to-slf4j:jar:2.24.3:compile (sources = false)
2026.02.16 11:07:04 INFO  [INFO] Resolving artifact: org.apache.logging.log4j:log4j-to-slf4j:jar:2.24.3:compile (sources = true)
2026.02.16 11:07:04 INFO  Downloading from central: https://repo.maven.apache.org/maven2/org/apache/logging/log4j/log4j-to-slf4j/2.24.3/log4j-to-slf4j-2.24.3-sources.jar
2026.02.16 11:07:04 INFO  Progress (1): 4.1/18 kB
2026.02.16 11:07:04 INFO  Progress (1): 18 kB    
2026.02.16 11:07:04 INFO                     
2026.02.16 11:07:04 INFO  Downloaded from central: https://repo.maven.apache.org/maven2/org/apache/logging/log4j/log4j-to-slf4j/2.24.3/log4j-to-slf4j-2.24.3-sources.jar (18 kB at 704 kB/s)
2026.02.16 11:07:04 INFO  [INFO] SUCCESS: org.apache.logging.log4j:log4j-to-slf4j:jar:2.24.3:compile (sources = true)
2026.02.16 11:07:04 INFO  [INFO] Resolving artifact: org.junit.jupiter:junit-jupiter-params:jar:5.12.2:test (sources = false)
2026.02.16 11:07:04 INFO  [INFO] SUCCESS: org.junit.jupiter:junit-jupiter-params:jar:5.12.2:test (sources = false)
2026.02.16 11:07:04 INFO  [INFO] Resolving artifact: org.junit.jupiter:junit-jupiter-params:jar:5.12.2:test (sources = true)
2026.02.16 11:07:04 INFO  Downloading from central: https://repo.maven.apache.org/maven2/org/junit/jupiter/junit-jupiter-params/5.12.2/junit-jupiter-params-5.12.2-sources.jar
2026.02.16 11:07:04 INFO  Progress (1): 7.5/92 kB
2026.02.16 11:07:04 INFO  Progress (1): 24/92 kB 
2026.02.16 11:07:04 INFO  Progress (1): 40/92 kB
2026.02.16 11:07:04 INFO  Progress (1): 57/92 kB
2026.02.16 11:07:04 INFO  Progress (1): 65/92 kB
2026.02.16 11:07:04 INFO  Progress (1): 81/92 kB
2026.02.16 11:07:04 INFO  Progress (1): 92 kB   
2026.02.16 11:07:04 INFO                     
2026.02.16 11:07:04 INFO  Downloaded from central: https://repo.maven.apache.org/maven2/org/junit/jupiter/junit-jupiter-params/5.12.2/junit-jupiter-params-5.12.2-sources.jar (92 kB at 3.2 MB/s)
2026.02.16 11:07:04 INFO  [INFO] SUCCESS: org.junit.jupiter:junit-jupiter-params:jar:5.12.2:test (sources = true)
2026.02.16 11:07:04 INFO  [INFO] Resolving artifact: org.slf4j:slf4j-api:jar:2.0.17:compile (sources = false)
2026.02.16 11:07:04 INFO  [INFO] SUCCESS: org.slf4j:slf4j-api:jar:2.0.17:compile (sources = false)
2026.02.16 11:07:04 INFO  [INFO] Resolving artifact: org.slf4j:slf4j-api:jar:2.0.17:compile (sources = true)
2026.02.16 11:07:04 INFO  [INFO] SUCCESS: org.slf4j:slf4j-api:jar:2.0.17:compile (sources = true)
2026.02.16 11:07:04 INFO  [INFO] Resolving artifact: org.springframework:spring-core:jar:6.2.15:compile (sources = false)
2026.02.16 11:07:04 INFO  [INFO] SUCCESS: org.springframework:spring-core:jar:6.2.15:compile (sources = false)
2026.02.16 11:07:04 INFO  [INFO] Resolving artifact: org.springframework:spring-core:jar:6.2.15:compile (sources = true)
2026.02.16 11:07:04 INFO  Downloading from central: https://repo.maven.apache.org/maven2/org/springframework/spring-core/6.2.15/spring-core-6.2.15-sources.jar
2026.02.16 11:07:04 INFO  Progress (1): 0/1.5 MB
2026.02.16 11:07:04 INFO  Progress (1): 0/1.5 MB
2026.02.16 11:07:04 INFO  Progress (1): 0/1.5 MB
2026.02.16 11:07:04 INFO  Progress (1): 0/1.5 MB
2026.02.16 11:07:04 INFO  Progress (1): 0.1/1.5 MB
2026.02.16 11:07:04 INFO  Progress (1): 0.1/1.5 MB
2026.02.16 11:07:04 INFO  Progress (1): 0.1/1.5 MB
2026.02.16 11:07:04 INFO  Progress (1): 0.1/1.5 MB
2026.02.16 11:07:04 INFO  Progress (1): 0.1/1.5 MB
2026.02.16 11:07:04 INFO  Progress (1): 0.1/1.5 MB
2026.02.16 11:07:04 INFO  Progress (1): 0.2/1.5 MB
2026.02.16 11:07:04 INFO  Progress (1): 0.2/1.5 MB
2026.02.16 11:07:04 INFO  Progress (1): 0.2/1.5 MB
2026.02.16 11:07:04 INFO  Progress (1): 0.2/1.5 MB
2026.02.16 11:07:04 INFO  Progress (1): 0.2/1.5 MB
2026.02.16 11:07:04 INFO  Progress (1): 0.2/1.5 MB
2026.02.16 11:07:04 INFO  Progress (1): 0.3/1.5 MB
2026.02.16 11:07:04 INFO  Progress (1): 0.3/1.5 MB
2026.02.16 11:07:04 INFO  Progress (1): 0.3/1.5 MB
2026.02.16 11:07:04 INFO  Progress (1): 0.3/1.5 MB
2026.02.16 11:07:04 INFO  Progress (1): 0.3/1.5 MB
2026.02.16 11:07:04 INFO  Progress (1): 0.3/1.5 MB
2026.02.16 11:07:04 INFO  Progress (1): 0.4/1.5 MB
2026.02.16 11:07:04 INFO  Progress (1): 0.4/1.5 MB
2026.02.16 11:07:04 INFO  Progress (1): 0.4/1.5 MB
2026.02.16 11:07:04 INFO  Progress (1): 0.4/1.5 MB
2026.02.16 11:07:04 INFO  Progress (1): 0.4/1.5 MB
2026.02.16 11:07:04 INFO  Progress (1): 0.4/1.5 MB
2026.02.16 11:07:04 INFO  Progress (1): 0.5/1.5 MB
2026.02.16 11:07:04 INFO  Progress (1): 0.5/1.5 MB
2026.02.16 11:07:04 INFO  Progress (1): 0.5/1.5 MB
2026.02.16 11:07:04 INFO  Progress (1): 0.5/1.5 MB
2026.02.16 11:07:04 INFO  Progress (1): 0.5/1.5 MB
2026.02.16 11:07:04 INFO  Progress (1): 0.5/1.5 MB
2026.02.16 11:07:04 INFO  Progress (1): 0.6/1.5 MB
2026.02.16 11:07:04 INFO  Progress (1): 0.6/1.5 MB
2026.02.16 11:07:04 INFO  Progress (1): 0.6/1.5 MB
2026.02.16 11:07:04 INFO  Progress (1): 0.6/1.5 MB
2026.02.16 11:07:04 INFO  Progress (1): 0.6/1.5 MB
2026.02.16 11:07:04 INFO  Progress (1): 0.6/1.5 MB
2026.02.16 11:07:04 INFO  Progress (1): 0.7/1.5 MB
2026.02.16 11:07:04 INFO  Progress (1): 0.7/1.5 MB
2026.02.16 11:07:04 INFO  Progress (1): 0.7/1.5 MB
2026.02.16 11:07:04 INFO  Progress (1): 0.7/1.5 MB
2026.02.16 11:07:04 INFO  Progress (1): 0.7/1.5 MB
2026.02.16 11:07:04 INFO  Progress (1): 0.7/1.5 MB
2026.02.16 11:07:04 INFO  Progress (1): 0.8/1.5 MB
2026.02.16 11:07:04 INFO  Progress (1): 0.8/1.5 MB
2026.02.16 11:07:04 INFO  Progress (1): 0.8/1.5 MB
2026.02.16 11:07:04 INFO  Progress (1): 0.8/1.5 MB
2026.02.16 11:07:04 INFO  Progress (1): 0.8/1.5 MB
2026.02.16 11:07:04 INFO  Progress (1): 0.8/1.5 MB
2026.02.16 11:07:04 INFO  Progress (1): 0.9/1.5 MB
2026.02.16 11:07:04 INFO  Progress (1): 0.9/1.5 MB
2026.02.16 11:07:04 INFO  Progress (1): 0.9/1.5 MB
2026.02.16 11:07:04 INFO  Progress (1): 0.9/1.5 MB
2026.02.16 11:07:04 INFO  Progress (1): 0.9/1.5 MB
2026.02.16 11:07:04 INFO  Progress (1): 0.9/1.5 MB
2026.02.16 11:07:04 INFO  Progress (1): 0.9/1.5 MB
2026.02.16 11:07:04 INFO  Progress (1): 1.0/1.5 MB
2026.02.16 11:07:04 INFO  Progress (1): 1.0/1.5 MB
2026.02.16 11:07:04 INFO  Progress (1): 1.0/1.5 MB
2026.02.16 11:07:04 INFO  Progress (1): 1.0/1.5 MB
2026.02.16 11:07:04 INFO  Progress (1): 1.0/1.5 MB
2026.02.16 11:07:04 INFO  Progress (1): 1.0/1.5 MB
2026.02.16 11:07:04 INFO  Progress (1): 1.1/1.5 MB
2026.02.16 11:07:04 INFO  Progress (1): 1.1/1.5 MB
2026.02.16 11:07:04 INFO  Progress (1): 1.1/1.5 MB
2026.02.16 11:07:04 INFO  Progress (1): 1.1/1.5 MB
2026.02.16 11:07:04 INFO  Progress (1): 1.1/1.5 MB
2026.02.16 11:07:04 INFO  Progress (1): 1.1/1.5 MB
2026.02.16 11:07:04 INFO  Progress (1): 1.2/1.5 MB
2026.02.16 11:07:04 INFO  Progress (1): 1.2/1.5 MB
2026.02.16 11:07:04 INFO  Progress (1): 1.2/1.5 MB
2026.02.16 11:07:04 INFO  Progress (1): 1.2/1.5 MB
2026.02.16 11:07:04 INFO  Progress (1): 1.2/1.5 MB
2026.02.16 11:07:04 INFO  Progress (1): 1.2/1.5 MB
2026.02.16 11:07:04 INFO  Progress (1): 1.3/1.5 MB
2026.02.16 11:07:04 INFO  Progress (1): 1.3/1.5 MB
2026.02.16 11:07:04 INFO  Progress (1): 1.3/1.5 MB
2026.02.16 11:07:04 INFO  Progress (1): 1.3/1.5 MB
2026.02.16 11:07:04 INFO  Progress (1): 1.3/1.5 MB
2026.02.16 11:07:04 INFO  Progress (1): 1.3/1.5 MB
2026.02.16 11:07:04 INFO  Progress (1): 1.4/1.5 MB
2026.02.16 11:07:04 INFO  Progress (1): 1.4/1.5 MB
2026.02.16 11:07:04 INFO  Progress (1): 1.4/1.5 MB
2026.02.16 11:07:04 INFO  Progress (1): 1.4/1.5 MB
2026.02.16 11:07:04 INFO  Progress (1): 1.4/1.5 MB
2026.02.16 11:07:04 INFO  Progress (1): 1.4/1.5 MB
2026.02.16 11:07:04 INFO  Progress (1): 1.5/1.5 MB
2026.02.16 11:07:04 INFO  Progress (1): 1.5/1.5 MB
2026.02.16 11:07:04 INFO  Progress (1): 1.5 MB    
2026.02.16 11:07:04 INFO                      
2026.02.16 11:07:04 INFO  Downloaded from central: https://repo.maven.apache.org/maven2/org/springframework/spring-core/6.2.15/spring-core-6.2.15-sources.jar (1.5 MB at 17 MB/s)
2026.02.16 11:07:04 INFO  [INFO] SUCCESS: org.springframework:spring-core:jar:6.2.15:compile (sources = true)
2026.02.16 11:07:04 INFO  [INFO] Resolving artifact: net.minidev:accessors-smart:jar:2.5.2:test (sources = false)
2026.02.16 11:07:04 INFO  [INFO] SUCCESS: net.minidev:accessors-smart:jar:2.5.2:test (sources = false)
2026.02.16 11:07:04 INFO  [INFO] Resolving artifact: net.minidev:accessors-smart:jar:2.5.2:test (sources = true)
2026.02.16 11:07:04 INFO  Downloading from central: https://repo.maven.apache.org/maven2/net/minidev/accessors-smart/2.5.2/accessors-smart-2.5.2-sources.jar
2026.02.16 11:07:04 INFO  Progress (1): 7.7/25 kB
2026.02.16 11:07:04 INFO  Progress (1): 16/25 kB 
2026.02.16 11:07:04 INFO  Progress (1): 25 kB   
2026.02.16 11:07:04 INFO                     
2026.02.16 11:07:04 INFO  Downloaded from central: https://repo.maven.apache.org/maven2/net/minidev/accessors-smart/2.5.2/accessors-smart-2.5.2-sources.jar (25 kB at 747 kB/s)
2026.02.16 11:07:04 INFO  [INFO] SUCCESS: net.minidev:accessors-smart:jar:2.5.2:test (sources = true)
2026.02.16 11:07:04 INFO  [INFO] Resolving artifact: io.micrometer:micrometer-commons:jar:1.15.8:compile (sources = false)
2026.02.16 11:07:04 INFO  [INFO] SUCCESS: io.micrometer:micrometer-commons:jar:1.15.8:compile (sources = false)
2026.02.16 11:07:04 INFO  [INFO] Resolving artifact: io.micrometer:micrometer-commons:jar:1.15.8:compile (sources = true)
2026.02.16 11:07:04 INFO  Downloading from central: https://repo.maven.apache.org/maven2/io/micrometer/micrometer-commons/1.15.8/micrometer-commons-1.15.8-sources.jar
2026.02.16 11:07:04 INFO  Progress (1): 7.8/47 kB
2026.02.16 11:07:04 INFO  Progress (1): 16/47 kB 
2026.02.16 11:07:04 INFO  Progress (1): 32/47 kB
2026.02.16 11:07:04 INFO  Progress (1): 47 kB   
2026.02.16 11:07:04 INFO                     
2026.02.16 11:07:04 INFO  Downloaded from central: https://repo.maven.apache.org/maven2/io/micrometer/micrometer-commons/1.15.8/micrometer-commons-1.15.8-sources.jar (47 kB at 196 kB/s)
2026.02.16 11:07:04 INFO  [INFO] SUCCESS: io.micrometer:micrometer-commons:jar:1.15.8:compile (sources = true)
2026.02.16 11:07:04 INFO  [INFO] Resolving artifact: org.mockito:mockito-junit-jupiter:jar:5.17.0:test (sources = false)
2026.02.16 11:07:04 INFO  [INFO] SUCCESS: org.mockito:mockito-junit-jupiter:jar:5.17.0:test (sources = false)
2026.02.16 11:07:04 INFO  [INFO] Resolving artifact: org.mockito:mockito-junit-jupiter:jar:5.17.0:test (sources = true)
2026.02.16 11:07:04 INFO  Downloading from central: https://repo.maven.apache.org/maven2/org/mockito/mockito-junit-jupiter/5.17.0/mockito-junit-jupiter-5.17.0-sources.jar
2026.02.16 11:07:04 INFO  Progress (1): 6.7 kB
2026.02.16 11:07:04 INFO                      
2026.02.16 11:07:04 INFO  Downloaded from central: https://repo.maven.apache.org/maven2/org/mockito/mockito-junit-jupiter/5.17.0/mockito-junit-jupiter-5.17.0-sources.jar (6.7 kB at 238 kB/s)
2026.02.16 11:07:04 INFO  [INFO] SUCCESS: org.mockito:mockito-junit-jupiter:jar:5.17.0:test (sources = true)
2026.02.16 11:07:04 INFO  [INFO] Resolving artifact: org.mockito:mockito-core:jar:5.17.0:test (sources = false)
2026.02.16 11:07:04 INFO  [INFO] SUCCESS: org.mockito:mockito-core:jar:5.17.0:test (sources = false)
2026.02.16 11:07:04 INFO  [INFO] Resolving artifact: org.mockito:mockito-core:jar:5.17.0:test (sources = true)
2026.02.16 11:07:04 INFO  Downloading from central: https://repo.maven.apache.org/maven2/org/mockito/mockito-core/5.17.0/mockito-core-5.17.0-sources.jar
2026.02.16 11:07:04 INFO  Progress (1): 7.7/542 kB
2026.02.16 11:07:04 INFO  Progress (1): 16/542 kB 
2026.02.16 11:07:04 INFO  Progress (1): 25/542 kB
2026.02.16 11:07:04 INFO  Progress (1): 41/542 kB
2026.02.16 11:07:04 INFO  Progress (1): 57/542 kB
2026.02.16 11:07:04 INFO  Progress (1): 74/542 kB
2026.02.16 11:07:04 INFO  Progress (1): 90/542 kB
2026.02.16 11:07:04 INFO  Progress (1): 106/542 kB
2026.02.16 11:07:04 INFO  Progress (1): 123/542 kB
2026.02.16 11:07:04 INFO  Progress (1): 139/542 kB
2026.02.16 11:07:04 INFO  Progress (1): 147/542 kB
2026.02.16 11:07:04 INFO  Progress (1): 164/542 kB
2026.02.16 11:07:04 INFO  Progress (1): 180/542 kB
2026.02.16 11:07:04 INFO  Progress (1): 197/542 kB
2026.02.16 11:07:04 INFO  Progress (1): 213/542 kB
2026.02.16 11:07:04 INFO  Progress (1): 229/542 kB
2026.02.16 11:07:04 INFO  Progress (1): 246/542 kB
2026.02.16 11:07:04 INFO  Progress (1): 262/542 kB
2026.02.16 11:07:04 INFO  Progress (1): 279/542 kB
2026.02.16 11:07:04 INFO  Progress (1): 295/542 kB
2026.02.16 11:07:04 INFO  Progress (1): 311/542 kB
2026.02.16 11:07:04 INFO  Progress (1): 328/542 kB
2026.02.16 11:07:04 INFO  Progress (1): 344/542 kB
2026.02.16 11:07:04 INFO  Progress (1): 360/542 kB
2026.02.16 11:07:04 INFO  Progress (1): 377/542 kB
2026.02.16 11:07:04 INFO  Progress (1): 393/542 kB
2026.02.16 11:07:04 INFO  Progress (1): 410/542 kB
2026.02.16 11:07:04 INFO  Progress (1): 426/542 kB
2026.02.16 11:07:04 INFO  Progress (1): 442/542 kB
2026.02.16 11:07:04 INFO  Progress (1): 459/542 kB
2026.02.16 11:07:04 INFO  Progress (1): 475/542 kB
2026.02.16 11:07:04 INFO  Progress (1): 492/542 kB
2026.02.16 11:07:04 INFO  Progress (1): 508/542 kB
2026.02.16 11:07:04 INFO  Progress (1): 524/542 kB
2026.02.16 11:07:04 INFO  Progress (1): 541/542 kB
2026.02.16 11:07:04 INFO  Progress (1): 542 kB    
2026.02.16 11:07:04 INFO                      
2026.02.16 11:07:04 INFO  Downloaded from central: https://repo.maven.apache.org/maven2/org/mockito/mockito-core/5.17.0/mockito-core-5.17.0-sources.jar (542 kB at 13 MB/s)
2026.02.16 11:07:04 INFO  [INFO] SUCCESS: org.mockito:mockito-core:jar:5.17.0:test (sources = true)
2026.02.16 11:07:04 INFO  [INFO] Resolving artifact: org.ow2.asm:asm:jar:9.7.1:test (sources = false)
2026.02.16 11:07:04 INFO  [INFO] SUCCESS: org.ow2.asm:asm:jar:9.7.1:test (sources = false)
2026.02.16 11:07:04 INFO  [INFO] Resolving artifact: org.ow2.asm:asm:jar:9.7.1:test (sources = true)
2026.02.16 11:07:04 INFO  [INFO] SUCCESS: org.ow2.asm:asm:jar:9.7.1:test (sources = true)
2026.02.16 11:07:04 INFO  [INFO] Resolving artifact: org.junit.jupiter:junit-jupiter-api:jar:5.12.2:test (sources = false)
2026.02.16 11:07:04 INFO  [INFO] SUCCESS: org.junit.jupiter:junit-jupiter-api:jar:5.12.2:test (sources = false)
2026.02.16 11:07:04 INFO  [INFO] Resolving artifact: org.junit.jupiter:junit-jupiter-api:jar:5.12.2:test (sources = true)
2026.02.16 11:07:04 INFO  Downloading from central: https://repo.maven.apache.org/maven2/org/junit/jupiter/junit-jupiter-api/5.12.2/junit-jupiter-api-5.12.2-sources.jar
2026.02.16 11:07:04 INFO  Progress (1): 7.7/232 kB
2026.02.16 11:07:04 INFO  Progress (1): 8.2/232 kB
2026.02.16 11:07:04 INFO  Progress (1): 25/232 kB 
2026.02.16 11:07:04 INFO  Progress (1): 41/232 kB
2026.02.16 11:07:04 INFO  Progress (1): 49/232 kB
2026.02.16 11:07:04 INFO  Progress (1): 66/232 kB
2026.02.16 11:07:04 INFO  Progress (1): 82/232 kB
2026.02.16 11:07:04 INFO  Progress (1): 98/232 kB
2026.02.16 11:07:04 INFO  Progress (1): 115/232 kB
2026.02.16 11:07:04 INFO  Progress (1): 131/232 kB
2026.02.16 11:07:04 INFO  Progress (1): 147/232 kB
2026.02.16 11:07:04 INFO  Progress (1): 164/232 kB
2026.02.16 11:07:04 INFO  Progress (1): 180/232 kB
2026.02.16 11:07:04 INFO  Progress (1): 184/232 kB
2026.02.16 11:07:04 INFO  Progress (1): 197/232 kB
2026.02.16 11:07:04 INFO  Progress (1): 213/232 kB
2026.02.16 11:07:04 INFO  Progress (1): 229/232 kB
2026.02.16 11:07:04 INFO  Progress (1): 232 kB    
2026.02.16 11:07:04 INFO                      
2026.02.16 11:07:04 INFO  Downloaded from central: https://repo.maven.apache.org/maven2/org/junit/jupiter/junit-jupiter-api/5.12.2/junit-jupiter-api-5.12.2-sources.jar (232 kB at 7.5 MB/s)
2026.02.16 11:07:04 INFO  [INFO] SUCCESS: org.junit.jupiter:junit-jupiter-api:jar:5.12.2:test (sources = true)
2026.02.16 11:07:04 INFO  [INFO] Resolving artifact: org.thymeleaf:thymeleaf:jar:3.1.3.RELEASE:compile (sources = false)
2026.02.16 11:07:04 INFO  [INFO] SUCCESS: org.thymeleaf:thymeleaf:jar:3.1.3.RELEASE:compile (sources = false)
2026.02.16 11:07:04 INFO  [INFO] Resolving artifact: org.thymeleaf:thymeleaf:jar:3.1.3.RELEASE:compile (sources = true)
2026.02.16 11:07:04 INFO  [INFO] SUCCESS: org.thymeleaf:thymeleaf:jar:3.1.3.RELEASE:compile (sources = true)
2026.02.16 11:07:04 INFO  [INFO] Resolving artifact: org.springframework.boot:spring-boot-test:jar:3.5.10:test (sources = false)
2026.02.16 11:07:04 INFO  [INFO] SUCCESS: org.springframework.boot:spring-boot-test:jar:3.5.10:test (sources = false)
2026.02.16 11:07:04 INFO  [INFO] Resolving artifact: org.springframework.boot:spring-boot-test:jar:3.5.10:test (sources = true)
2026.02.16 11:07:04 INFO  Downloading from central: https://repo.maven.apache.org/maven2/org/springframework/boot/spring-boot-test/3.5.10/spring-boot-test-3.5.10-sources.jar
2026.02.16 11:07:05 INFO  Progress (1): 7.7/173 kB
2026.02.16 11:07:05 INFO  Progress (1): 16/173 kB 
2026.02.16 11:07:05 INFO  Progress (1): 32/173 kB
2026.02.16 11:07:05 INFO  Progress (1): 49/173 kB
2026.02.16 11:07:05 INFO  Progress (1): 65/173 kB
2026.02.16 11:07:05 INFO  Progress (1): 81/173 kB
2026.02.16 11:07:05 INFO  Progress (1): 98/173 kB
2026.02.16 11:07:05 INFO  Progress (1): 114/173 kB
2026.02.16 11:07:05 INFO  Progress (1): 131/173 kB
2026.02.16 11:07:05 INFO  Progress (1): 147/173 kB
2026.02.16 11:07:05 INFO  Progress (1): 163/173 kB
2026.02.16 11:07:05 INFO  Progress (1): 173 kB    
2026.02.16 11:07:05 INFO                      
2026.02.16 11:07:05 INFO  Downloaded from central: https://repo.maven.apache.org/maven2/org/springframework/boot/spring-boot-test/3.5.10/spring-boot-test-3.5.10-sources.jar (173 kB at 4.8 MB/s)
2026.02.16 11:07:05 INFO  [INFO] SUCCESS: org.springframework.boot:spring-boot-test:jar:3.5.10:test (sources = true)
2026.02.16 11:07:05 INFO  [INFO] Resolving artifact: org.slf4j:jul-to-slf4j:jar:2.0.17:compile (sources = false)
2026.02.16 11:07:05 INFO  [INFO] SUCCESS: org.slf4j:jul-to-slf4j:jar:2.0.17:compile (sources = false)
2026.02.16 11:07:05 INFO  [INFO] Resolving artifact: org.slf4j:jul-to-slf4j:jar:2.0.17:compile (sources = true)
2026.02.16 11:07:05 INFO  [INFO] SUCCESS: org.slf4j:jul-to-slf4j:jar:2.0.17:compile (sources = true)
2026.02.16 11:07:05 INFO  [INFO] Resolving artifact: ch.qos.logback:logback-classic:jar:1.5.25:compile (sources = false)
2026.02.16 11:07:05 INFO  [INFO] SUCCESS: ch.qos.logback:logback-classic:jar:1.5.25:compile (sources = false)
2026.02.16 11:07:05 INFO  [INFO] Resolving artifact: ch.qos.logback:logback-classic:jar:1.5.25:compile (sources = true)
2026.02.16 11:07:05 INFO  Downloading from central: https://repo.maven.apache.org/maven2/ch/qos/logback/logback-classic/1.5.25/logback-classic-1.5.25-sources.jar
2026.02.16 11:07:05 INFO  Progress (1): 7.7/252 kB
2026.02.16 11:07:05 INFO  Progress (1): 16/252 kB 
2026.02.16 11:07:05 INFO  Progress (1): 32/252 kB
2026.02.16 11:07:05 INFO  Progress (1): 49/252 kB
2026.02.16 11:07:05 INFO  Progress (1): 65/252 kB
2026.02.16 11:07:05 INFO  Progress (1): 81/252 kB
2026.02.16 11:07:05 INFO  Progress (1): 98/252 kB
2026.02.16 11:07:05 INFO  Progress (1): 114/252 kB
2026.02.16 11:07:05 INFO  Progress (1): 131/252 kB
2026.02.16 11:07:05 INFO  Progress (1): 147/252 kB
2026.02.16 11:07:05 INFO  Progress (1): 163/252 kB
2026.02.16 11:07:05 INFO  Progress (1): 180/252 kB
2026.02.16 11:07:05 INFO  Progress (1): 196/252 kB
2026.02.16 11:07:05 INFO  Progress (1): 213/252 kB
2026.02.16 11:07:05 INFO  Progress (1): 229/252 kB
2026.02.16 11:07:05 INFO  Progress (1): 245/252 kB
2026.02.16 11:07:05 INFO  Progress (1): 252 kB    
2026.02.16 11:07:05 INFO                      
2026.02.16 11:07:05 INFO  Downloaded from central: https://repo.maven.apache.org/maven2/ch/qos/logback/logback-classic/1.5.25/logback-classic-1.5.25-sources.jar (252 kB at 7.2 MB/s)
2026.02.16 11:07:05 INFO  [INFO] SUCCESS: ch.qos.logback:logback-classic:jar:1.5.25:compile (sources = true)
2026.02.16 11:07:05 INFO  [INFO] Resolving artifact: org.springframework.boot:spring-boot-starter:jar:3.5.10:compile (sources = false)
2026.02.16 11:07:05 INFO  [INFO] SUCCESS: org.springframework.boot:spring-boot-starter:jar:3.5.10:compile (sources = false)
2026.02.16 11:07:05 INFO  [INFO] Resolving artifact: org.springframework.boot:spring-boot-starter:jar:3.5.10:compile (sources = true)
2026.02.16 11:07:05 INFO  Downloading from central: https://repo.maven.apache.org/maven2/org/springframework/boot/spring-boot-starter/3.5.10/spring-boot-starter-3.5.10-sources.jar
2026.02.16 11:07:05 INFO  Progress (1): 2.0 kB
2026.02.16 11:07:05 INFO                      
2026.02.16 11:07:05 INFO  Downloaded from central: https://repo.maven.apache.org/maven2/org/springframework/boot/spring-boot-starter/3.5.10/spring-boot-starter-3.5.10-sources.jar (2.0 kB at 78 kB/s)
2026.02.16 11:07:05 INFO  [INFO] SUCCESS: org.springframework.boot:spring-boot-starter:jar:3.5.10:compile (sources = true)
2026.02.16 11:07:05 INFO  [INFO] Resolving artifact: com.fasterxml.jackson.datatype:jackson-datatype-jdk8:jar:2.19.4:compile (sources = false)
2026.02.16 11:07:05 INFO  [INFO] SUCCESS: com.fasterxml.jackson.datatype:jackson-datatype-jdk8:jar:2.19.4:compile (sources = false)
2026.02.16 11:07:05 INFO  [INFO] Resolving artifact: com.fasterxml.jackson.datatype:jackson-datatype-jdk8:jar:2.19.4:compile (sources = true)
2026.02.16 11:07:05 INFO  Downloading from central: https://repo.maven.apache.org/maven2/com/fasterxml/jackson/datatype/jackson-datatype-jdk8/2.19.4/jackson-datatype-jdk8-2.19.4-sources.jar
2026.02.16 11:07:05 INFO  Progress (1): 7.7/24 kB
2026.02.16 11:07:05 INFO  Progress (1): 16/24 kB 
2026.02.16 11:07:05 INFO  Progress (1): 24 kB   
2026.02.16 11:07:05 INFO                     
2026.02.16 11:07:05 INFO  Downloaded from central: https://repo.maven.apache.org/maven2/com/fasterxml/jackson/datatype/jackson-datatype-jdk8/2.19.4/jackson-datatype-jdk8-2.19.4-sources.jar (24 kB at 889 kB/s)
2026.02.16 11:07:05 INFO  [INFO] SUCCESS: com.fasterxml.jackson.datatype:jackson-datatype-jdk8:jar:2.19.4:compile (sources = true)
2026.02.16 11:07:05 INFO  [INFO] Resolving artifact: com.fasterxml.jackson.module:jackson-module-parameter-names:jar:2.19.4:compile (sources = false)
2026.02.16 11:07:05 INFO  [INFO] SUCCESS: com.fasterxml.jackson.module:jackson-module-parameter-names:jar:2.19.4:compile (sources = false)
2026.02.16 11:07:05 INFO  [INFO] Resolving artifact: com.fasterxml.jackson.module:jackson-module-parameter-names:jar:2.19.4:compile (sources = true)
2026.02.16 11:07:05 INFO  Downloading from central: https://repo.maven.apache.org/maven2/com/fasterxml/jackson/module/jackson-module-parameter-names/2.19.4/jackson-module-parameter-names-2.19.4-sources.jar
2026.02.16 11:07:05 INFO  Progress (1): 7.5/7.9 kB
2026.02.16 11:07:05 INFO  Progress (1): 7.9 kB    
2026.02.16 11:07:05 INFO                      
2026.02.16 11:07:05 INFO  Downloaded from central: https://repo.maven.apache.org/maven2/com/fasterxml/jackson/module/jackson-module-parameter-names/2.19.4/jackson-module-parameter-names-2.19.4-sources.jar (7.9 kB at 282 kB/s)
2026.02.16 11:07:05 INFO  [INFO] SUCCESS: com.fasterxml.jackson.module:jackson-module-parameter-names:jar:2.19.4:compile (sources = true)
2026.02.16 11:07:05 INFO  [INFO] Resolving artifact: ch.qos.logback:logback-core:jar:1.5.25:compile (sources = false)
2026.02.16 11:07:05 INFO  [INFO] SUCCESS: ch.qos.logback:logback-core:jar:1.5.25:compile (sources = false)
2026.02.16 11:07:05 INFO  [INFO] Resolving artifact: ch.qos.logback:logback-core:jar:1.5.25:compile (sources = true)
2026.02.16 11:07:05 INFO  Downloading from central: https://repo.maven.apache.org/maven2/ch/qos/logback/logback-core/1.5.25/logback-core-1.5.25-sources.jar
2026.02.16 11:07:05 INFO  Progress (1): 7.7/518 kB
2026.02.16 11:07:05 INFO  Progress (1): 16/518 kB 
2026.02.16 11:07:05 INFO  Progress (1): 32/518 kB
2026.02.16 11:07:05 INFO  Progress (1): 49/518 kB
2026.02.16 11:07:05 INFO  Progress (1): 65/518 kB
2026.02.16 11:07:05 INFO  Progress (1): 81/518 kB
2026.02.16 11:07:05 INFO  Progress (1): 98/518 kB
2026.02.16 11:07:05 INFO  Progress (1): 114/518 kB
2026.02.16 11:07:05 INFO  Progress (1): 131/518 kB
2026.02.16 11:07:05 INFO  Progress (1): 147/518 kB
2026.02.16 11:07:05 INFO  Progress (1): 163/518 kB
2026.02.16 11:07:05 INFO  Progress (1): 180/518 kB
2026.02.16 11:07:05 INFO  Progress (1): 196/518 kB
2026.02.16 11:07:05 INFO  Progress (1): 213/518 kB
2026.02.16 11:07:05 INFO  Progress (1): 229/518 kB
2026.02.16 11:07:05 INFO  Progress (1): 245/518 kB
2026.02.16 11:07:05 INFO  Progress (1): 262/518 kB
2026.02.16 11:07:05 INFO  Progress (1): 278/518 kB
2026.02.16 11:07:05 INFO  Progress (1): 294/518 kB
2026.02.16 11:07:05 INFO  Progress (1): 311/518 kB
2026.02.16 11:07:05 INFO  Progress (1): 327/518 kB
2026.02.16 11:07:05 INFO  Progress (1): 344/518 kB
2026.02.16 11:07:05 INFO  Progress (1): 360/518 kB
2026.02.16 11:07:05 INFO  Progress (1): 376/518 kB
2026.02.16 11:07:05 INFO  Progress (1): 393/518 kB
2026.02.16 11:07:05 INFO  Progress (1): 409/518 kB
2026.02.16 11:07:05 INFO  Progress (1): 426/518 kB
2026.02.16 11:07:05 INFO  Progress (1): 442/518 kB
2026.02.16 11:07:05 INFO  Progress (1): 458/518 kB
2026.02.16 11:07:05 INFO  Progress (1): 475/518 kB
2026.02.16 11:07:05 INFO  Progress (1): 491/518 kB
2026.02.16 11:07:05 INFO  Progress (1): 507/518 kB
2026.02.16 11:07:05 INFO  Progress (1): 518 kB    
2026.02.16 11:07:05 INFO                      
2026.02.16 11:07:05 INFO  Downloaded from central: https://repo.maven.apache.org/maven2/ch/qos/logback/logback-core/1.5.25/logback-core-1.5.25-sources.jar (518 kB at 12 MB/s)
2026.02.16 11:07:05 INFO  [INFO] SUCCESS: ch.qos.logback:logback-core:jar:1.5.25:compile (sources = true)
2026.02.16 11:07:05 INFO  [INFO] Resolving artifact: org.springframework:spring-jcl:jar:6.2.15:compile (sources = false)
2026.02.16 11:07:05 INFO  [INFO] SUCCESS: org.springframework:spring-jcl:jar:6.2.15:compile (sources = false)
2026.02.16 11:07:05 INFO  [INFO] Resolving artifact: org.springframework:spring-jcl:jar:6.2.15:compile (sources = true)
2026.02.16 11:07:05 INFO  Downloading from central: https://repo.maven.apache.org/maven2/org/springframework/spring-jcl/6.2.15/spring-jcl-6.2.15-sources.jar
2026.02.16 11:07:05 INFO  Progress (1): 7.7/13 kB
2026.02.16 11:07:05 INFO  Progress (1): 13 kB    
2026.02.16 11:07:05 INFO                     
2026.02.16 11:07:05 INFO  Downloaded from central: https://repo.maven.apache.org/maven2/org/springframework/spring-jcl/6.2.15/spring-jcl-6.2.15-sources.jar (13 kB at 477 kB/s)
2026.02.16 11:07:05 INFO  [INFO] SUCCESS: org.springframework:spring-jcl:jar:6.2.15:compile (sources = true)
2026.02.16 11:07:05 INFO  [INFO] Resolving artifact: org.springframework.boot:spring-boot-starter-json:jar:3.5.10:compile (sources = false)
2026.02.16 11:07:05 INFO  [INFO] SUCCESS: org.springframework.boot:spring-boot-starter-json:jar:3.5.10:compile (sources = false)
2026.02.16 11:07:05 INFO  [INFO] Resolving artifact: org.springframework.boot:spring-boot-starter-json:jar:3.5.10:compile (sources = true)
2026.02.16 11:07:05 INFO  Downloading from central: https://repo.maven.apache.org/maven2/org/springframework/boot/spring-boot-starter-json/3.5.10/spring-boot-starter-json-3.5.10-sources.jar
2026.02.16 11:07:05 INFO  Progress (1): 2.0 kB
2026.02.16 11:07:05 INFO                      
2026.02.16 11:07:05 INFO  Downloaded from central: https://repo.maven.apache.org/maven2/org/springframework/boot/spring-boot-starter-json/3.5.10/spring-boot-starter-json-3.5.10-sources.jar (2.0 kB at 80 kB/s)
2026.02.16 11:07:05 INFO  [INFO] SUCCESS: org.springframework.boot:spring-boot-starter-json:jar:3.5.10:compile (sources = true)
2026.02.16 11:07:05 INFO  [INFO] Resolving artifact: org.opentest4j:opentest4j:jar:1.3.0:test (sources = false)
2026.02.16 11:07:05 INFO  [INFO] SUCCESS: org.opentest4j:opentest4j:jar:1.3.0:test (sources = false)
2026.02.16 11:07:05 INFO  [INFO] Resolving artifact: org.opentest4j:opentest4j:jar:1.3.0:test (sources = true)
2026.02.16 11:07:05 INFO  [INFO] SUCCESS: org.opentest4j:opentest4j:jar:1.3.0:test (sources = true)
2026.02.16 11:07:05 INFO  [INFO] Resolving artifact: org.attoparser:attoparser:jar:2.0.7.RELEASE:compile (sources = false)
2026.02.16 11:07:05 INFO  [INFO] SUCCESS: org.attoparser:attoparser:jar:2.0.7.RELEASE:compile (sources = false)
2026.02.16 11:07:05 INFO  [INFO] Resolving artifact: org.attoparser:attoparser:jar:2.0.7.RELEASE:compile (sources = true)
2026.02.16 11:07:05 INFO  [INFO] SUCCESS: org.attoparser:attoparser:jar:2.0.7.RELEASE:compile (sources = true)
2026.02.16 11:07:05 INFO  [INFO] Resolving artifact: org.junit.jupiter:junit-jupiter-engine:jar:5.12.2:test (sources = false)
2026.02.16 11:07:05 INFO  [INFO] SUCCESS: org.junit.jupiter:junit-jupiter-engine:jar:5.12.2:test (sources = false)
2026.02.16 11:07:05 INFO  [INFO] Resolving artifact: org.junit.jupiter:junit-jupiter-engine:jar:5.12.2:test (sources = true)
2026.02.16 11:07:05 INFO  Downloading from central: https://repo.maven.apache.org/maven2/org/junit/jupiter/junit-jupiter-engine/5.12.2/junit-jupiter-engine-5.12.2-sources.jar
2026.02.16 11:07:05 INFO  Progress (1): 7.7/148 kB
2026.02.16 11:07:05 INFO  Progress (1): 16/148 kB 
2026.02.16 11:07:05 INFO  Progress (1): 32/148 kB
2026.02.16 11:07:05 INFO  Progress (1): 49/148 kB
2026.02.16 11:07:05 INFO  Progress (1): 65/148 kB
2026.02.16 11:07:05 INFO  Progress (1): 81/148 kB
2026.02.16 11:07:05 INFO  Progress (1): 98/148 kB
2026.02.16 11:07:05 INFO  Progress (1): 114/148 kB
2026.02.16 11:07:05 INFO  Progress (1): 131/148 kB
2026.02.16 11:07:05 INFO  Progress (1): 147/148 kB
2026.02.16 11:07:05 INFO  Progress (1): 148 kB    
2026.02.16 11:07:05 INFO                      
2026.02.16 11:07:05 INFO  Downloaded from central: https://repo.maven.apache.org/maven2/org/junit/jupiter/junit-jupiter-engine/5.12.2/junit-jupiter-engine-5.12.2-sources.jar (148 kB at 4.9 MB/s)
2026.02.16 11:07:05 INFO  [INFO] SUCCESS: org.junit.jupiter:junit-jupiter-engine:jar:5.12.2:test (sources = true)
2026.02.16 11:07:05 INFO  [INFO] Resolving artifact: org.skyscreamer:jsonassert:jar:1.5.3:test (sources = false)
2026.02.16 11:07:05 INFO  [INFO] SUCCESS: org.skyscreamer:jsonassert:jar:1.5.3:test (sources = false)
2026.02.16 11:07:05 INFO  [INFO] Resolving artifact: org.skyscreamer:jsonassert:jar:1.5.3:test (sources = true)
2026.02.16 11:07:05 INFO  [INFO] SUCCESS: org.skyscreamer:jsonassert:jar:1.5.3:test (sources = true)
2026.02.16 11:07:05 INFO  [INFO] Resolving artifact: com.fasterxml.jackson.core:jackson-core:jar:2.19.4:compile (sources = false)
2026.02.16 11:07:05 INFO  [INFO] SUCCESS: com.fasterxml.jackson.core:jackson-core:jar:2.19.4:compile (sources = false)
2026.02.16 11:07:05 INFO  [INFO] Resolving artifact: com.fasterxml.jackson.core:jackson-core:jar:2.19.4:compile (sources = true)
2026.02.16 11:07:05 INFO  Downloading from central: https://repo.maven.apache.org/maven2/com/fasterxml/jackson/core/jackson-core/2.19.4/jackson-core-2.19.4-sources.jar
2026.02.16 11:07:05 INFO  Progress (1): 7.7/495 kB
2026.02.16 11:07:05 INFO  Progress (1): 16/495 kB 
2026.02.16 11:07:05 INFO  Progress (1): 32/495 kB
2026.02.16 11:07:05 INFO  Progress (1): 49/495 kB
2026.02.16 11:07:05 INFO  Progress (1): 65/495 kB
2026.02.16 11:07:05 INFO  Progress (1): 81/495 kB
2026.02.16 11:07:05 INFO  Progress (1): 98/495 kB
2026.02.16 11:07:05 INFO  Progress (1): 114/495 kB
2026.02.16 11:07:05 INFO  Progress (1): 131/495 kB
2026.02.16 11:07:05 INFO  Progress (1): 147/495 kB
2026.02.16 11:07:05 INFO  Progress (1): 163/495 kB
2026.02.16 11:07:05 INFO  Progress (1): 180/495 kB
2026.02.16 11:07:05 INFO  Progress (1): 196/495 kB
2026.02.16 11:07:05 INFO  Progress (1): 213/495 kB
2026.02.16 11:07:05 INFO  Progress (1): 229/495 kB
2026.02.16 11:07:05 INFO  Progress (1): 245/495 kB
2026.02.16 11:07:05 INFO  Progress (1): 262/495 kB
2026.02.16 11:07:05 INFO  Progress (1): 278/495 kB
2026.02.16 11:07:05 INFO  Progress (1): 294/495 kB
2026.02.16 11:07:05 INFO  Progress (1): 311/495 kB
2026.02.16 11:07:05 INFO  Progress (1): 327/495 kB
2026.02.16 11:07:05 INFO  Progress (1): 344/495 kB
2026.02.16 11:07:05 INFO  Progress (1): 360/495 kB
2026.02.16 11:07:05 INFO  Progress (1): 376/495 kB
2026.02.16 11:07:05 INFO  Progress (1): 393/495 kB
2026.02.16 11:07:05 INFO  Progress (1): 409/495 kB
2026.02.16 11:07:05 INFO  Progress (1): 426/495 kB
2026.02.16 11:07:05 INFO  Progress (1): 442/495 kB
2026.02.16 11:07:05 INFO  Progress (1): 458/495 kB
2026.02.16 11:07:05 INFO  Progress (1): 475/495 kB
2026.02.16 11:07:05 INFO  Progress (1): 491/495 kB
2026.02.16 11:07:05 INFO  Progress (1): 495 kB    
2026.02.16 11:07:05 INFO                      
2026.02.16 11:07:05 INFO  Downloaded from central: https://repo.maven.apache.org/maven2/com/fasterxml/jackson/core/jackson-core/2.19.4/jackson-core-2.19.4-sources.jar (495 kB at 11 MB/s)
2026.02.16 11:07:05 INFO  [INFO] SUCCESS: com.fasterxml.jackson.core:jackson-core:jar:2.19.4:compile (sources = true)
2026.02.16 11:07:05 INFO  [INFO] Resolving artifact: org.springframework.boot:spring-boot-starter-tomcat:jar:3.5.10:compile (sources = false)
2026.02.16 11:07:05 INFO  [INFO] SUCCESS: org.springframework.boot:spring-boot-starter-tomcat:jar:3.5.10:compile (sources = false)
2026.02.16 11:07:05 INFO  [INFO] Resolving artifact: org.springframework.boot:spring-boot-starter-tomcat:jar:3.5.10:compile (sources = true)
2026.02.16 11:07:05 INFO  Downloading from central: https://repo.maven.apache.org/maven2/org/springframework/boot/spring-boot-starter-tomcat/3.5.10/spring-boot-starter-tomcat-3.5.10-sources.jar
2026.02.16 11:07:05 INFO  Progress (1): 2.0 kB
2026.02.16 11:07:05 INFO                      
2026.02.16 11:07:05 INFO  Downloaded from central: https://repo.maven.apache.org/maven2/org/springframework/boot/spring-boot-starter-tomcat/3.5.10/spring-boot-starter-tomcat-3.5.10-sources.jar (2.0 kB at 76 kB/s)
2026.02.16 11:07:05 INFO  [INFO] SUCCESS: org.springframework.boot:spring-boot-starter-tomcat:jar:3.5.10:compile (sources = true)
2026.02.16 11:07:05 INFO  [INFO] Resolving artifact: org.springframework:spring-context:jar:6.2.15:compile (sources = false)
2026.02.16 11:07:05 INFO  [INFO] SUCCESS: org.springframework:spring-context:jar:6.2.15:compile (sources = false)
2026.02.16 11:07:05 INFO  [INFO] Resolving artifact: org.springframework:spring-context:jar:6.2.15:compile (sources = true)
2026.02.16 11:07:05 INFO  Downloading from central: https://repo.maven.apache.org/maven2/org/springframework/spring-context/6.2.15/spring-context-6.2.15-sources.jar
2026.02.16 11:07:05 INFO  Progress (1): 0/1.1 MB
2026.02.16 11:07:05 INFO  Progress (1): 0/1.1 MB
2026.02.16 11:07:05 INFO  Progress (1): 0/1.1 MB
2026.02.16 11:07:05 INFO  Progress (1): 0/1.1 MB
2026.02.16 11:07:05 INFO  Progress (1): 0.1/1.1 MB
2026.02.16 11:07:05 INFO  Progress (1): 0.1/1.1 MB
2026.02.16 11:07:05 INFO  Progress (1): 0.1/1.1 MB
2026.02.16 11:07:05 INFO  Progress (1): 0.1/1.1 MB
2026.02.16 11:07:05 INFO  Progress (1): 0.1/1.1 MB
2026.02.16 11:07:05 INFO  Progress (1): 0.1/1.1 MB
2026.02.16 11:07:05 INFO  Progress (1): 0.2/1.1 MB
2026.02.16 11:07:05 INFO  Progress (1): 0.2/1.1 MB
2026.02.16 11:07:05 INFO  Progress (1): 0.2/1.1 MB
2026.02.16 11:07:05 INFO  Progress (1): 0.2/1.1 MB
2026.02.16 11:07:05 INFO  Progress (1): 0.2/1.1 MB
2026.02.16 11:07:05 INFO  Progress (1): 0.2/1.1 MB
2026.02.16 11:07:05 INFO  Progress (1): 0.3/1.1 MB
2026.02.16 11:07:05 INFO  Progress (1): 0.3/1.1 MB
2026.02.16 11:07:05 INFO  Progress (1): 0.3/1.1 MB
2026.02.16 11:07:05 INFO  Progress (1): 0.3/1.1 MB
2026.02.16 11:07:05 INFO  Progress (1): 0.3/1.1 MB
2026.02.16 11:07:05 INFO  Progress (1): 0.3/1.1 MB
2026.02.16 11:07:05 INFO  Progress (1): 0.3/1.1 MB
2026.02.16 11:07:05 INFO  Progress (1): 0.4/1.1 MB
2026.02.16 11:07:05 INFO  Progress (1): 0.4/1.1 MB
2026.02.16 11:07:05 INFO  Progress (1): 0.4/1.1 MB
2026.02.16 11:07:05 INFO  Progress (1): 0.4/1.1 MB
2026.02.16 11:07:05 INFO  Progress (1): 0.4/1.1 MB
2026.02.16 11:07:05 INFO  Progress (1): 0.4/1.1 MB
2026.02.16 11:07:05 INFO  Progress (1): 0.5/1.1 MB
2026.02.16 11:07:05 INFO  Progress (1): 0.5/1.1 MB
2026.02.16 11:07:05 INFO  Progress (1): 0.5/1.1 MB
2026.02.16 11:07:05 INFO  Progress (1): 0.5/1.1 MB
2026.02.16 11:07:05 INFO  Progress (1): 0.5/1.1 MB
2026.02.16 11:07:05 INFO  Progress (1): 0.5/1.1 MB
2026.02.16 11:07:05 INFO  Progress (1): 0.6/1.1 MB
2026.02.16 11:07:05 INFO  Progress (1): 0.6/1.1 MB
2026.02.16 11:07:05 INFO  Progress (1): 0.6/1.1 MB
2026.02.16 11:07:05 INFO  Progress (1): 0.6/1.1 MB
2026.02.16 11:07:05 INFO  Progress (1): 0.6/1.1 MB
2026.02.16 11:07:05 INFO  Progress (1): 0.6/1.1 MB
2026.02.16 11:07:05 INFO  Progress (1): 0.7/1.1 MB
2026.02.16 11:07:05 INFO  Progress (1): 0.7/1.1 MB
2026.02.16 11:07:05 INFO  Progress (1): 0.7/1.1 MB
2026.02.16 11:07:05 INFO  Progress (1): 0.7/1.1 MB
2026.02.16 11:07:05 INFO  Progress (1): 0.7/1.1 MB
2026.02.16 11:07:05 INFO  Progress (1): 0.7/1.1 MB
2026.02.16 11:07:05 INFO  Progress (1): 0.7/1.1 MB
2026.02.16 11:07:05 INFO  Progress (1): 0.8/1.1 MB
2026.02.16 11:07:05 INFO  Progress (1): 0.8/1.1 MB
2026.02.16 11:07:05 INFO  Progress (1): 0.8/1.1 MB
2026.02.16 11:07:05 INFO  Progress (1): 0.8/1.1 MB
2026.02.16 11:07:05 INFO  Progress (1): 0.8/1.1 MB
2026.02.16 11:07:05 INFO  Progress (1): 0.8/1.1 MB
2026.02.16 11:07:05 INFO  Progress (1): 0.9/1.1 MB
2026.02.16 11:07:05 INFO  Progress (1): 0.9/1.1 MB
2026.02.16 11:07:05 INFO  Progress (1): 0.9/1.1 MB
2026.02.16 11:07:05 INFO  Progress (1): 0.9/1.1 MB
2026.02.16 11:07:05 INFO  Progress (1): 0.9/1.1 MB
2026.02.16 11:07:05 INFO  Progress (1): 0.9/1.1 MB
2026.02.16 11:07:05 INFO  Progress (1): 1.0/1.1 MB
2026.02.16 11:07:05 INFO  Progress (1): 1.0/1.1 MB
2026.02.16 11:07:05 INFO  Progress (1): 1.0/1.1 MB
2026.02.16 11:07:05 INFO  Progress (1): 1.0/1.1 MB
2026.02.16 11:07:05 INFO  Progress (1): 1.0/1.1 MB
2026.02.16 11:07:05 INFO  Progress (1): 1.0/1.1 MB
2026.02.16 11:07:05 INFO  Progress (1): 1.1/1.1 MB
2026.02.16 11:07:05 INFO  Progress (1): 1.1/1.1 MB
2026.02.16 11:07:05 INFO  Progress (1): 1.1/1.1 MB
2026.02.16 11:07:05 INFO  Progress (1): 1.1 MB    
2026.02.16 11:07:05 INFO                      
2026.02.16 11:07:05 INFO  Downloaded from central: https://repo.maven.apache.org/maven2/org/springframework/spring-context/6.2.15/spring-context-6.2.15-sources.jar (1.1 MB at 18 MB/s)
2026.02.16 11:07:05 INFO  [INFO] SUCCESS: org.springframework:spring-context:jar:6.2.15:compile (sources = true)
2026.02.16 11:07:05 INFO  [INFO] Resolving artifact: org.springframework:spring-expression:jar:6.2.15:compile (sources = false)
2026.02.16 11:07:05 INFO  [INFO] SUCCESS: org.springframework:spring-expression:jar:6.2.15:compile (sources = false)
2026.02.16 11:07:05 INFO  [INFO] Resolving artifact: org.springframework:spring-expression:jar:6.2.15:compile (sources = true)
2026.02.16 11:07:05 INFO  Downloading from central: https://repo.maven.apache.org/maven2/org/springframework/spring-expression/6.2.15/spring-expression-6.2.15-sources.jar
2026.02.16 11:07:05 INFO  Progress (1): 7.7/238 kB
2026.02.16 11:07:05 INFO  Progress (1): 12/238 kB 
2026.02.16 11:07:05 INFO  Progress (1): 29/238 kB
2026.02.16 11:07:05 INFO  Progress (1): 45/238 kB
2026.02.16 11:07:05 INFO  Progress (1): 61/238 kB
2026.02.16 11:07:05 INFO  Progress (1): 78/238 kB
2026.02.16 11:07:05 INFO  Progress (1): 94/238 kB
2026.02.16 11:07:05 INFO  Progress (1): 111/238 kB
2026.02.16 11:07:05 INFO  Progress (1): 127/238 kB
2026.02.16 11:07:05 INFO  Progress (1): 143/238 kB
2026.02.16 11:07:05 INFO  Progress (1): 160/238 kB
2026.02.16 11:07:05 INFO  Progress (1): 176/238 kB
2026.02.16 11:07:05 INFO  Progress (1): 193/238 kB
2026.02.16 11:07:05 INFO  Progress (1): 209/238 kB
2026.02.16 11:07:05 INFO  Progress (1): 213/238 kB
2026.02.16 11:07:05 INFO  Progress (1): 229/238 kB
2026.02.16 11:07:05 INFO  Progress (1): 238 kB    
2026.02.16 11:07:05 INFO                      
2026.02.16 11:07:05 INFO  Downloaded from central: https://repo.maven.apache.org/maven2/org/springframework/spring-expression/6.2.15/spring-expression-6.2.15-sources.jar (238 kB at 7.2 MB/s)
2026.02.16 11:07:05 INFO  [INFO] SUCCESS: org.springframework:spring-expression:jar:6.2.15:compile (sources = true)
2026.02.16 11:07:05 INFO  [INFO] Resolving artifact: com.fasterxml.jackson.datatype:jackson-datatype-jsr310:jar:2.19.4:compile (sources = false)
2026.02.16 11:07:05 INFO  [INFO] SUCCESS: com.fasterxml.jackson.datatype:jackson-datatype-jsr310:jar:2.19.4:compile (sources = false)
2026.02.16 11:07:05 INFO  [INFO] Resolving artifact: com.fasterxml.jackson.datatype:jackson-datatype-jsr310:jar:2.19.4:compile (sources = true)
2026.02.16 11:07:05 INFO  Downloading from central: https://repo.maven.apache.org/maven2/com/fasterxml/jackson/datatype/jackson-datatype-jsr310/2.19.4/jackson-datatype-jsr310-2.19.4-sources.jar
2026.02.16 11:07:05 INFO  Progress (1): 7.7/92 kB
2026.02.16 11:07:05 INFO  Progress (1): 16/92 kB 
2026.02.16 11:07:05 INFO  Progress (1): 25/92 kB
2026.02.16 11:07:05 INFO  Progress (1): 41/92 kB
2026.02.16 11:07:05 INFO  Progress (1): 57/92 kB
2026.02.16 11:07:05 INFO  Progress (1): 74/92 kB
2026.02.16 11:07:05 INFO  Progress (1): 90/92 kB
2026.02.16 11:07:05 INFO  Progress (1): 92 kB   
2026.02.16 11:07:05 INFO                     
2026.02.16 11:07:05 INFO  Downloaded from central: https://repo.maven.apache.org/maven2/com/fasterxml/jackson/datatype/jackson-datatype-jsr310/2.19.4/jackson-datatype-jsr310-2.19.4-sources.jar (92 kB at 3.0 MB/s)
2026.02.16 11:07:05 INFO  [INFO] SUCCESS: com.fasterxml.jackson.datatype:jackson-datatype-jsr310:jar:2.19.4:compile (sources = true)
2026.02.16 11:07:05 INFO  [INFO] Resolving artifact: org.springframework:spring-beans:jar:6.2.15:compile (sources = false)
2026.02.16 11:07:05 INFO  [INFO] SUCCESS: org.springframework:spring-beans:jar:6.2.15:compile (sources = false)
2026.02.16 11:07:05 INFO  [INFO] Resolving artifact: org.springframework:spring-beans:jar:6.2.15:compile (sources = true)
2026.02.16 11:07:05 INFO  Downloading from central: https://repo.maven.apache.org/maven2/org/springframework/spring-beans/6.2.15/spring-beans-6.2.15-sources.jar
2026.02.16 11:07:05 INFO  Progress (1): 7.7/741 kB
2026.02.16 11:07:05 INFO  Progress (1): 12/741 kB 
2026.02.16 11:07:05 INFO  Progress (1): 29/741 kB
2026.02.16 11:07:05 INFO  Progress (1): 45/741 kB
2026.02.16 11:07:05 INFO  Progress (1): 61/741 kB
2026.02.16 11:07:05 INFO  Progress (1): 78/741 kB
2026.02.16 11:07:05 INFO  Progress (1): 94/741 kB
2026.02.16 11:07:05 INFO  Progress (1): 111/741 kB
2026.02.16 11:07:05 INFO  Progress (1): 127/741 kB
2026.02.16 11:07:05 INFO  Progress (1): 143/741 kB
2026.02.16 11:07:05 INFO  Progress (1): 160/741 kB
2026.02.16 11:07:05 INFO  Progress (1): 176/741 kB
2026.02.16 11:07:05 INFO  Progress (1): 193/741 kB
2026.02.16 11:07:05 INFO  Progress (1): 209/741 kB
2026.02.16 11:07:05 INFO  Progress (1): 225/741 kB
2026.02.16 11:07:05 INFO  Progress (1): 242/741 kB
2026.02.16 11:07:05 INFO  Progress (1): 258/741 kB
2026.02.16 11:07:05 INFO  Progress (1): 274/741 kB
2026.02.16 11:07:05 INFO  Progress (1): 291/741 kB
2026.02.16 11:07:05 INFO  Progress (1): 307/741 kB
2026.02.16 11:07:05 INFO  Progress (1): 324/741 kB
2026.02.16 11:07:05 INFO  Progress (1): 340/741 kB
2026.02.16 11:07:05 INFO  Progress (1): 356/741 kB
2026.02.16 11:07:05 INFO  Progress (1): 373/741 kB
2026.02.16 11:07:05 INFO  Progress (1): 389/741 kB
2026.02.16 11:07:05 INFO  Progress (1): 406/741 kB
2026.02.16 11:07:05 INFO  Progress (1): 422/741 kB
2026.02.16 11:07:05 INFO  Progress (1): 438/741 kB
2026.02.16 11:07:05 INFO  Progress (1): 455/741 kB
2026.02.16 11:07:05 INFO  Progress (1): 471/741 kB
2026.02.16 11:07:05 INFO  Progress (1): 487/741 kB
2026.02.16 11:07:05 INFO  Progress (1): 504/741 kB
2026.02.16 11:07:05 INFO  Progress (1): 520/741 kB
2026.02.16 11:07:05 INFO  Progress (1): 537/741 kB
2026.02.16 11:07:05 INFO  Progress (1): 553/741 kB
2026.02.16 11:07:05 INFO  Progress (1): 569/741 kB
2026.02.16 11:07:05 INFO  Progress (1): 586/741 kB
2026.02.16 11:07:05 INFO  Progress (1): 602/741 kB
2026.02.16 11:07:05 INFO  Progress (1): 618/741 kB
2026.02.16 11:07:05 INFO  Progress (1): 623/741 kB
2026.02.16 11:07:05 INFO  Progress (1): 639/741 kB
2026.02.16 11:07:05 INFO  Progress (1): 655/741 kB
2026.02.16 11:07:05 INFO  Progress (1): 672/741 kB
2026.02.16 11:07:05 INFO  Progress (1): 688/741 kB
2026.02.16 11:07:05 INFO  Progress (1): 705/741 kB
2026.02.16 11:07:05 INFO  Progress (1): 721/741 kB
2026.02.16 11:07:05 INFO  Progress (1): 737/741 kB
2026.02.16 11:07:05 INFO  Progress (1): 741 kB    
2026.02.16 11:07:05 INFO                      
2026.02.16 11:07:05 INFO  Downloaded from central: https://repo.maven.apache.org/maven2/org/springframework/spring-beans/6.2.15/spring-beans-6.2.15-sources.jar (741 kB at 16 MB/s)
2026.02.16 11:07:05 INFO  [INFO] SUCCESS: org.springframework:spring-beans:jar:6.2.15:compile (sources = true)
2026.02.16 11:07:05 INFO  [INFO] Resolving artifact: org.springframework:spring-aop:jar:6.2.15:compile (sources = false)
2026.02.16 11:07:05 INFO  [INFO] SUCCESS: org.springframework:spring-aop:jar:6.2.15:compile (sources = false)
2026.02.16 11:07:05 INFO  [INFO] Resolving artifact: org.springframework:spring-aop:jar:6.2.15:compile (sources = true)
2026.02.16 11:07:05 INFO  Downloading from central: https://repo.maven.apache.org/maven2/org/springframework/spring-aop/6.2.15/spring-aop-6.2.15-sources.jar
2026.02.16 11:07:05 INFO  Progress (1): 7.7/373 kB
2026.02.16 11:07:05 INFO  Progress (1): 12/373 kB 
2026.02.16 11:07:05 INFO  Progress (1): 29/373 kB
2026.02.16 11:07:05 INFO  Progress (1): 45/373 kB
2026.02.16 11:07:05 INFO  Progress (1): 61/373 kB
2026.02.16 11:07:05 INFO  Progress (1): 78/373 kB
2026.02.16 11:07:05 INFO  Progress (1): 94/373 kB
2026.02.16 11:07:06 INFO  Progress (1): 111/373 kB
2026.02.16 11:07:06 INFO  Progress (1): 127/373 kB
2026.02.16 11:07:06 INFO  Progress (1): 143/373 kB
2026.02.16 11:07:06 INFO  Progress (1): 160/373 kB
2026.02.16 11:07:06 INFO  Progress (1): 168/373 kB
2026.02.16 11:07:06 INFO  Progress (1): 184/373 kB
2026.02.16 11:07:06 INFO  Progress (1): 201/373 kB
2026.02.16 11:07:06 INFO  Progress (1): 213/373 kB
2026.02.16 11:07:06 INFO  Progress (1): 229/373 kB
2026.02.16 11:07:06 INFO  Progress (1): 246/373 kB
2026.02.16 11:07:06 INFO  Progress (1): 262/373 kB
2026.02.16 11:07:06 INFO  Progress (1): 279/373 kB
2026.02.16 11:07:06 INFO  Progress (1): 295/373 kB
2026.02.16 11:07:06 INFO  Progress (1): 311/373 kB
2026.02.16 11:07:06 INFO  Progress (1): 328/373 kB
2026.02.16 11:07:06 INFO  Progress (1): 344/373 kB
2026.02.16 11:07:06 INFO  Progress (1): 360/373 kB
2026.02.16 11:07:06 INFO  Progress (1): 373 kB    
2026.02.16 11:07:06 INFO                      
2026.02.16 11:07:06 INFO  Downloaded from central: https://repo.maven.apache.org/maven2/org/springframework/spring-aop/6.2.15/spring-aop-6.2.15-sources.jar (373 kB at 664 kB/s)
2026.02.16 11:07:06 INFO  [INFO] SUCCESS: org.springframework:spring-aop:jar:6.2.15:compile (sources = true)
2026.02.16 11:07:06 INFO  [INFO] Resolving artifact: org.springframework.boot:spring-boot-starter-web:jar:3.5.10:compile (sources = false)
2026.02.16 11:07:06 INFO  [INFO] SUCCESS: org.springframework.boot:spring-boot-starter-web:jar:3.5.10:compile (sources = false)
2026.02.16 11:07:06 INFO  [INFO] Resolving artifact: org.springframework.boot:spring-boot-starter-web:jar:3.5.10:compile (sources = true)
2026.02.16 11:07:06 INFO  Downloading from central: https://repo.maven.apache.org/maven2/org/springframework/boot/spring-boot-starter-web/3.5.10/spring-boot-starter-web-3.5.10-sources.jar
2026.02.16 11:07:06 INFO  Progress (1): 2.1 kB
2026.02.16 11:07:06 INFO                      
2026.02.16 11:07:06 INFO  Downloaded from central: https://repo.maven.apache.org/maven2/org/springframework/boot/spring-boot-starter-web/3.5.10/spring-boot-starter-web-3.5.10-sources.jar (2.1 kB at 82 kB/s)
2026.02.16 11:07:06 INFO  [INFO] SUCCESS: org.springframework.boot:spring-boot-starter-web:jar:3.5.10:compile (sources = true)
2026.02.16 11:07:06 INFO  [INFO] Resolving artifact: org.xmlunit:xmlunit-core:jar:2.10.4:test (sources = false)
2026.02.16 11:07:06 INFO  [INFO] SUCCESS: org.xmlunit:xmlunit-core:jar:2.10.4:test (sources = false)
2026.02.16 11:07:06 INFO  [INFO] Resolving artifact: org.xmlunit:xmlunit-core:jar:2.10.4:test (sources = true)
2026.02.16 11:07:06 INFO  [INFO] SUCCESS: org.xmlunit:xmlunit-core:jar:2.10.4:test (sources = true)
2026.02.16 11:07:06 INFO  [INFO] Resolving artifact: jakarta.annotation:jakarta.annotation-api:jar:2.1.1:compile (sources = false)
2026.02.16 11:07:06 INFO  [INFO] SUCCESS: jakarta.annotation:jakarta.annotation-api:jar:2.1.1:compile (sources = false)
2026.02.16 11:07:06 INFO  [INFO] Resolving artifact: jakarta.annotation:jakarta.annotation-api:jar:2.1.1:compile (sources = true)
2026.02.16 11:07:06 INFO  Downloading from central: https://repo.maven.apache.org/maven2/jakarta/annotation/jakarta.annotation-api/2.1.1/jakarta.annotation-api-2.1.1-sources.jar
2026.02.16 11:07:06 INFO  Progress (1): 7.7/37 kB
2026.02.16 11:07:06 INFO  Progress (1): 12/37 kB 
2026.02.16 11:07:06 INFO  Progress (1): 29/37 kB
2026.02.16 11:07:06 INFO  Progress (1): 37 kB   
2026.02.16 11:07:06 INFO                     
2026.02.16 11:07:06 INFO  Downloaded from central: https://repo.maven.apache.org/maven2/jakarta/annotation/jakarta.annotation-api/2.1.1/jakarta.annotation-api-2.1.1-sources.jar (37 kB at 1.4 MB/s)
2026.02.16 11:07:06 INFO  [INFO] SUCCESS: jakarta.annotation:jakarta.annotation-api:jar:2.1.1:compile (sources = true)
2026.02.16 11:07:06 INFO  [INFO] Resolving artifact: org.springframework.boot:spring-boot-test-autoconfigure:jar:3.5.10:test (sources = false)
2026.02.16 11:07:06 INFO  [INFO] SUCCESS: org.springframework.boot:spring-boot-test-autoconfigure:jar:3.5.10:test (sources = false)
2026.02.16 11:07:06 INFO  [INFO] Resolving artifact: org.springframework.boot:spring-boot-test-autoconfigure:jar:3.5.10:test (sources = true)
2026.02.16 11:07:06 INFO  Downloading from central: https://repo.maven.apache.org/maven2/org/springframework/boot/spring-boot-test-autoconfigure/3.5.10/spring-boot-test-autoconfigure-3.5.10-sources.jar
2026.02.16 11:07:06 INFO  Progress (1): 7.7/225 kB
2026.02.16 11:07:06 INFO  Progress (1): 16/225 kB 
2026.02.16 11:07:06 INFO  Progress (1): 32/225 kB
2026.02.16 11:07:06 INFO  Progress (1): 49/225 kB
2026.02.16 11:07:06 INFO  Progress (1): 65/225 kB
2026.02.16 11:07:06 INFO  Progress (1): 81/225 kB
2026.02.16 11:07:06 INFO  Progress (1): 98/225 kB
2026.02.16 11:07:06 INFO  Progress (1): 114/225 kB
2026.02.16 11:07:06 INFO  Progress (1): 131/225 kB
2026.02.16 11:07:06 INFO  Progress (1): 147/225 kB
2026.02.16 11:07:06 INFO  Progress (1): 163/225 kB
2026.02.16 11:07:06 INFO  Progress (1): 180/225 kB
2026.02.16 11:07:06 INFO  Progress (1): 196/225 kB
2026.02.16 11:07:06 INFO  Progress (1): 213/225 kB
2026.02.16 11:07:06 INFO  Progress (1): 225 kB    
2026.02.16 11:07:06 INFO                      
2026.02.16 11:07:06 INFO  Downloaded from central: https://repo.maven.apache.org/maven2/org/springframework/boot/spring-boot-test-autoconfigure/3.5.10/spring-boot-test-autoconfigure-3.5.10-sources.jar (225 kB at 7.3 MB/s)
2026.02.16 11:07:06 INFO  [INFO] SUCCESS: org.springframework.boot:spring-boot-test-autoconfigure:jar:3.5.10:test (sources = true)
2026.02.16 11:07:06 INFO  [INFO] Resolving artifact: org.awaitility:awaitility:jar:4.2.2:test (sources = false)
2026.02.16 11:07:06 INFO  [INFO] SUCCESS: org.awaitility:awaitility:jar:4.2.2:test (sources = false)
2026.02.16 11:07:06 INFO  [INFO] Resolving artifact: org.awaitility:awaitility:jar:4.2.2:test (sources = true)
2026.02.16 11:07:06 INFO  Downloading from central: https://repo.maven.apache.org/maven2/org/awaitility/awaitility/4.2.2/awaitility-4.2.2-sources.jar
2026.02.16 11:07:06 INFO  Progress (1): 7.7/79 kB
2026.02.16 11:07:06 INFO  Progress (1): 16/79 kB 
2026.02.16 11:07:06 INFO  Progress (1): 32/79 kB
2026.02.16 11:07:06 INFO  Progress (1): 49/79 kB
2026.02.16 11:07:06 INFO  Progress (1): 65/79 kB
2026.02.16 11:07:06 INFO  Progress (1): 79 kB   
2026.02.16 11:07:06 INFO                     
2026.02.16 11:07:06 INFO  Downloaded from central: https://repo.maven.apache.org/maven2/org/awaitility/awaitility/4.2.2/awaitility-4.2.2-sources.jar (79 kB at 2.7 MB/s)
2026.02.16 11:07:06 INFO  [INFO] SUCCESS: org.awaitility:awaitility:jar:4.2.2:test (sources = true)
2026.02.16 11:07:06 INFO  [INFO] Resolving artifact: com.fasterxml.jackson.core:jackson-databind:jar:2.19.4:compile (sources = false)
2026.02.16 11:07:06 INFO  [INFO] SUCCESS: com.fasterxml.jackson.core:jackson-databind:jar:2.19.4:compile (sources = false)
2026.02.16 11:07:06 INFO  [INFO] Resolving artifact: com.fasterxml.jackson.core:jackson-databind:jar:2.19.4:compile (sources = true)
2026.02.16 11:07:06 INFO  Downloading from central: https://repo.maven.apache.org/maven2/com/fasterxml/jackson/core/jackson-databind/2.19.4/jackson-databind-2.19.4-sources.jar
2026.02.16 11:07:06 INFO  Progress (1): 0/1.2 MB
2026.02.16 11:07:06 INFO  Progress (1): 0/1.2 MB
2026.02.16 11:07:06 INFO  Progress (1): 0/1.2 MB
2026.02.16 11:07:06 INFO  Progress (1): 0/1.2 MB
2026.02.16 11:07:06 INFO  Progress (1): 0.1/1.2 MB
2026.02.16 11:07:06 INFO  Progress (1): 0.1/1.2 MB
2026.02.16 11:07:06 INFO  Progress (1): 0.1/1.2 MB
2026.02.16 11:07:06 INFO  Progress (1): 0.1/1.2 MB
2026.02.16 11:07:06 INFO  Progress (1): 0.1/1.2 MB
2026.02.16 11:07:06 INFO  Progress (1): 0.1/1.2 MB
2026.02.16 11:07:06 INFO  Progress (1): 0.2/1.2 MB
2026.02.16 11:07:06 INFO  Progress (1): 0.2/1.2 MB
2026.02.16 11:07:06 INFO  Progress (1): 0.2/1.2 MB
2026.02.16 11:07:06 INFO  Progress (1): 0.2/1.2 MB
2026.02.16 11:07:06 INFO  Progress (1): 0.2/1.2 MB
2026.02.16 11:07:06 INFO  Progress (1): 0.2/1.2 MB
2026.02.16 11:07:06 INFO  Progress (1): 0.3/1.2 MB
2026.02.16 11:07:06 INFO  Progress (1): 0.3/1.2 MB
2026.02.16 11:07:06 INFO  Progress (1): 0.3/1.2 MB
2026.02.16 11:07:06 INFO  Progress (1): 0.3/1.2 MB
2026.02.16 11:07:06 INFO  Progress (1): 0.3/1.2 MB
2026.02.16 11:07:06 INFO  Progress (1): 0.3/1.2 MB
2026.02.16 11:07:06 INFO  Progress (1): 0.4/1.2 MB
2026.02.16 11:07:06 INFO  Progress (1): 0.4/1.2 MB
2026.02.16 11:07:06 INFO  Progress (1): 0.4/1.2 MB
2026.02.16 11:07:06 INFO  Progress (1): 0.4/1.2 MB
2026.02.16 11:07:06 INFO  Progress (1): 0.4/1.2 MB
2026.02.16 11:07:06 INFO  Progress (1): 0.4/1.2 MB
2026.02.16 11:07:06 INFO  Progress (1): 0.5/1.2 MB
2026.02.16 11:07:06 INFO  Progress (1): 0.5/1.2 MB
2026.02.16 11:07:06 INFO  Progress (1): 0.5/1.2 MB
2026.02.16 11:07:06 INFO  Progress (1): 0.5/1.2 MB
2026.02.16 11:07:06 INFO  Progress (1): 0.5/1.2 MB
2026.02.16 11:07:06 INFO  Progress (1): 0.5/1.2 MB
2026.02.16 11:07:06 INFO  Progress (1): 0.6/1.2 MB
2026.02.16 11:07:06 INFO  Progress (1): 0.6/1.2 MB
2026.02.16 11:07:06 INFO  Progress (1): 0.6/1.2 MB
2026.02.16 11:07:06 INFO  Progress (1): 0.6/1.2 MB
2026.02.16 11:07:06 INFO  Progress (1): 0.6/1.2 MB
2026.02.16 11:07:06 INFO  Progress (1): 0.6/1.2 MB
2026.02.16 11:07:06 INFO  Progress (1): 0.7/1.2 MB
2026.02.16 11:07:06 INFO  Progress (1): 0.7/1.2 MB
2026.02.16 11:07:06 INFO  Progress (1): 0.7/1.2 MB
2026.02.16 11:07:06 INFO  Progress (1): 0.7/1.2 MB
2026.02.16 11:07:06 INFO  Progress (1): 0.7/1.2 MB
2026.02.16 11:07:06 INFO  Progress (1): 0.7/1.2 MB
2026.02.16 11:07:06 INFO  Progress (1): 0.8/1.2 MB
2026.02.16 11:07:06 INFO  Progress (1): 0.8/1.2 MB
2026.02.16 11:07:06 INFO  Progress (1): 0.8/1.2 MB
2026.02.16 11:07:06 INFO  Progress (1): 0.8/1.2 MB
2026.02.16 11:07:06 INFO  Progress (1): 0.8/1.2 MB
2026.02.16 11:07:06 INFO  Progress (1): 0.8/1.2 MB
2026.02.16 11:07:06 INFO  Progress (1): 0.9/1.2 MB
2026.02.16 11:07:06 INFO  Progress (1): 0.9/1.2 MB
2026.02.16 11:07:06 INFO  Progress (1): 0.9/1.2 MB
2026.02.16 11:07:06 INFO  Progress (1): 0.9/1.2 MB
2026.02.16 11:07:06 INFO  Progress (1): 0.9/1.2 MB
2026.02.16 11:07:06 INFO  Progress (1): 0.9/1.2 MB
2026.02.16 11:07:06 INFO  Progress (1): 0.9/1.2 MB
2026.02.16 11:07:06 INFO  Progress (1): 1.0/1.2 MB
2026.02.16 11:07:06 INFO  Progress (1): 1.0/1.2 MB
2026.02.16 11:07:06 INFO  Progress (1): 1.0/1.2 MB
2026.02.16 11:07:06 INFO  Progress (1): 1.0/1.2 MB
2026.02.16 11:07:06 INFO  Progress (1): 1.0/1.2 MB
2026.02.16 11:07:06 INFO  Progress (1): 1.0/1.2 MB
2026.02.16 11:07:06 INFO  Progress (1): 1.1/1.2 MB
2026.02.16 11:07:06 INFO  Progress (1): 1.1/1.2 MB
2026.02.16 11:07:06 INFO  Progress (1): 1.1/1.2 MB
2026.02.16 11:07:06 INFO  Progress (1): 1.1/1.2 MB
2026.02.16 11:07:06 INFO  Progress (1): 1.1/1.2 MB
2026.02.16 11:07:06 INFO  Progress (1): 1.1/1.2 MB
2026.02.16 11:07:06 INFO  Progress (1): 1.2/1.2 MB
2026.02.16 11:07:06 INFO  Progress (1): 1.2/1.2 MB
2026.02.16 11:07:06 INFO  Progress (1): 1.2/1.2 MB
2026.02.16 11:07:06 INFO  Progress (1): 1.2/1.2 MB
2026.02.16 11:07:06 INFO  Progress (1): 1.2/1.2 MB
2026.02.16 11:07:06 INFO  Progress (1): 1.2 MB    
2026.02.16 11:07:06 INFO                      
2026.02.16 11:07:06 INFO  Downloaded from central: https://repo.maven.apache.org/maven2/com/fasterxml/jackson/core/jackson-databind/2.19.4/jackson-databind-2.19.4-sources.jar (1.2 MB at 20 MB/s)
2026.02.16 11:07:06 INFO  [INFO] SUCCESS: com.fasterxml.jackson.core:jackson-databind:jar:2.19.4:compile (sources = true)
2026.02.16 11:07:06 INFO  [INFO] Resolving artifact: org.springframework:spring-test:jar:6.2.15:test (sources = false)
2026.02.16 11:07:06 INFO  [INFO] SUCCESS: org.springframework:spring-test:jar:6.2.15:test (sources = false)
2026.02.16 11:07:06 INFO  [INFO] Resolving artifact: org.springframework:spring-test:jar:6.2.15:test (sources = true)
2026.02.16 11:07:06 INFO  Downloading from central: https://repo.maven.apache.org/maven2/org/springframework/spring-test/6.2.15/spring-test-6.2.15-sources.jar
2026.02.16 11:07:06 INFO  Progress (1): 7.7/814 kB
2026.02.16 11:07:06 INFO  Progress (1): 12/814 kB 
2026.02.16 11:07:06 INFO  Progress (1): 29/814 kB
2026.02.16 11:07:06 INFO  Progress (1): 45/814 kB
2026.02.16 11:07:06 INFO  Progress (1): 61/814 kB
2026.02.16 11:07:06 INFO  Progress (1): 78/814 kB
2026.02.16 11:07:06 INFO  Progress (1): 94/814 kB
2026.02.16 11:07:06 INFO  Progress (1): 111/814 kB
2026.02.16 11:07:06 INFO  Progress (1): 127/814 kB
2026.02.16 11:07:06 INFO  Progress (1): 131/814 kB
2026.02.16 11:07:06 INFO  Progress (1): 147/814 kB
2026.02.16 11:07:06 INFO  Progress (1): 164/814 kB
2026.02.16 11:07:06 INFO  Progress (1): 180/814 kB
2026.02.16 11:07:06 INFO  Progress (1): 197/814 kB
2026.02.16 11:07:06 INFO  Progress (1): 213/814 kB
2026.02.16 11:07:06 INFO  Progress (1): 229/814 kB
2026.02.16 11:07:06 INFO  Progress (1): 246/814 kB
2026.02.16 11:07:06 INFO  Progress (1): 262/814 kB
2026.02.16 11:07:06 INFO  Progress (1): 279/814 kB
2026.02.16 11:07:06 INFO  Progress (1): 295/814 kB
2026.02.16 11:07:06 INFO  Progress (1): 311/814 kB
2026.02.16 11:07:06 INFO  Progress (1): 328/814 kB
2026.02.16 11:07:06 INFO  Progress (1): 344/814 kB
2026.02.16 11:07:06 INFO  Progress (1): 360/814 kB
2026.02.16 11:07:06 INFO  Progress (1): 377/814 kB
2026.02.16 11:07:06 INFO  Progress (1): 393/814 kB
2026.02.16 11:07:06 INFO  Progress (1): 410/814 kB
2026.02.16 11:07:06 INFO  Progress (1): 426/814 kB
2026.02.16 11:07:06 INFO  Progress (1): 442/814 kB
2026.02.16 11:07:06 INFO  Progress (1): 459/814 kB
2026.02.16 11:07:06 INFO  Progress (1): 475/814 kB
2026.02.16 11:07:06 INFO  Progress (1): 492/814 kB
2026.02.16 11:07:06 INFO  Progress (1): 508/814 kB
2026.02.16 11:07:06 INFO  Progress (1): 524/814 kB
2026.02.16 11:07:06 INFO  Progress (1): 541/814 kB
2026.02.16 11:07:06 INFO  Progress (1): 557/814 kB
2026.02.16 11:07:06 INFO  Progress (1): 573/814 kB
2026.02.16 11:07:06 INFO  Progress (1): 590/814 kB
2026.02.16 11:07:06 INFO  Progress (1): 606/814 kB
2026.02.16 11:07:06 INFO  Progress (1): 623/814 kB
2026.02.16 11:07:06 INFO  Progress (1): 639/814 kB
2026.02.16 11:07:06 INFO  Progress (1): 655/814 kB
2026.02.16 11:07:06 INFO  Progress (1): 672/814 kB
2026.02.16 11:07:06 INFO  Progress (1): 688/814 kB
2026.02.16 11:07:06 INFO  Progress (1): 705/814 kB
2026.02.16 11:07:06 INFO  Progress (1): 721/814 kB
2026.02.16 11:07:06 INFO  Progress (1): 737/814 kB
2026.02.16 11:07:06 INFO  Progress (1): 754/814 kB
2026.02.16 11:07:06 INFO  Progress (1): 770/814 kB
2026.02.16 11:07:06 INFO  Progress (1): 786/814 kB
2026.02.16 11:07:06 INFO  Progress (1): 803/814 kB
2026.02.16 11:07:06 INFO  Progress (1): 814 kB    
2026.02.16 11:07:06 INFO                      
2026.02.16 11:07:06 INFO  Downloaded from central: https://repo.maven.apache.org/maven2/org/springframework/spring-test/6.2.15/spring-test-6.2.15-sources.jar (814 kB at 19 MB/s)
2026.02.16 11:07:06 INFO  [INFO] SUCCESS: org.springframework:spring-test:jar:6.2.15:test (sources = true)
2026.02.16 11:07:06 INFO  [INFO] Resolving artifact: org.springframework.boot:spring-boot-starter-logging:jar:3.5.10:compile (sources = false)
2026.02.16 11:07:06 INFO  [INFO] SUCCESS: org.springframework.boot:spring-boot-starter-logging:jar:3.5.10:compile (sources = false)
2026.02.16 11:07:06 INFO  [INFO] Resolving artifact: org.springframework.boot:spring-boot-starter-logging:jar:3.5.10:compile (sources = true)
2026.02.16 11:07:06 INFO  Downloading from central: https://repo.maven.apache.org/maven2/org/springframework/boot/spring-boot-starter-logging/3.5.10/spring-boot-starter-logging-3.5.10-sources.jar
2026.02.16 11:07:06 INFO  Progress (1): 2.0 kB
2026.02.16 11:07:06 INFO                      
2026.02.16 11:07:06 INFO  Downloaded from central: https://repo.maven.apache.org/maven2/org/springframework/boot/spring-boot-starter-logging/3.5.10/spring-boot-starter-logging-3.5.10-sources.jar (2.0 kB at 69 kB/s)
2026.02.16 11:07:06 INFO  [INFO] SUCCESS: org.springframework.boot:spring-boot-starter-logging:jar:3.5.10:compile (sources = true)
2026.02.16 11:07:06 INFO  [INFO] Resolving artifact: org.junit.jupiter:junit-jupiter:jar:5.12.2:test (sources = false)
2026.02.16 11:07:06 INFO  [INFO] SUCCESS: org.junit.jupiter:junit-jupiter:jar:5.12.2:test (sources = false)
2026.02.16 11:07:06 INFO  [INFO] Resolving artifact: org.junit.jupiter:junit-jupiter:jar:5.12.2:test (sources = true)
2026.02.16 11:07:06 INFO  Downloading from central: https://repo.maven.apache.org/maven2/org/junit/jupiter/junit-jupiter/5.12.2/junit-jupiter-5.12.2-sources.jar
2026.02.16 11:07:06 INFO  Progress (1): 6.1 kB
2026.02.16 11:07:06 INFO                      
2026.02.16 11:07:06 INFO  Downloaded from central: https://repo.maven.apache.org/maven2/org/junit/jupiter/junit-jupiter/5.12.2/junit-jupiter-5.12.2-sources.jar (6.1 kB at 226 kB/s)
2026.02.16 11:07:06 INFO  [INFO] SUCCESS: org.junit.jupiter:junit-jupiter:jar:5.12.2:test (sources = true)
2026.02.16 11:07:06 INFO  [INFO] Resolving artifact: org.springframework.boot:spring-boot-starter-test:jar:3.5.10:test (sources = false)
2026.02.16 11:07:06 INFO  [INFO] SUCCESS: org.springframework.boot:spring-boot-starter-test:jar:3.5.10:test (sources = false)
2026.02.16 11:07:06 INFO  [INFO] Resolving artifact: org.springframework.boot:spring-boot-starter-test:jar:3.5.10:test (sources = true)
2026.02.16 11:07:06 INFO  Downloading from central: https://repo.maven.apache.org/maven2/org/springframework/boot/spring-boot-starter-test/3.5.10/spring-boot-starter-test-3.5.10-sources.jar
2026.02.16 11:07:06 INFO  Progress (1): 2.0 kB
2026.02.16 11:07:06 INFO                      
2026.02.16 11:07:06 INFO  Downloaded from central: https://repo.maven.apache.org/maven2/org/springframework/boot/spring-boot-starter-test/3.5.10/spring-boot-starter-test-3.5.10-sources.jar (2.0 kB at 60 kB/s)
2026.02.16 11:07:06 INFO  [INFO] SUCCESS: org.springframework.boot:spring-boot-starter-test:jar:3.5.10:test (sources = true)
2026.02.16 11:07:06 INFO  [INFO] Resolving artifact: org.thymeleaf:thymeleaf-spring6:jar:3.1.3.RELEASE:compile (sources = false)
2026.02.16 11:07:06 INFO  [INFO] SUCCESS: org.thymeleaf:thymeleaf-spring6:jar:3.1.3.RELEASE:compile (sources = false)
2026.02.16 11:07:06 INFO  [INFO] Resolving artifact: org.thymeleaf:thymeleaf-spring6:jar:3.1.3.RELEASE:compile (sources = true)
2026.02.16 11:07:06 INFO  [INFO] SUCCESS: org.thymeleaf:thymeleaf-spring6:jar:3.1.3.RELEASE:compile (sources = true)
2026.02.16 11:07:06 INFO  [INFO] Resolving artifact: org.unbescape:unbescape:jar:1.1.6.RELEASE:compile (sources = false)
2026.02.16 11:07:06 INFO  [INFO] SUCCESS: org.unbescape:unbescape:jar:1.1.6.RELEASE:compile (sources = false)
2026.02.16 11:07:06 INFO  [INFO] Resolving artifact: org.unbescape:unbescape:jar:1.1.6.RELEASE:compile (sources = true)
2026.02.16 11:07:06 INFO  [INFO] SUCCESS: org.unbescape:unbescape:jar:1.1.6.RELEASE:compile (sources = true)
2026.02.16 11:07:06 INFO  [INFO] Resolving artifact: org.junit.platform:junit-platform-commons:jar:1.12.2:test (sources = false)
2026.02.16 11:07:06 INFO  [INFO] SUCCESS: org.junit.platform:junit-platform-commons:jar:1.12.2:test (sources = false)
2026.02.16 11:07:06 INFO  [INFO] Resolving artifact: org.junit.platform:junit-platform-commons:jar:1.12.2:test (sources = true)
2026.02.16 11:07:06 INFO  Downloading from central: https://repo.maven.apache.org/maven2/org/junit/platform/junit-platform-commons/1.12.2/junit-platform-commons-1.12.2-sources.jar
2026.02.16 11:07:06 INFO  Progress (1): 7.7/103 kB
2026.02.16 11:07:06 INFO  Progress (1): 16/103 kB 
2026.02.16 11:07:06 INFO  Progress (1): 32/103 kB
2026.02.16 11:07:06 INFO  Progress (1): 49/103 kB
2026.02.16 11:07:06 INFO  Progress (1): 65/103 kB
2026.02.16 11:07:06 INFO  Progress (1): 81/103 kB
2026.02.16 11:07:06 INFO  Progress (1): 98/103 kB
2026.02.16 11:07:06 INFO  Progress (1): 103 kB   
2026.02.16 11:07:06 INFO                      
2026.02.16 11:07:06 INFO  Downloaded from central: https://repo.maven.apache.org/maven2/org/junit/platform/junit-platform-commons/1.12.2/junit-platform-commons-1.12.2-sources.jar (103 kB at 2.3 MB/s)
2026.02.16 11:07:06 INFO  [INFO] SUCCESS: org.junit.platform:junit-platform-commons:jar:1.12.2:test (sources = true)
2026.02.16 11:07:06 INFO  [INFO] Resolving artifact: net.bytebuddy:byte-buddy:jar:1.17.8:test (sources = false)
2026.02.16 11:07:06 INFO  [INFO] SUCCESS: net.bytebuddy:byte-buddy:jar:1.17.8:test (sources = false)
2026.02.16 11:07:06 INFO  [INFO] Resolving artifact: net.bytebuddy:byte-buddy:jar:1.17.8:test (sources = true)
2026.02.16 11:07:06 INFO  [INFO] SUCCESS: net.bytebuddy:byte-buddy:jar:1.17.8:test (sources = true)
2026.02.16 11:07:06 INFO  [INFO] Resolving artifact: org.apache.tomcat.embed:tomcat-embed-websocket:jar:10.1.50:compile (sources = false)
2026.02.16 11:07:06 INFO  [INFO] SUCCESS: org.apache.tomcat.embed:tomcat-embed-websocket:jar:10.1.50:compile (sources = false)
2026.02.16 11:07:06 INFO  [INFO] Resolving artifact: org.apache.tomcat.embed:tomcat-embed-websocket:jar:10.1.50:compile (sources = true)
2026.02.16 11:07:06 INFO  Downloading from central: https://repo.maven.apache.org/maven2/org/apache/tomcat/embed/tomcat-embed-websocket/10.1.50/tomcat-embed-websocket-10.1.50-sources.jar
2026.02.16 11:07:06 INFO  Progress (1): 7.7/249 kB
2026.02.16 11:07:06 INFO  Progress (1): 16/249 kB 
2026.02.16 11:07:06 INFO  Progress (1): 32/249 kB
2026.02.16 11:07:06 INFO  Progress (1): 49/249 kB
2026.02.16 11:07:06 INFO  Progress (1): 65/249 kB
2026.02.16 11:07:06 INFO  Progress (1): 81/249 kB
2026.02.16 11:07:06 INFO  Progress (1): 98/249 kB
2026.02.16 11:07:06 INFO  Progress (1): 114/249 kB
2026.02.16 11:07:06 INFO  Progress (1): 131/249 kB
2026.02.16 11:07:06 INFO  Progress (1): 147/249 kB
2026.02.16 11:07:06 INFO  Progress (1): 163/249 kB
2026.02.16 11:07:06 INFO  Progress (1): 180/249 kB
2026.02.16 11:07:06 INFO  Progress (1): 196/249 kB
2026.02.16 11:07:06 INFO  Progress (1): 213/249 kB
2026.02.16 11:07:06 INFO  Progress (1): 229/249 kB
2026.02.16 11:07:06 INFO  Progress (1): 245/249 kB
2026.02.16 11:07:06 INFO  Progress (1): 249 kB    
2026.02.16 11:07:06 INFO                      
2026.02.16 11:07:06 INFO  Downloaded from central: https://repo.maven.apache.org/maven2/org/apache/tomcat/embed/tomcat-embed-websocket/10.1.50/tomcat-embed-websocket-10.1.50-sources.jar (249 kB at 7.6 MB/s)
2026.02.16 11:07:06 INFO  [INFO] SUCCESS: org.apache.tomcat.embed:tomcat-embed-websocket:jar:10.1.50:compile (sources = true)
2026.02.16 11:07:06 INFO  [INFO] Resolving artifact: org.springframework:spring-web:jar:6.2.15:compile (sources = false)
2026.02.16 11:07:06 INFO  [INFO] SUCCESS: org.springframework:spring-web:jar:6.2.15:compile (sources = false)
2026.02.16 11:07:06 INFO  [INFO] Resolving artifact: org.springframework:spring-web:jar:6.2.15:compile (sources = true)
2026.02.16 11:07:06 INFO  [INFO] SUCCESS: org.springframework:spring-web:jar:6.2.15:compile (sources = true)
2026.02.16 11:07:06 INFO  [INFO] Resolving artifact: org.apache.tomcat.embed:tomcat-embed-core:jar:10.1.50:compile (sources = false)
2026.02.16 11:07:06 INFO  [INFO] SUCCESS: org.apache.tomcat.embed:tomcat-embed-core:jar:10.1.50:compile (sources = false)
2026.02.16 11:07:06 INFO  [INFO] Resolving artifact: org.apache.tomcat.embed:tomcat-embed-core:jar:10.1.50:compile (sources = true)
2026.02.16 11:07:06 INFO  Downloading from central: https://repo.maven.apache.org/maven2/org/apache/tomcat/embed/tomcat-embed-core/10.1.50/tomcat-embed-core-10.1.50-sources.jar
2026.02.16 11:07:06 INFO  Progress (1): 0/3.8 MB
2026.02.16 11:07:06 INFO  Progress (1): 0/3.8 MB
2026.02.16 11:07:06 INFO  Progress (1): 0/3.8 MB
2026.02.16 11:07:06 INFO  Progress (1): 0/3.8 MB
2026.02.16 11:07:06 INFO  Progress (1): 0.1/3.8 MB
2026.02.16 11:07:06 INFO  Progress (1): 0.1/3.8 MB
2026.02.16 11:07:06 INFO  Progress (1): 0.1/3.8 MB
2026.02.16 11:07:06 INFO  Progress (1): 0.1/3.8 MB
2026.02.16 11:07:06 INFO  Progress (1): 0.1/3.8 MB
2026.02.16 11:07:06 INFO  Progress (1): 0.1/3.8 MB
2026.02.16 11:07:06 INFO  Progress (1): 0.1/3.8 MB
2026.02.16 11:07:06 INFO  Progress (1): 0.2/3.8 MB
2026.02.16 11:07:06 INFO  Progress (1): 0.2/3.8 MB
2026.02.16 11:07:06 INFO  Progress (1): 0.2/3.8 MB
2026.02.16 11:07:06 INFO  Progress (1): 0.2/3.8 MB
2026.02.16 11:07:06 INFO  Progress (1): 0.2/3.8 MB
2026.02.16 11:07:06 INFO  Progress (1): 0.2/3.8 MB
2026.02.16 11:07:06 INFO  Progress (1): 0.2/3.8 MB
2026.02.16 11:07:06 INFO  Progress (1): 0.3/3.8 MB
2026.02.16 11:07:06 INFO  Progress (1): 0.3/3.8 MB
2026.02.16 11:07:06 INFO  Progress (1): 0.3/3.8 MB
2026.02.16 11:07:06 INFO  Progress (1): 0.3/3.8 MB
2026.02.16 11:07:06 INFO  Progress (1): 0.3/3.8 MB
2026.02.16 11:07:06 INFO  Progress (1): 0.3/3.8 MB
2026.02.16 11:07:06 INFO  Progress (1): 0.4/3.8 MB
2026.02.16 11:07:06 INFO  Progress (1): 0.4/3.8 MB
2026.02.16 11:07:06 INFO  Progress (1): 0.4/3.8 MB
2026.02.16 11:07:06 INFO  Progress (1): 0.4/3.8 MB
2026.02.16 11:07:06 INFO  Progress (1): 0.4/3.8 MB
2026.02.16 11:07:06 INFO  Progress (1): 0.4/3.8 MB
2026.02.16 11:07:06 INFO  Progress (1): 0.5/3.8 MB
2026.02.16 11:07:06 INFO  Progress (1): 0.5/3.8 MB
2026.02.16 11:07:06 INFO  Progress (1): 0.5/3.8 MB
2026.02.16 11:07:06 INFO  Progress (1): 0.5/3.8 MB
2026.02.16 11:07:06 INFO  Progress (1): 0.5/3.8 MB
2026.02.16 11:07:06 INFO  Progress (1): 0.5/3.8 MB
2026.02.16 11:07:06 INFO  Progress (1): 0.6/3.8 MB
2026.02.16 11:07:06 INFO  Progress (1): 0.6/3.8 MB
2026.02.16 11:07:06 INFO  Progress (1): 0.6/3.8 MB
2026.02.16 11:07:06 INFO  Progress (1): 0.6/3.8 MB
2026.02.16 11:07:06 INFO  Progress (1): 0.6/3.8 MB
2026.02.16 11:07:06 INFO  Progress (1): 0.6/3.8 MB
2026.02.16 11:07:06 INFO  Progress (1): 0.7/3.8 MB
2026.02.16 11:07:06 INFO  Progress (1): 0.7/3.8 MB
2026.02.16 11:07:06 INFO  Progress (1): 0.7/3.8 MB
2026.02.16 11:07:06 INFO  Progress (1): 0.7/3.8 MB
2026.02.16 11:07:06 INFO  Progress (1): 0.7/3.8 MB
2026.02.16 11:07:06 INFO  Progress (1): 0.7/3.8 MB
2026.02.16 11:07:06 INFO  Progress (1): 0.8/3.8 MB
2026.02.16 11:07:06 INFO  Progress (1): 0.8/3.8 MB
2026.02.16 11:07:06 INFO  Progress (1): 0.8/3.8 MB
2026.02.16 11:07:06 INFO  Progress (1): 0.8/3.8 MB
2026.02.16 11:07:06 INFO  Progress (1): 0.8/3.8 MB
2026.02.16 11:07:06 INFO  Progress (1): 0.8/3.8 MB
2026.02.16 11:07:06 INFO  Progress (1): 0.9/3.8 MB
2026.02.16 11:07:06 INFO  Progress (1): 0.9/3.8 MB
2026.02.16 11:07:06 INFO  Progress (1): 0.9/3.8 MB
2026.02.16 11:07:06 INFO  Progress (1): 0.9/3.8 MB
2026.02.16 11:07:06 INFO  Progress (1): 0.9/3.8 MB
2026.02.16 11:07:06 INFO  Progress (1): 0.9/3.8 MB
2026.02.16 11:07:06 INFO  Progress (1): 1.0/3.8 MB
2026.02.16 11:07:06 INFO  Progress (1): 1.0/3.8 MB
2026.02.16 11:07:06 INFO  Progress (1): 1.0/3.8 MB
2026.02.16 11:07:06 INFO  Progress (1): 1.0/3.8 MB
2026.02.16 11:07:06 INFO  Progress (1): 1.0/3.8 MB
2026.02.16 11:07:06 INFO  Progress (1): 1.0/3.8 MB
2026.02.16 11:07:06 INFO  Progress (1): 1.0/3.8 MB
2026.02.16 11:07:06 INFO  Progress (1): 1.1/3.8 MB
2026.02.16 11:07:06 INFO  Progress (1): 1.1/3.8 MB
2026.02.16 11:07:06 INFO  Progress (1): 1.1/3.8 MB
2026.02.16 11:07:06 INFO  Progress (1): 1.1/3.8 MB
2026.02.16 11:07:06 INFO  Progress (1): 1.1/3.8 MB
2026.02.16 11:07:06 INFO  Progress (1): 1.1/3.8 MB
2026.02.16 11:07:06 INFO  Progress (1): 1.2/3.8 MB
2026.02.16 11:07:06 INFO  Progress (1): 1.2/3.8 MB
2026.02.16 11:07:06 INFO  Progress (1): 1.2/3.8 MB
2026.02.16 11:07:06 INFO  Progress (1): 1.2/3.8 MB
2026.02.16 11:07:06 INFO  Progress (1): 1.2/3.8 MB
2026.02.16 11:07:06 INFO  Progress (1): 1.2/3.8 MB
2026.02.16 11:07:06 INFO  Progress (1): 1.2/3.8 MB
2026.02.16 11:07:06 INFO  Progress (1): 1.3/3.8 MB
2026.02.16 11:07:06 INFO  Progress (1): 1.3/3.8 MB
2026.02.16 11:07:06 INFO  Progress (1): 1.3/3.8 MB
2026.02.16 11:07:06 INFO  Progress (1): 1.3/3.8 MB
2026.02.16 11:07:06 INFO  Progress (1): 1.3/3.8 MB
2026.02.16 11:07:06 INFO  Progress (1): 1.3/3.8 MB
2026.02.16 11:07:06 INFO  Progress (1): 1.4/3.8 MB
2026.02.16 11:07:06 INFO  Progress (1): 1.4/3.8 MB
2026.02.16 11:07:06 INFO  Progress (1): 1.4/3.8 MB
2026.02.16 11:07:06 INFO  Progress (1): 1.4/3.8 MB
2026.02.16 11:07:06 INFO  Progress (1): 1.4/3.8 MB
2026.02.16 11:07:06 INFO  Progress (1): 1.4/3.8 MB
2026.02.16 11:07:06 INFO  Progress (1): 1.5/3.8 MB
2026.02.16 11:07:06 INFO  Progress (1): 1.5/3.8 MB
2026.02.16 11:07:06 INFO  Progress (1): 1.5/3.8 MB
2026.02.16 11:07:06 INFO  Progress (1): 1.5/3.8 MB
2026.02.16 11:07:06 INFO  Progress (1): 1.5/3.8 MB
2026.02.16 11:07:06 INFO  Progress (1): 1.5/3.8 MB
2026.02.16 11:07:06 INFO  Progress (1): 1.6/3.8 MB
2026.02.16 11:07:06 INFO  Progress (1): 1.6/3.8 MB
2026.02.16 11:07:06 INFO  Progress (1): 1.6/3.8 MB
2026.02.16 11:07:06 INFO  Progress (1): 1.6/3.8 MB
2026.02.16 11:07:06 INFO  Progress (1): 1.6/3.8 MB
2026.02.16 11:07:06 INFO  Progress (1): 1.6/3.8 MB
2026.02.16 11:07:06 INFO  Progress (1): 1.7/3.8 MB
2026.02.16 11:07:06 INFO  Progress (1): 1.7/3.8 MB
2026.02.16 11:07:06 INFO  Progress (1): 1.7/3.8 MB
2026.02.16 11:07:06 INFO  Progress (1): 1.7/3.8 MB
2026.02.16 11:07:06 INFO  Progress (1): 1.7/3.8 MB
2026.02.16 11:07:06 INFO  Progress (1): 1.7/3.8 MB
2026.02.16 11:07:06 INFO  Progress (1): 1.7/3.8 MB
2026.02.16 11:07:06 INFO  Progress (1): 1.8/3.8 MB
2026.02.16 11:07:06 INFO  Progress (1): 1.8/3.8 MB
2026.02.16 11:07:06 INFO  Progress (1): 1.8/3.8 MB
2026.02.16 11:07:06 INFO  Progress (1): 1.8/3.8 MB
2026.02.16 11:07:06 INFO  Progress (1): 1.8/3.8 MB
2026.02.16 11:07:06 INFO  Progress (1): 1.8/3.8 MB
2026.02.16 11:07:06 INFO  Progress (1): 1.9/3.8 MB
2026.02.16 11:07:06 INFO  Progress (1): 1.9/3.8 MB
2026.02.16 11:07:06 INFO  Progress (1): 1.9/3.8 MB
2026.02.16 11:07:06 INFO  Progress (1): 1.9/3.8 MB
2026.02.16 11:07:06 INFO  Progress (1): 1.9/3.8 MB
2026.02.16 11:07:06 INFO  Progress (1): 1.9/3.8 MB
2026.02.16 11:07:06 INFO  Progress (1): 2.0/3.8 MB
2026.02.16 11:07:06 INFO  Progress (1): 2.0/3.8 MB
2026.02.16 11:07:06 INFO  Progress (1): 2.0/3.8 MB
2026.02.16 11:07:06 INFO  Progress (1): 2.0/3.8 MB
2026.02.16 11:07:06 INFO  Progress (1): 2.0/3.8 MB
2026.02.16 11:07:06 INFO  Progress (1): 2.0/3.8 MB
2026.02.16 11:07:06 INFO  Progress (1): 2.1/3.8 MB
2026.02.16 11:07:06 INFO  Progress (1): 2.1/3.8 MB
2026.02.16 11:07:06 INFO  Progress (1): 2.1/3.8 MB
2026.02.16 11:07:06 INFO  Progress (1): 2.1/3.8 MB
2026.02.16 11:07:06 INFO  Progress (1): 2.1/3.8 MB
2026.02.16 11:07:06 INFO  Progress (1): 2.1/3.8 MB
2026.02.16 11:07:06 INFO  Progress (1): 2.2/3.8 MB
2026.02.16 11:07:06 INFO  Progress (1): 2.2/3.8 MB
2026.02.16 11:07:06 INFO  Progress (1): 2.2/3.8 MB
2026.02.16 11:07:06 INFO  Progress (1): 2.2/3.8 MB
2026.02.16 11:07:06 INFO  Progress (1): 2.2/3.8 MB
2026.02.16 11:07:06 INFO  Progress (1): 2.2/3.8 MB
2026.02.16 11:07:06 INFO  Progress (1): 2.3/3.8 MB
2026.02.16 11:07:06 INFO  Progress (1): 2.3/3.8 MB
2026.02.16 11:07:06 INFO  Progress (1): 2.3/3.8 MB
2026.02.16 11:07:06 INFO  Progress (1): 2.3/3.8 MB
2026.02.16 11:07:06 INFO  Progress (1): 2.3/3.8 MB
2026.02.16 11:07:06 INFO  Progress (1): 2.3/3.8 MB
2026.02.16 11:07:06 INFO  Progress (1): 2.4/3.8 MB
2026.02.16 11:07:06 INFO  Progress (1): 2.4/3.8 MB
2026.02.16 11:07:06 INFO  Progress (1): 2.4/3.8 MB
2026.02.16 11:07:06 INFO  Progress (1): 2.4/3.8 MB
2026.02.16 11:07:06 INFO  Progress (1): 2.4/3.8 MB
2026.02.16 11:07:06 INFO  Progress (1): 2.4/3.8 MB
2026.02.16 11:07:06 INFO  Progress (1): 2.4/3.8 MB
2026.02.16 11:07:06 INFO  Progress (1): 2.5/3.8 MB
2026.02.16 11:07:06 INFO  Progress (1): 2.5/3.8 MB
2026.02.16 11:07:06 INFO  Progress (1): 2.5/3.8 MB
2026.02.16 11:07:06 INFO  Progress (1): 2.5/3.8 MB
2026.02.16 11:07:06 INFO  Progress (1): 2.5/3.8 MB
2026.02.16 11:07:06 INFO  Progress (1): 2.5/3.8 MB
2026.02.16 11:07:06 INFO  Progress (1): 2.6/3.8 MB
2026.02.16 11:07:06 INFO  Progress (1): 2.6/3.8 MB
2026.02.16 11:07:06 INFO  Progress (1): 2.6/3.8 MB
2026.02.16 11:07:06 INFO  Progress (1): 2.6/3.8 MB
2026.02.16 11:07:06 INFO  Progress (1): 2.6/3.8 MB
2026.02.16 11:07:06 INFO  Progress (1): 2.6/3.8 MB
2026.02.16 11:07:06 INFO  Progress (1): 2.7/3.8 MB
2026.02.16 11:07:06 INFO  Progress (1): 2.7/3.8 MB
2026.02.16 11:07:06 INFO  Progress (1): 2.7/3.8 MB
2026.02.16 11:07:06 INFO  Progress (1): 2.7/3.8 MB
2026.02.16 11:07:06 INFO  Progress (1): 2.7/3.8 MB
2026.02.16 11:07:06 INFO  Progress (1): 2.7/3.8 MB
2026.02.16 11:07:06 INFO  Progress (1): 2.8/3.8 MB
2026.02.16 11:07:06 INFO  Progress (1): 2.8/3.8 MB
2026.02.16 11:07:06 INFO  Progress (1): 2.8/3.8 MB
2026.02.16 11:07:06 INFO  Progress (1): 2.8/3.8 MB
2026.02.16 11:07:06 INFO  Progress (1): 2.8/3.8 MB
2026.02.16 11:07:06 INFO  Progress (1): 2.8/3.8 MB
2026.02.16 11:07:06 INFO  Progress (1): 2.9/3.8 MB
2026.02.16 11:07:06 INFO  Progress (1): 2.9/3.8 MB
2026.02.16 11:07:06 INFO  Progress (1): 2.9/3.8 MB
2026.02.16 11:07:06 INFO  Progress (1): 2.9/3.8 MB
2026.02.16 11:07:06 INFO  Progress (1): 2.9/3.8 MB
2026.02.16 11:07:06 INFO  Progress (1): 2.9/3.8 MB
2026.02.16 11:07:06 INFO  Progress (1): 3.0/3.8 MB
2026.02.16 11:07:06 INFO  Progress (1): 3.0/3.8 MB
2026.02.16 11:07:06 INFO  Progress (1): 3.0/3.8 MB
2026.02.16 11:07:06 INFO  Progress (1): 3.0/3.8 MB
2026.02.16 11:07:06 INFO  Progress (1): 3.0/3.8 MB
2026.02.16 11:07:06 INFO  Progress (1): 3.0/3.8 MB
2026.02.16 11:07:06 INFO  Progress (1): 3.0/3.8 MB
2026.02.16 11:07:06 INFO  Progress (1): 3.1/3.8 MB
2026.02.16 11:07:06 INFO  Progress (1): 3.1/3.8 MB
2026.02.16 11:07:06 INFO  Progress (1): 3.1/3.8 MB
2026.02.16 11:07:06 INFO  Progress (1): 3.1/3.8 MB
2026.02.16 11:07:06 INFO  Progress (1): 3.1/3.8 MB
2026.02.16 11:07:06 INFO  Progress (1): 3.1/3.8 MB
2026.02.16 11:07:06 INFO  Progress (1): 3.2/3.8 MB
2026.02.16 11:07:06 INFO  Progress (1): 3.2/3.8 MB
2026.02.16 11:07:06 INFO  Progress (1): 3.2/3.8 MB
2026.02.16 11:07:06 INFO  Progress (1): 3.2/3.8 MB
2026.02.16 11:07:06 INFO  Progress (1): 3.2/3.8 MB
2026.02.16 11:07:06 INFO  Progress (1): 3.2/3.8 MB
2026.02.16 11:07:06 INFO  Progress (1): 3.3/3.8 MB
2026.02.16 11:07:06 INFO  Progress (1): 3.3/3.8 MB
2026.02.16 11:07:06 INFO  Progress (1): 3.3/3.8 MB
2026.02.16 11:07:06 INFO  Progress (1): 3.3/3.8 MB
2026.02.16 11:07:06 INFO  Progress (1): 3.3/3.8 MB
2026.02.16 11:07:06 INFO  Progress (1): 3.3/3.8 MB
2026.02.16 11:07:06 INFO  Progress (1): 3.4/3.8 MB
2026.02.16 11:07:06 INFO  Progress (1): 3.4/3.8 MB
2026.02.16 11:07:06 INFO  Progress (1): 3.4/3.8 MB
2026.02.16 11:07:06 INFO  Progress (1): 3.4/3.8 MB
2026.02.16 11:07:06 INFO  Progress (1): 3.4/3.8 MB
2026.02.16 11:07:06 INFO  Progress (1): 3.4/3.8 MB
2026.02.16 11:07:06 INFO  Progress (1): 3.5/3.8 MB
2026.02.16 11:07:06 INFO  Progress (1): 3.5/3.8 MB
2026.02.16 11:07:06 INFO  Progress (1): 3.5/3.8 MB
2026.02.16 11:07:06 INFO  Progress (1): 3.5/3.8 MB
2026.02.16 11:07:06 INFO  Progress (1): 3.5/3.8 MB
2026.02.16 11:07:06 INFO  Progress (1): 3.5/3.8 MB
2026.02.16 11:07:06 INFO  Progress (1): 3.6/3.8 MB
2026.02.16 11:07:06 INFO  Progress (1): 3.6/3.8 MB
2026.02.16 11:07:06 INFO  Progress (1): 3.6/3.8 MB
2026.02.16 11:07:06 INFO  Progress (1): 3.6/3.8 MB
2026.02.16 11:07:06 INFO  Progress (1): 3.6/3.8 MB
2026.02.16 11:07:06 INFO  Progress (1): 3.6/3.8 MB
2026.02.16 11:07:06 INFO  Progress (1): 3.6/3.8 MB
2026.02.16 11:07:06 INFO  Progress (1): 3.7/3.8 MB
2026.02.16 11:07:06 INFO  Progress (1): 3.7/3.8 MB
2026.02.16 11:07:06 INFO  Progress (1): 3.7/3.8 MB
2026.02.16 11:07:06 INFO  Progress (1): 3.7/3.8 MB
2026.02.16 11:07:06 INFO  Progress (1): 3.7/3.8 MB
2026.02.16 11:07:06 INFO  Progress (1): 3.7/3.8 MB
2026.02.16 11:07:06 INFO  Progress (1): 3.8 MB    
2026.02.16 11:07:06 INFO                      
2026.02.16 11:07:06 INFO  Downloaded from central: https://repo.maven.apache.org/maven2/org/apache/tomcat/embed/tomcat-embed-core/10.1.50/tomcat-embed-core-10.1.50-sources.jar (3.8 MB at 30 MB/s)
2026.02.16 11:07:06 INFO  [INFO] SUCCESS: org.apache.tomcat.embed:tomcat-embed-core:jar:10.1.50:compile (sources = true)
2026.02.16 11:07:06 INFO  [INFO] Resolving artifact: com.jayway.jsonpath:json-path:jar:2.9.0:test (sources = false)
2026.02.16 11:07:06 INFO  [INFO] SUCCESS: com.jayway.jsonpath:json-path:jar:2.9.0:test (sources = false)
2026.02.16 11:07:06 INFO  [INFO] Resolving artifact: com.jayway.jsonpath:json-path:jar:2.9.0:test (sources = true)
2026.02.16 11:07:06 INFO  [INFO] SUCCESS: com.jayway.jsonpath:json-path:jar:2.9.0:test (sources = true)
2026.02.16 11:07:06 INFO  [INFO] Resolving artifact: org.springframework.boot:spring-boot:jar:3.5.10:compile (sources = false)
2026.02.16 11:07:06 INFO  [INFO] SUCCESS: org.springframework.boot:spring-boot:jar:3.5.10:compile (sources = false)
2026.02.16 11:07:06 INFO  [INFO] Resolving artifact: org.springframework.boot:spring-boot:jar:3.5.10:compile (sources = true)
2026.02.16 11:07:06 INFO  Downloading from central: https://repo.maven.apache.org/maven2/org/springframework/boot/spring-boot/3.5.10/spring-boot-3.5.10-sources.jar
2026.02.16 11:07:06 INFO  Progress (1): 0/1.2 MB
2026.02.16 11:07:06 INFO  Progress (1): 0/1.2 MB
2026.02.16 11:07:06 INFO  Progress (1): 0/1.2 MB
2026.02.16 11:07:06 INFO  Progress (1): 0/1.2 MB
2026.02.16 11:07:06 INFO  Progress (1): 0.1/1.2 MB
2026.02.16 11:07:06 INFO  Progress (1): 0.1/1.2 MB
2026.02.16 11:07:06 INFO  Progress (1): 0.1/1.2 MB
2026.02.16 11:07:06 INFO  Progress (1): 0.1/1.2 MB
2026.02.16 11:07:06 INFO  Progress (1): 0.1/1.2 MB
2026.02.16 11:07:06 INFO  Progress (1): 0.1/1.2 MB
2026.02.16 11:07:06 INFO  Progress (1): 0.2/1.2 MB
2026.02.16 11:07:06 INFO  Progress (1): 0.2/1.2 MB
2026.02.16 11:07:06 INFO  Progress (1): 0.2/1.2 MB
2026.02.16 11:07:06 INFO  Progress (1): 0.2/1.2 MB
2026.02.16 11:07:06 INFO  Progress (1): 0.2/1.2 MB
2026.02.16 11:07:06 INFO  Progress (1): 0.2/1.2 MB
2026.02.16 11:07:06 INFO  Progress (1): 0.3/1.2 MB
2026.02.16 11:07:06 INFO  Progress (1): 0.3/1.2 MB
2026.02.16 11:07:06 INFO  Progress (1): 0.3/1.2 MB
2026.02.16 11:07:06 INFO  Progress (1): 0.3/1.2 MB
2026.02.16 11:07:06 INFO  Progress (1): 0.3/1.2 MB
2026.02.16 11:07:06 INFO  Progress (1): 0.3/1.2 MB
2026.02.16 11:07:06 INFO  Progress (1): 0.4/1.2 MB
2026.02.16 11:07:06 INFO  Progress (1): 0.4/1.2 MB
2026.02.16 11:07:06 INFO  Progress (1): 0.4/1.2 MB
2026.02.16 11:07:06 INFO  Progress (1): 0.4/1.2 MB
2026.02.16 11:07:06 INFO  Progress (1): 0.4/1.2 MB
2026.02.16 11:07:06 INFO  Progress (1): 0.4/1.2 MB
2026.02.16 11:07:06 INFO  Progress (1): 0.5/1.2 MB
2026.02.16 11:07:06 INFO  Progress (1): 0.5/1.2 MB
2026.02.16 11:07:06 INFO  Progress (1): 0.5/1.2 MB
2026.02.16 11:07:06 INFO  Progress (1): 0.5/1.2 MB
2026.02.16 11:07:06 INFO  Progress (1): 0.5/1.2 MB
2026.02.16 11:07:06 INFO  Progress (1): 0.5/1.2 MB
2026.02.16 11:07:06 INFO  Progress (1): 0.5/1.2 MB
2026.02.16 11:07:06 INFO  Progress (1): 0.6/1.2 MB
2026.02.16 11:07:06 INFO  Progress (1): 0.6/1.2 MB
2026.02.16 11:07:06 INFO  Progress (1): 0.6/1.2 MB
2026.02.16 11:07:06 INFO  Progress (1): 0.6/1.2 MB
2026.02.16 11:07:06 INFO  Progress (1): 0.6/1.2 MB
2026.02.16 11:07:06 INFO  Progress (1): 0.6/1.2 MB
2026.02.16 11:07:06 INFO  Progress (1): 0.7/1.2 MB
2026.02.16 11:07:06 INFO  Progress (1): 0.7/1.2 MB
2026.02.16 11:07:06 INFO  Progress (1): 0.7/1.2 MB
2026.02.16 11:07:06 INFO  Progress (1): 0.7/1.2 MB
2026.02.16 11:07:06 INFO  Progress (1): 0.7/1.2 MB
2026.02.16 11:07:06 INFO  Progress (1): 0.7/1.2 MB
2026.02.16 11:07:06 INFO  Progress (1): 0.8/1.2 MB
2026.02.16 11:07:06 INFO  Progress (1): 0.8/1.2 MB
2026.02.16 11:07:06 INFO  Progress (1): 0.8/1.2 MB
2026.02.16 11:07:06 INFO  Progress (1): 0.8/1.2 MB
2026.02.16 11:07:06 INFO  Progress (1): 0.8/1.2 MB
2026.02.16 11:07:06 INFO  Progress (1): 0.8/1.2 MB
2026.02.16 11:07:06 INFO  Progress (1): 0.9/1.2 MB
2026.02.16 11:07:06 INFO  Progress (1): 0.9/1.2 MB
2026.02.16 11:07:06 INFO  Progress (1): 0.9/1.2 MB
2026.02.16 11:07:06 INFO  Progress (1): 0.9/1.2 MB
2026.02.16 11:07:06 INFO  Progress (1): 0.9/1.2 MB
2026.02.16 11:07:06 INFO  Progress (1): 0.9/1.2 MB
2026.02.16 11:07:06 INFO  Progress (1): 0.9/1.2 MB
2026.02.16 11:07:06 INFO  Progress (1): 1.0/1.2 MB
2026.02.16 11:07:06 INFO  Progress (1): 1.0/1.2 MB
2026.02.16 11:07:06 INFO  Progress (1): 1.0/1.2 MB
2026.02.16 11:07:06 INFO  Progress (1): 1.0/1.2 MB
2026.02.16 11:07:06 INFO  Progress (1): 1.0/1.2 MB
2026.02.16 11:07:06 INFO  Progress (1): 1.0/1.2 MB
2026.02.16 11:07:06 INFO  Progress (1): 1.1/1.2 MB
2026.02.16 11:07:06 INFO  Progress (1): 1.1/1.2 MB
2026.02.16 11:07:06 INFO  Progress (1): 1.1/1.2 MB
2026.02.16 11:07:06 INFO  Progress (1): 1.1/1.2 MB
2026.02.16 11:07:06 INFO  Progress (1): 1.1/1.2 MB
2026.02.16 11:07:06 INFO  Progress (1): 1.1/1.2 MB
2026.02.16 11:07:06 INFO  Progress (1): 1.2/1.2 MB
2026.02.16 11:07:06 INFO  Progress (1): 1.2/1.2 MB
2026.02.16 11:07:06 INFO  Progress (1): 1.2/1.2 MB
2026.02.16 11:07:06 INFO  Progress (1): 1.2/1.2 MB
2026.02.16 11:07:06 INFO  Progress (1): 1.2/1.2 MB
2026.02.16 11:07:06 INFO  Progress (1): 1.2/1.2 MB
2026.02.16 11:07:06 INFO  Progress (1): 1.2 MB    
2026.02.16 11:07:06 INFO                      
2026.02.16 11:07:06 INFO  Downloaded from central: https://repo.maven.apache.org/maven2/org/springframework/boot/spring-boot/3.5.10/spring-boot-3.5.10-sources.jar (1.2 MB at 22 MB/s)
2026.02.16 11:07:06 INFO  [INFO] SUCCESS: org.springframework.boot:spring-boot:jar:3.5.10:compile (sources = true)
2026.02.16 11:07:06 INFO  [INFO] Resolving artifact: jakarta.activation:jakarta.activation-api:jar:2.1.4:test (sources = false)
2026.02.16 11:07:06 INFO  [INFO] SUCCESS: jakarta.activation:jakarta.activation-api:jar:2.1.4:test (sources = false)
2026.02.16 11:07:06 INFO  [INFO] Resolving artifact: jakarta.activation:jakarta.activation-api:jar:2.1.4:test (sources = true)
2026.02.16 11:07:06 INFO  [INFO] SUCCESS: jakarta.activation:jakarta.activation-api:jar:2.1.4:test (sources = true)
2026.02.16 11:07:06 INFO  [INFO] Resolving artifact: org.apiguardian:apiguardian-api:jar:1.1.2:test (sources = false)
2026.02.16 11:07:06 INFO  [INFO] SUCCESS: org.apiguardian:apiguardian-api:jar:1.1.2:test (sources = false)
2026.02.16 11:07:06 INFO  [INFO] Resolving artifact: org.apiguardian:apiguardian-api:jar:1.1.2:test (sources = true)
2026.02.16 11:07:06 INFO  [INFO] SUCCESS: org.apiguardian:apiguardian-api:jar:1.1.2:test (sources = true)
2026.02.16 11:07:06 INFO  [INFO] Resolving artifact: org.junit.platform:junit-platform-engine:jar:1.12.2:test (sources = false)
2026.02.16 11:07:06 INFO  [INFO] SUCCESS: org.junit.platform:junit-platform-engine:jar:1.12.2:test (sources = false)
2026.02.16 11:07:06 INFO  [INFO] Resolving artifact: org.junit.platform:junit-platform-engine:jar:1.12.2:test (sources = true)
2026.02.16 11:07:06 INFO  Downloading from central: https://repo.maven.apache.org/maven2/org/junit/platform/junit-platform-engine/1.12.2/junit-platform-engine-1.12.2-sources.jar
2026.02.16 11:07:06 INFO  Progress (1): 7.7/160 kB
2026.02.16 11:07:06 INFO  Progress (1): 16/160 kB 
2026.02.16 11:07:06 INFO  Progress (1): 32/160 kB
2026.02.16 11:07:06 INFO  Progress (1): 49/160 kB
2026.02.16 11:07:06 INFO  Progress (1): 65/160 kB
2026.02.16 11:07:06 INFO  Progress (1): 81/160 kB
2026.02.16 11:07:06 INFO  Progress (1): 98/160 kB
2026.02.16 11:07:06 INFO  Progress (1): 114/160 kB
2026.02.16 11:07:06 INFO  Progress (1): 131/160 kB
2026.02.16 11:07:06 INFO  Progress (1): 147/160 kB
2026.02.16 11:07:06 INFO  Progress (1): 160 kB    
2026.02.16 11:07:06 INFO                      
2026.02.16 11:07:06 INFO  Downloaded from central: https://repo.maven.apache.org/maven2/org/junit/platform/junit-platform-engine/1.12.2/junit-platform-engine-1.12.2-sources.jar (160 kB at 5.7 MB/s)
2026.02.16 11:07:06 INFO  [INFO] SUCCESS: org.junit.platform:junit-platform-engine:jar:1.12.2:test (sources = true)
2026.02.16 11:07:06 INFO  [INFO] Resolving artifact: com.fasterxml.jackson.core:jackson-annotations:jar:2.19.4:compile (sources = false)
2026.02.16 11:07:06 INFO  [INFO] SUCCESS: com.fasterxml.jackson.core:jackson-annotations:jar:2.19.4:compile (sources = false)
2026.02.16 11:07:06 INFO  [INFO] Resolving artifact: com.fasterxml.jackson.core:jackson-annotations:jar:2.19.4:compile (sources = true)
2026.02.16 11:07:06 INFO  Downloading from central: https://repo.maven.apache.org/maven2/com/fasterxml/jackson/core/jackson-annotations/2.19.4/jackson-annotations-2.19.4-sources.jar
2026.02.16 11:07:06 INFO  Progress (1): 7.7/86 kB
2026.02.16 11:07:06 INFO  Progress (1): 7.8/86 kB
2026.02.16 11:07:06 INFO  Progress (1): 24/86 kB 
2026.02.16 11:07:06 INFO  Progress (1): 41/86 kB
2026.02.16 11:07:06 INFO  Progress (1): 57/86 kB
2026.02.16 11:07:06 INFO  Progress (1): 73/86 kB
2026.02.16 11:07:06 INFO  Progress (1): 86 kB   
2026.02.16 11:07:06 INFO                     
2026.02.16 11:07:06 INFO  Downloaded from central: https://repo.maven.apache.org/maven2/com/fasterxml/jackson/core/jackson-annotations/2.19.4/jackson-annotations-2.19.4-sources.jar (86 kB at 3.2 MB/s)
2026.02.16 11:07:06 INFO  [INFO] SUCCESS: com.fasterxml.jackson.core:jackson-annotations:jar:2.19.4:compile (sources = true)
2026.02.16 11:07:06 INFO  [INFO] Resolving artifact: org.springframework.boot:spring-boot-starter-thymeleaf:jar:3.5.10:compile (sources = false)
2026.02.16 11:07:06 INFO  [INFO] SUCCESS: org.springframework.boot:spring-boot-starter-thymeleaf:jar:3.5.10:compile (sources = false)
2026.02.16 11:07:06 INFO  [INFO] Resolving artifact: org.springframework.boot:spring-boot-starter-thymeleaf:jar:3.5.10:compile (sources = true)
2026.02.16 11:07:06 INFO  Downloading from central: https://repo.maven.apache.org/maven2/org/springframework/boot/spring-boot-starter-thymeleaf/3.5.10/spring-boot-starter-thymeleaf-3.5.10-sources.jar
2026.02.16 11:07:06 INFO  Progress (1): 2.0 kB
2026.02.16 11:07:06 INFO                      
2026.02.16 11:07:06 INFO  Downloaded from central: https://repo.maven.apache.org/maven2/org/springframework/boot/spring-boot-starter-thymeleaf/3.5.10/spring-boot-starter-thymeleaf-3.5.10-sources.jar (2.0 kB at 81 kB/s)
2026.02.16 11:07:06 INFO  [INFO] SUCCESS: org.springframework.boot:spring-boot-starter-thymeleaf:jar:3.5.10:compile (sources = true)
2026.02.16 11:07:06 INFO  [INFO] Resolving artifact: com.vaadin.external.google:android-json:jar:0.0.20131108.vaadin1:test (sources = false)
2026.02.16 11:07:06 INFO  [INFO] SUCCESS: com.vaadin.external.google:android-json:jar:0.0.20131108.vaadin1:test (sources = false)
2026.02.16 11:07:06 INFO  [INFO] Resolving artifact: com.vaadin.external.google:android-json:jar:0.0.20131108.vaadin1:test (sources = true)
2026.02.16 11:07:06 INFO  [INFO] SUCCESS: com.vaadin.external.google:android-json:jar:0.0.20131108.vaadin1:test (sources = true)
2026.02.16 11:07:06 INFO  [INFO] Resolving artifact: org.apache.logging.log4j:log4j-api:jar:2.24.3:compile (sources = false)
2026.02.16 11:07:06 INFO  [INFO] SUCCESS: org.apache.logging.log4j:log4j-api:jar:2.24.3:compile (sources = false)
2026.02.16 11:07:06 INFO  [INFO] Resolving artifact: org.apache.logging.log4j:log4j-api:jar:2.24.3:compile (sources = true)
2026.02.16 11:07:06 INFO  Downloading from central: https://repo.maven.apache.org/maven2/org/apache/logging/log4j/log4j-api/2.24.3/log4j-api-2.24.3-sources.jar
2026.02.16 11:07:06 INFO  Progress (1): 7.7/292 kB
2026.02.16 11:07:06 INFO  Progress (1): 16/292 kB 
2026.02.16 11:07:06 INFO  Progress (1): 24/292 kB
2026.02.16 11:07:06 INFO  Progress (1): 41/292 kB
2026.02.16 11:07:06 INFO  Progress (1): 57/292 kB
2026.02.16 11:07:06 INFO  Progress (1): 73/292 kB
2026.02.16 11:07:06 INFO  Progress (1): 90/292 kB
2026.02.16 11:07:06 INFO  Progress (1): 106/292 kB
2026.02.16 11:07:06 INFO  Progress (1): 122/292 kB
2026.02.16 11:07:06 INFO  Progress (1): 139/292 kB
2026.02.16 11:07:06 INFO  Progress (1): 155/292 kB
2026.02.16 11:07:06 INFO  Progress (1): 172/292 kB
2026.02.16 11:07:06 INFO  Progress (1): 188/292 kB
2026.02.16 11:07:06 INFO  Progress (1): 200/292 kB
2026.02.16 11:07:06 INFO  Progress (1): 217/292 kB
2026.02.16 11:07:06 INFO  Progress (1): 233/292 kB
2026.02.16 11:07:06 INFO  Progress (1): 250/292 kB
2026.02.16 11:07:06 INFO  Progress (1): 266/292 kB
2026.02.16 11:07:06 INFO  Progress (1): 282/292 kB
2026.02.16 11:07:06 INFO  Progress (1): 292 kB    
2026.02.16 11:07:06 INFO                      
2026.02.16 11:07:06 INFO  Downloaded from central: https://repo.maven.apache.org/maven2/org/apache/logging/log4j/log4j-api/2.24.3/log4j-api-2.24.3-sources.jar (292 kB at 9.7 MB/s)
2026.02.16 11:07:06 INFO  [INFO] SUCCESS: org.apache.logging.log4j:log4j-api:jar:2.24.3:compile (sources = true)
2026.02.16 11:07:06 INFO  [INFO] Resolving artifact: net.bytebuddy:byte-buddy-agent:jar:1.17.8:test (sources = false)
2026.02.16 11:07:06 INFO  [INFO] SUCCESS: net.bytebuddy:byte-buddy-agent:jar:1.17.8:test (sources = false)
2026.02.16 11:07:06 INFO  [INFO] Resolving artifact: net.bytebuddy:byte-buddy-agent:jar:1.17.8:test (sources = true)
2026.02.16 11:07:06 INFO  [INFO] SUCCESS: net.bytebuddy:byte-buddy-agent:jar:1.17.8:test (sources = true)
2026.02.16 11:07:06 INFO  [INFO] Resolving artifact: org.springframework:spring-webmvc:jar:6.2.15:compile (sources = false)
2026.02.16 11:07:06 INFO  [INFO] SUCCESS: org.springframework:spring-webmvc:jar:6.2.15:compile (sources = false)
2026.02.16 11:07:06 INFO  [INFO] Resolving artifact: org.springframework:spring-webmvc:jar:6.2.15:compile (sources = true)
2026.02.16 11:07:06 INFO  Downloading from central: https://repo.maven.apache.org/maven2/org/springframework/spring-webmvc/6.2.15/spring-webmvc-6.2.15-sources.jar
2026.02.16 11:07:06 INFO  Progress (1): 7.7/855 kB
2026.02.16 11:07:06 INFO  Progress (1): 16/855 kB 
2026.02.16 11:07:06 INFO  Progress (1): 25/855 kB
2026.02.16 11:07:06 INFO  Progress (1): 41/855 kB
2026.02.16 11:07:06 INFO  Progress (1): 57/855 kB
2026.02.16 11:07:06 INFO  Progress (1): 74/855 kB
2026.02.16 11:07:06 INFO  Progress (1): 90/855 kB
2026.02.16 11:07:06 INFO  Progress (1): 106/855 kB
2026.02.16 11:07:06 INFO  Progress (1): 123/855 kB
2026.02.16 11:07:06 INFO  Progress (1): 139/855 kB
2026.02.16 11:07:06 INFO  Progress (1): 156/855 kB
2026.02.16 11:07:06 INFO  Progress (1): 172/855 kB
2026.02.16 11:07:06 INFO  Progress (1): 188/855 kB
2026.02.16 11:07:06 INFO  Progress (1): 197/855 kB
2026.02.16 11:07:06 INFO  Progress (1): 213/855 kB
2026.02.16 11:07:06 INFO  Progress (1): 229/855 kB
2026.02.16 11:07:06 INFO  Progress (1): 233/855 kB
2026.02.16 11:07:06 INFO  Progress (1): 250/855 kB
2026.02.16 11:07:06 INFO  Progress (1): 262/855 kB
2026.02.16 11:07:06 INFO  Progress (1): 279/855 kB
2026.02.16 11:07:06 INFO  Progress (1): 295/855 kB
2026.02.16 11:07:06 INFO  Progress (1): 311/855 kB
2026.02.16 11:07:06 INFO  Progress (1): 328/855 kB
2026.02.16 11:07:06 INFO  Progress (1): 344/855 kB
2026.02.16 11:07:06 INFO  Progress (1): 360/855 kB
2026.02.16 11:07:06 INFO  Progress (1): 377/855 kB
2026.02.16 11:07:06 INFO  Progress (1): 393/855 kB
2026.02.16 11:07:06 INFO  Progress (1): 410/855 kB
2026.02.16 11:07:06 INFO  Progress (1): 426/855 kB
2026.02.16 11:07:06 INFO  Progress (1): 442/855 kB
2026.02.16 11:07:06 INFO  Progress (1): 459/855 kB
2026.02.16 11:07:06 INFO  Progress (1): 475/855 kB
2026.02.16 11:07:06 INFO  Progress (1): 492/855 kB
2026.02.16 11:07:06 INFO  Progress (1): 508/855 kB
2026.02.16 11:07:06 INFO  Progress (1): 524/855 kB
2026.02.16 11:07:06 INFO  Progress (1): 541/855 kB
2026.02.16 11:07:06 INFO  Progress (1): 557/855 kB
2026.02.16 11:07:06 INFO  Progress (1): 573/855 kB
2026.02.16 11:07:06 INFO  Progress (1): 590/855 kB
2026.02.16 11:07:06 INFO  Progress (1): 606/855 kB
2026.02.16 11:07:06 INFO  Progress (1): 623/855 kB
2026.02.16 11:07:06 INFO  Progress (1): 639/855 kB
2026.02.16 11:07:06 INFO  Progress (1): 655/855 kB
2026.02.16 11:07:06 INFO  Progress (1): 672/855 kB
2026.02.16 11:07:06 INFO  Progress (1): 688/855 kB
2026.02.16 11:07:06 INFO  Progress (1): 705/855 kB
2026.02.16 11:07:06 INFO  Progress (1): 721/855 kB
2026.02.16 11:07:06 INFO  Progress (1): 737/855 kB
2026.02.16 11:07:06 INFO  Progress (1): 754/855 kB
2026.02.16 11:07:06 INFO  Progress (1): 770/855 kB
2026.02.16 11:07:06 INFO  Progress (1): 786/855 kB
2026.02.16 11:07:06 INFO  Progress (1): 803/855 kB
2026.02.16 11:07:06 INFO  Progress (1): 819/855 kB
2026.02.16 11:07:06 INFO  Progress (1): 836/855 kB
2026.02.16 11:07:06 INFO  Progress (1): 852/855 kB
2026.02.16 11:07:06 INFO  Progress (1): 855 kB    
2026.02.16 11:07:06 INFO                      
2026.02.16 11:07:06 INFO  Downloaded from central: https://repo.maven.apache.org/maven2/org/springframework/spring-webmvc/6.2.15/spring-webmvc-6.2.15-sources.jar (855 kB at 20 MB/s)
2026.02.16 11:07:06 INFO  [INFO] SUCCESS: org.springframework:spring-webmvc:jar:6.2.15:compile (sources = true)
2026.02.16 11:07:06 INFO  [INFO] Resolving artifact: org.apache.tomcat.embed:tomcat-embed-el:jar:10.1.50:compile (sources = false)
2026.02.16 11:07:06 INFO  [INFO] SUCCESS: org.apache.tomcat.embed:tomcat-embed-el:jar:10.1.50:compile (sources = false)
2026.02.16 11:07:06 INFO  [INFO] Resolving artifact: org.apache.tomcat.embed:tomcat-embed-el:jar:10.1.50:compile (sources = true)
2026.02.16 11:07:06 INFO  Downloading from central: https://repo.maven.apache.org/maven2/org/apache/tomcat/embed/tomcat-embed-el/10.1.50/tomcat-embed-el-10.1.50-sources.jar
2026.02.16 11:07:06 INFO  Progress (1): 7.7/231 kB
2026.02.16 11:07:06 INFO  Progress (1): 16/231 kB 
2026.02.16 11:07:06 INFO  Progress (1): 32/231 kB
2026.02.16 11:07:06 INFO  Progress (1): 49/231 kB
2026.02.16 11:07:06 INFO  Progress (1): 65/231 kB
2026.02.16 11:07:06 INFO  Progress (1): 81/231 kB
2026.02.16 11:07:06 INFO  Progress (1): 98/231 kB
2026.02.16 11:07:06 INFO  Progress (1): 114/231 kB
2026.02.16 11:07:06 INFO  Progress (1): 131/231 kB
2026.02.16 11:07:06 INFO  Progress (1): 147/231 kB
2026.02.16 11:07:06 INFO  Progress (1): 163/231 kB
2026.02.16 11:07:06 INFO  Progress (1): 180/231 kB
2026.02.16 11:07:06 INFO  Progress (1): 196/231 kB
2026.02.16 11:07:06 INFO  Progress (1): 213/231 kB
2026.02.16 11:07:06 INFO  Progress (1): 229/231 kB
2026.02.16 11:07:06 INFO  Progress (1): 231 kB    
2026.02.16 11:07:06 INFO                      
2026.02.16 11:07:06 INFO  Downloaded from central: https://repo.maven.apache.org/maven2/org/apache/tomcat/embed/tomcat-embed-el/10.1.50/tomcat-embed-el-10.1.50-sources.jar (231 kB at 7.0 MB/s)
2026.02.16 11:07:06 INFO  [INFO] SUCCESS: org.apache.tomcat.embed:tomcat-embed-el:jar:10.1.50:compile (sources = true)
2026.02.16 11:07:06 INFO  [INFO] Generated .bloop/demoTiket.json
2026.02.16 11:07:06 INFO  [INFO] Resolving artifact: org.springframework.boot:spring-boot-autoconfigure:jar:3.5.10:compile (sources = false)
2026.02.16 11:07:06 INFO  [INFO] SUCCESS: org.springframework.boot:spring-boot-autoconfigure:jar:3.5.10:compile (sources = false)
2026.02.16 11:07:06 INFO  [INFO] Resolving artifact: org.springframework.boot:spring-boot-autoconfigure:jar:3.5.10:compile (sources = true)
2026.02.16 11:07:06 INFO  [INFO] SUCCESS: org.springframework.boot:spring-boot-autoconfigure:jar:3.5.10:compile (sources = true)
2026.02.16 11:07:06 INFO  [INFO] Resolving artifact: io.micrometer:micrometer-observation:jar:1.15.8:compile (sources = false)
2026.02.16 11:07:06 INFO  [INFO] SUCCESS: io.micrometer:micrometer-observation:jar:1.15.8:compile (sources = false)
2026.02.16 11:07:06 INFO  [INFO] Resolving artifact: io.micrometer:micrometer-observation:jar:1.15.8:compile (sources = true)
2026.02.16 11:07:06 INFO  [INFO] SUCCESS: io.micrometer:micrometer-observation:jar:1.15.8:compile (sources = true)
2026.02.16 11:07:06 INFO  [INFO] Resolving artifact: org.assertj:assertj-core:jar:3.27.6:test (sources = false)
2026.02.16 11:07:06 INFO  [INFO] SUCCESS: org.assertj:assertj-core:jar:3.27.6:test (sources = false)
2026.02.16 11:07:06 INFO  [INFO] Resolving artifact: org.assertj:assertj-core:jar:3.27.6:test (sources = true)
2026.02.16 11:07:06 INFO  [INFO] SUCCESS: org.assertj:assertj-core:jar:3.27.6:test (sources = true)
2026.02.16 11:07:06 INFO  [INFO] Resolving artifact: jakarta.xml.bind:jakarta.xml.bind-api:jar:4.0.4:test (sources = false)
2026.02.16 11:07:06 INFO  [INFO] SUCCESS: jakarta.xml.bind:jakarta.xml.bind-api:jar:4.0.4:test (sources = false)
2026.02.16 11:07:06 INFO  [INFO] Resolving artifact: jakarta.xml.bind:jakarta.xml.bind-api:jar:4.0.4:test (sources = true)
2026.02.16 11:07:06 INFO  [INFO] SUCCESS: jakarta.xml.bind:jakarta.xml.bind-api:jar:4.0.4:test (sources = true)
2026.02.16 11:07:06 INFO  [INFO] Resolving artifact: org.hamcrest:hamcrest:jar:3.0:test (sources = false)
2026.02.16 11:07:06 INFO  [INFO] SUCCESS: org.hamcrest:hamcrest:jar:3.0:test (sources = false)
2026.02.16 11:07:06 INFO  [INFO] Resolving artifact: org.hamcrest:hamcrest:jar:3.0:test (sources = true)
2026.02.16 11:07:06 INFO  [INFO] SUCCESS: org.hamcrest:hamcrest:jar:3.0:test (sources = true)
2026.02.16 11:07:06 INFO  [INFO] Resolving artifact: org.yaml:snakeyaml:jar:2.4:compile (sources = false)
2026.02.16 11:07:06 INFO  [INFO] SUCCESS: org.yaml:snakeyaml:jar:2.4:compile (sources = false)
2026.02.16 11:07:06 INFO  [INFO] Resolving artifact: org.yaml:snakeyaml:jar:2.4:compile (sources = true)
2026.02.16 11:07:06 INFO  [INFO] SUCCESS: org.yaml:snakeyaml:jar:2.4:compile (sources = true)
2026.02.16 11:07:06 INFO  [INFO] Resolving artifact: net.minidev:json-smart:jar:2.5.2:test (sources = false)
2026.02.16 11:07:06 INFO  [INFO] SUCCESS: net.minidev:json-smart:jar:2.5.2:test (sources = false)
2026.02.16 11:07:06 INFO  [INFO] Resolving artifact: net.minidev:json-smart:jar:2.5.2:test (sources = true)
2026.02.16 11:07:06 INFO  [INFO] SUCCESS: net.minidev:json-smart:jar:2.5.2:test (sources = true)
2026.02.16 11:07:06 INFO  [INFO] Resolving artifact: org.objenesis:objenesis:jar:3.3:test (sources = false)
2026.02.16 11:07:06 INFO  [INFO] SUCCESS: org.objenesis:objenesis:jar:3.3:test (sources = false)
2026.02.16 11:07:06 INFO  [INFO] Resolving artifact: org.objenesis:objenesis:jar:3.3:test (sources = true)
2026.02.16 11:07:06 INFO  [INFO] SUCCESS: org.objenesis:objenesis:jar:3.3:test (sources = true)
2026.02.16 11:07:06 INFO  [INFO] Resolving artifact: org.apache.logging.log4j:log4j-to-slf4j:jar:2.24.3:compile (sources = false)
2026.02.16 11:07:06 INFO  [INFO] SUCCESS: org.apache.logging.log4j:log4j-to-slf4j:jar:2.24.3:compile (sources = false)
2026.02.16 11:07:06 INFO  [INFO] Resolving artifact: org.apache.logging.log4j:log4j-to-slf4j:jar:2.24.3:compile (sources = true)
2026.02.16 11:07:06 INFO  [INFO] SUCCESS: org.apache.logging.log4j:log4j-to-slf4j:jar:2.24.3:compile (sources = true)
2026.02.16 11:07:06 INFO  [INFO] Resolving artifact: org.junit.jupiter:junit-jupiter-params:jar:5.12.2:test (sources = false)
2026.02.16 11:07:06 INFO  [INFO] SUCCESS: org.junit.jupiter:junit-jupiter-params:jar:5.12.2:test (sources = false)
2026.02.16 11:07:06 INFO  [INFO] Resolving artifact: org.junit.jupiter:junit-jupiter-params:jar:5.12.2:test (sources = true)
2026.02.16 11:07:06 INFO  [INFO] SUCCESS: org.junit.jupiter:junit-jupiter-params:jar:5.12.2:test (sources = true)
2026.02.16 11:07:06 INFO  [INFO] Resolving artifact: org.slf4j:slf4j-api:jar:2.0.17:compile (sources = false)
2026.02.16 11:07:06 INFO  [INFO] SUCCESS: org.slf4j:slf4j-api:jar:2.0.17:compile (sources = false)
2026.02.16 11:07:06 INFO  [INFO] Resolving artifact: org.slf4j:slf4j-api:jar:2.0.17:compile (sources = true)
2026.02.16 11:07:06 INFO  [INFO] SUCCESS: org.slf4j:slf4j-api:jar:2.0.17:compile (sources = true)
2026.02.16 11:07:06 INFO  [INFO] Resolving artifact: org.springframework:spring-core:jar:6.2.15:compile (sources = false)
2026.02.16 11:07:06 INFO  [INFO] SUCCESS: org.springframework:spring-core:jar:6.2.15:compile (sources = false)
2026.02.16 11:07:06 INFO  [INFO] Resolving artifact: org.springframework:spring-core:jar:6.2.15:compile (sources = true)
2026.02.16 11:07:06 INFO  [INFO] SUCCESS: org.springframework:spring-core:jar:6.2.15:compile (sources = true)
2026.02.16 11:07:06 INFO  [INFO] Resolving artifact: net.minidev:accessors-smart:jar:2.5.2:test (sources = false)
2026.02.16 11:07:06 INFO  [INFO] SUCCESS: net.minidev:accessors-smart:jar:2.5.2:test (sources = false)
2026.02.16 11:07:06 INFO  [INFO] Resolving artifact: net.minidev:accessors-smart:jar:2.5.2:test (sources = true)
2026.02.16 11:07:06 INFO  [INFO] SUCCESS: net.minidev:accessors-smart:jar:2.5.2:test (sources = true)
2026.02.16 11:07:06 INFO  [INFO] Resolving artifact: io.micrometer:micrometer-commons:jar:1.15.8:compile (sources = false)
2026.02.16 11:07:06 INFO  [INFO] SUCCESS: io.micrometer:micrometer-commons:jar:1.15.8:compile (sources = false)
2026.02.16 11:07:06 INFO  [INFO] Resolving artifact: io.micrometer:micrometer-commons:jar:1.15.8:compile (sources = true)
2026.02.16 11:07:06 INFO  [INFO] SUCCESS: io.micrometer:micrometer-commons:jar:1.15.8:compile (sources = true)
2026.02.16 11:07:06 INFO  [INFO] Resolving artifact: org.mockito:mockito-junit-jupiter:jar:5.17.0:test (sources = false)
2026.02.16 11:07:06 INFO  [INFO] SUCCESS: org.mockito:mockito-junit-jupiter:jar:5.17.0:test (sources = false)
2026.02.16 11:07:06 INFO  [INFO] Resolving artifact: org.mockito:mockito-junit-jupiter:jar:5.17.0:test (sources = true)
2026.02.16 11:07:06 INFO  [INFO] SUCCESS: org.mockito:mockito-junit-jupiter:jar:5.17.0:test (sources = true)
2026.02.16 11:07:06 INFO  [INFO] Resolving artifact: org.mockito:mockito-core:jar:5.17.0:test (sources = false)
2026.02.16 11:07:06 INFO  [INFO] SUCCESS: org.mockito:mockito-core:jar:5.17.0:test (sources = false)
2026.02.16 11:07:06 INFO  [INFO] Resolving artifact: org.mockito:mockito-core:jar:5.17.0:test (sources = true)
2026.02.16 11:07:06 INFO  [INFO] SUCCESS: org.mockito:mockito-core:jar:5.17.0:test (sources = true)
2026.02.16 11:07:06 INFO  [INFO] Resolving artifact: org.ow2.asm:asm:jar:9.7.1:test (sources = false)
2026.02.16 11:07:06 INFO  [INFO] SUCCESS: org.ow2.asm:asm:jar:9.7.1:test (sources = false)
2026.02.16 11:07:06 INFO  [INFO] Resolving artifact: org.ow2.asm:asm:jar:9.7.1:test (sources = true)
2026.02.16 11:07:06 INFO  [INFO] SUCCESS: org.ow2.asm:asm:jar:9.7.1:test (sources = true)
2026.02.16 11:07:06 INFO  [INFO] Resolving artifact: org.junit.jupiter:junit-jupiter-api:jar:5.12.2:test (sources = false)
2026.02.16 11:07:06 INFO  [INFO] SUCCESS: org.junit.jupiter:junit-jupiter-api:jar:5.12.2:test (sources = false)
2026.02.16 11:07:06 INFO  [INFO] Resolving artifact: org.junit.jupiter:junit-jupiter-api:jar:5.12.2:test (sources = true)
2026.02.16 11:07:06 INFO  [INFO] SUCCESS: org.junit.jupiter:junit-jupiter-api:jar:5.12.2:test (sources = true)
2026.02.16 11:07:06 INFO  [INFO] Resolving artifact: org.thymeleaf:thymeleaf:jar:3.1.3.RELEASE:compile (sources = false)
2026.02.16 11:07:06 INFO  [INFO] SUCCESS: org.thymeleaf:thymeleaf:jar:3.1.3.RELEASE:compile (sources = false)
2026.02.16 11:07:06 INFO  [INFO] Resolving artifact: org.thymeleaf:thymeleaf:jar:3.1.3.RELEASE:compile (sources = true)
2026.02.16 11:07:06 INFO  [INFO] SUCCESS: org.thymeleaf:thymeleaf:jar:3.1.3.RELEASE:compile (sources = true)
2026.02.16 11:07:06 INFO  [INFO] Resolving artifact: org.springframework.boot:spring-boot-test:jar:3.5.10:test (sources = false)
2026.02.16 11:07:06 INFO  [INFO] SUCCESS: org.springframework.boot:spring-boot-test:jar:3.5.10:test (sources = false)
2026.02.16 11:07:06 INFO  [INFO] Resolving artifact: org.springframework.boot:spring-boot-test:jar:3.5.10:test (sources = true)
2026.02.16 11:07:06 INFO  [INFO] SUCCESS: org.springframework.boot:spring-boot-test:jar:3.5.10:test (sources = true)
2026.02.16 11:07:06 INFO  [INFO] Resolving artifact: org.slf4j:jul-to-slf4j:jar:2.0.17:compile (sources = false)
2026.02.16 11:07:06 INFO  [INFO] SUCCESS: org.slf4j:jul-to-slf4j:jar:2.0.17:compile (sources = false)
2026.02.16 11:07:06 INFO  [INFO] Resolving artifact: org.slf4j:jul-to-slf4j:jar:2.0.17:compile (sources = true)
2026.02.16 11:07:06 INFO  [INFO] SUCCESS: org.slf4j:jul-to-slf4j:jar:2.0.17:compile (sources = true)
2026.02.16 11:07:06 INFO  [INFO] Resolving artifact: ch.qos.logback:logback-classic:jar:1.5.25:compile (sources = false)
2026.02.16 11:07:06 INFO  [INFO] SUCCESS: ch.qos.logback:logback-classic:jar:1.5.25:compile (sources = false)
2026.02.16 11:07:06 INFO  [INFO] Resolving artifact: ch.qos.logback:logback-classic:jar:1.5.25:compile (sources = true)
2026.02.16 11:07:06 INFO  [INFO] SUCCESS: ch.qos.logback:logback-classic:jar:1.5.25:compile (sources = true)
2026.02.16 11:07:06 INFO  [INFO] Resolving artifact: org.springframework.boot:spring-boot-starter:jar:3.5.10:compile (sources = false)
2026.02.16 11:07:06 INFO  [INFO] SUCCESS: org.springframework.boot:spring-boot-starter:jar:3.5.10:compile (sources = false)
2026.02.16 11:07:06 INFO  [INFO] Resolving artifact: org.springframework.boot:spring-boot-starter:jar:3.5.10:compile (sources = true)
2026.02.16 11:07:06 INFO  [INFO] SUCCESS: org.springframework.boot:spring-boot-starter:jar:3.5.10:compile (sources = true)
2026.02.16 11:07:06 INFO  [INFO] Resolving artifact: com.fasterxml.jackson.datatype:jackson-datatype-jdk8:jar:2.19.4:compile (sources = false)
2026.02.16 11:07:06 INFO  [INFO] SUCCESS: com.fasterxml.jackson.datatype:jackson-datatype-jdk8:jar:2.19.4:compile (sources = false)
2026.02.16 11:07:06 INFO  [INFO] Resolving artifact: com.fasterxml.jackson.datatype:jackson-datatype-jdk8:jar:2.19.4:compile (sources = true)
2026.02.16 11:07:06 INFO  [INFO] SUCCESS: com.fasterxml.jackson.datatype:jackson-datatype-jdk8:jar:2.19.4:compile (sources = true)
2026.02.16 11:07:06 INFO  [INFO] Resolving artifact: com.fasterxml.jackson.module:jackson-module-parameter-names:jar:2.19.4:compile (sources = false)
2026.02.16 11:07:06 INFO  [INFO] SUCCESS: com.fasterxml.jackson.module:jackson-module-parameter-names:jar:2.19.4:compile (sources = false)
2026.02.16 11:07:06 INFO  [INFO] Resolving artifact: com.fasterxml.jackson.module:jackson-module-parameter-names:jar:2.19.4:compile (sources = true)
2026.02.16 11:07:06 INFO  [INFO] SUCCESS: com.fasterxml.jackson.module:jackson-module-parameter-names:jar:2.19.4:compile (sources = true)
2026.02.16 11:07:06 INFO  [INFO] Resolving artifact: ch.qos.logback:logback-core:jar:1.5.25:compile (sources = false)
2026.02.16 11:07:06 INFO  [INFO] SUCCESS: ch.qos.logback:logback-core:jar:1.5.25:compile (sources = false)
2026.02.16 11:07:06 INFO  [INFO] Resolving artifact: ch.qos.logback:logback-core:jar:1.5.25:compile (sources = true)
2026.02.16 11:07:06 INFO  [INFO] SUCCESS: ch.qos.logback:logback-core:jar:1.5.25:compile (sources = true)
2026.02.16 11:07:06 INFO  [INFO] Resolving artifact: org.springframework:spring-jcl:jar:6.2.15:compile (sources = false)
2026.02.16 11:07:06 INFO  [INFO] SUCCESS: org.springframework:spring-jcl:jar:6.2.15:compile (sources = false)
2026.02.16 11:07:06 INFO  [INFO] Resolving artifact: org.springframework:spring-jcl:jar:6.2.15:compile (sources = true)
2026.02.16 11:07:06 INFO  [INFO] SUCCESS: org.springframework:spring-jcl:jar:6.2.15:compile (sources = true)
2026.02.16 11:07:06 INFO  [INFO] Resolving artifact: org.springframework.boot:spring-boot-starter-json:jar:3.5.10:compile (sources = false)
2026.02.16 11:07:06 INFO  [INFO] SUCCESS: org.springframework.boot:spring-boot-starter-json:jar:3.5.10:compile (sources = false)
2026.02.16 11:07:06 INFO  [INFO] Resolving artifact: org.springframework.boot:spring-boot-starter-json:jar:3.5.10:compile (sources = true)
2026.02.16 11:07:06 INFO  [INFO] SUCCESS: org.springframework.boot:spring-boot-starter-json:jar:3.5.10:compile (sources = true)
2026.02.16 11:07:06 INFO  [INFO] Resolving artifact: org.opentest4j:opentest4j:jar:1.3.0:test (sources = false)
2026.02.16 11:07:06 INFO  [INFO] SUCCESS: org.opentest4j:opentest4j:jar:1.3.0:test (sources = false)
2026.02.16 11:07:06 INFO  [INFO] Resolving artifact: org.opentest4j:opentest4j:jar:1.3.0:test (sources = true)
2026.02.16 11:07:06 INFO  [INFO] SUCCESS: org.opentest4j:opentest4j:jar:1.3.0:test (sources = true)
2026.02.16 11:07:06 INFO  [INFO] Resolving artifact: org.attoparser:attoparser:jar:2.0.7.RELEASE:compile (sources = false)
2026.02.16 11:07:06 INFO  [INFO] SUCCESS: org.attoparser:attoparser:jar:2.0.7.RELEASE:compile (sources = false)
2026.02.16 11:07:06 INFO  [INFO] Resolving artifact: org.attoparser:attoparser:jar:2.0.7.RELEASE:compile (sources = true)
2026.02.16 11:07:06 INFO  [INFO] SUCCESS: org.attoparser:attoparser:jar:2.0.7.RELEASE:compile (sources = true)
2026.02.16 11:07:06 INFO  [INFO] Resolving artifact: org.junit.jupiter:junit-jupiter-engine:jar:5.12.2:test (sources = false)
2026.02.16 11:07:06 INFO  [INFO] SUCCESS: org.junit.jupiter:junit-jupiter-engine:jar:5.12.2:test (sources = false)
2026.02.16 11:07:06 INFO  [INFO] Resolving artifact: org.junit.jupiter:junit-jupiter-engine:jar:5.12.2:test (sources = true)
2026.02.16 11:07:06 INFO  [INFO] SUCCESS: org.junit.jupiter:junit-jupiter-engine:jar:5.12.2:test (sources = true)
2026.02.16 11:07:06 INFO  [INFO] Resolving artifact: org.skyscreamer:jsonassert:jar:1.5.3:test (sources = false)
2026.02.16 11:07:06 INFO  [INFO] SUCCESS: org.skyscreamer:jsonassert:jar:1.5.3:test (sources = false)
2026.02.16 11:07:06 INFO  [INFO] Resolving artifact: org.skyscreamer:jsonassert:jar:1.5.3:test (sources = true)
2026.02.16 11:07:06 INFO  [INFO] SUCCESS: org.skyscreamer:jsonassert:jar:1.5.3:test (sources = true)
2026.02.16 11:07:06 INFO  [INFO] Resolving artifact: com.fasterxml.jackson.core:jackson-core:jar:2.19.4:compile (sources = false)
2026.02.16 11:07:06 INFO  [INFO] SUCCESS: com.fasterxml.jackson.core:jackson-core:jar:2.19.4:compile (sources = false)
2026.02.16 11:07:06 INFO  [INFO] Resolving artifact: com.fasterxml.jackson.core:jackson-core:jar:2.19.4:compile (sources = true)
2026.02.16 11:07:06 INFO  [INFO] SUCCESS: com.fasterxml.jackson.core:jackson-core:jar:2.19.4:compile (sources = true)
2026.02.16 11:07:06 INFO  [INFO] Resolving artifact: org.springframework.boot:spring-boot-starter-tomcat:jar:3.5.10:compile (sources = false)
2026.02.16 11:07:06 INFO  [INFO] SUCCESS: org.springframework.boot:spring-boot-starter-tomcat:jar:3.5.10:compile (sources = false)
2026.02.16 11:07:06 INFO  [INFO] Resolving artifact: org.springframework.boot:spring-boot-starter-tomcat:jar:3.5.10:compile (sources = true)
2026.02.16 11:07:06 INFO  [INFO] SUCCESS: org.springframework.boot:spring-boot-starter-tomcat:jar:3.5.10:compile (sources = true)
2026.02.16 11:07:06 INFO  [INFO] Resolving artifact: org.springframework:spring-context:jar:6.2.15:compile (sources = false)
2026.02.16 11:07:06 INFO  [INFO] SUCCESS: org.springframework:spring-context:jar:6.2.15:compile (sources = false)
2026.02.16 11:07:06 INFO  [INFO] Resolving artifact: org.springframework:spring-context:jar:6.2.15:compile (sources = true)
2026.02.16 11:07:06 INFO  [INFO] SUCCESS: org.springframework:spring-context:jar:6.2.15:compile (sources = true)
2026.02.16 11:07:06 INFO  [INFO] Resolving artifact: org.springframework:spring-expression:jar:6.2.15:compile (sources = false)
2026.02.16 11:07:06 INFO  [INFO] SUCCESS: org.springframework:spring-expression:jar:6.2.15:compile (sources = false)
2026.02.16 11:07:06 INFO  [INFO] Resolving artifact: org.springframework:spring-expression:jar:6.2.15:compile (sources = true)
2026.02.16 11:07:06 INFO  [INFO] SUCCESS: org.springframework:spring-expression:jar:6.2.15:compile (sources = true)
2026.02.16 11:07:06 INFO  [INFO] Resolving artifact: com.fasterxml.jackson.datatype:jackson-datatype-jsr310:jar:2.19.4:compile (sources = false)
2026.02.16 11:07:06 INFO  [INFO] SUCCESS: com.fasterxml.jackson.datatype:jackson-datatype-jsr310:jar:2.19.4:compile (sources = false)
2026.02.16 11:07:06 INFO  [INFO] Resolving artifact: com.fasterxml.jackson.datatype:jackson-datatype-jsr310:jar:2.19.4:compile (sources = true)
2026.02.16 11:07:06 INFO  [INFO] SUCCESS: com.fasterxml.jackson.datatype:jackson-datatype-jsr310:jar:2.19.4:compile (sources = true)
2026.02.16 11:07:06 INFO  [INFO] Resolving artifact: org.springframework:spring-beans:jar:6.2.15:compile (sources = false)
2026.02.16 11:07:06 INFO  [INFO] SUCCESS: org.springframework:spring-beans:jar:6.2.15:compile (sources = false)
2026.02.16 11:07:06 INFO  [INFO] Resolving artifact: org.springframework:spring-beans:jar:6.2.15:compile (sources = true)
2026.02.16 11:07:06 INFO  [INFO] SUCCESS: org.springframework:spring-beans:jar:6.2.15:compile (sources = true)
2026.02.16 11:07:06 INFO  [INFO] Resolving artifact: org.springframework:spring-aop:jar:6.2.15:compile (sources = false)
2026.02.16 11:07:06 INFO  [INFO] SUCCESS: org.springframework:spring-aop:jar:6.2.15:compile (sources = false)
2026.02.16 11:07:06 INFO  [INFO] Resolving artifact: org.springframework:spring-aop:jar:6.2.15:compile (sources = true)
2026.02.16 11:07:06 INFO  [INFO] SUCCESS: org.springframework:spring-aop:jar:6.2.15:compile (sources = true)
2026.02.16 11:07:06 INFO  [INFO] Resolving artifact: org.springframework.boot:spring-boot-starter-web:jar:3.5.10:compile (sources = false)
2026.02.16 11:07:06 INFO  [INFO] SUCCESS: org.springframework.boot:spring-boot-starter-web:jar:3.5.10:compile (sources = false)
2026.02.16 11:07:06 INFO  [INFO] Resolving artifact: org.springframework.boot:spring-boot-starter-web:jar:3.5.10:compile (sources = true)
2026.02.16 11:07:06 INFO  [INFO] SUCCESS: org.springframework.boot:spring-boot-starter-web:jar:3.5.10:compile (sources = true)
2026.02.16 11:07:06 INFO  [INFO] Resolving artifact: org.xmlunit:xmlunit-core:jar:2.10.4:test (sources = false)
2026.02.16 11:07:06 INFO  [INFO] SUCCESS: org.xmlunit:xmlunit-core:jar:2.10.4:test (sources = false)
2026.02.16 11:07:06 INFO  [INFO] Resolving artifact: org.xmlunit:xmlunit-core:jar:2.10.4:test (sources = true)
2026.02.16 11:07:06 INFO  [INFO] SUCCESS: org.xmlunit:xmlunit-core:jar:2.10.4:test (sources = true)
2026.02.16 11:07:06 INFO  [INFO] Resolving artifact: jakarta.annotation:jakarta.annotation-api:jar:2.1.1:compile (sources = false)
2026.02.16 11:07:06 INFO  [INFO] SUCCESS: jakarta.annotation:jakarta.annotation-api:jar:2.1.1:compile (sources = false)
2026.02.16 11:07:06 INFO  [INFO] Resolving artifact: jakarta.annotation:jakarta.annotation-api:jar:2.1.1:compile (sources = true)
2026.02.16 11:07:06 INFO  [INFO] SUCCESS: jakarta.annotation:jakarta.annotation-api:jar:2.1.1:compile (sources = true)
2026.02.16 11:07:06 INFO  [INFO] Resolving artifact: org.springframework.boot:spring-boot-test-autoconfigure:jar:3.5.10:test (sources = false)
2026.02.16 11:07:06 INFO  [INFO] SUCCESS: org.springframework.boot:spring-boot-test-autoconfigure:jar:3.5.10:test (sources = false)
2026.02.16 11:07:06 INFO  [INFO] Resolving artifact: org.springframework.boot:spring-boot-test-autoconfigure:jar:3.5.10:test (sources = true)
2026.02.16 11:07:06 INFO  [INFO] SUCCESS: org.springframework.boot:spring-boot-test-autoconfigure:jar:3.5.10:test (sources = true)
2026.02.16 11:07:06 INFO  [INFO] Resolving artifact: org.awaitility:awaitility:jar:4.2.2:test (sources = false)
2026.02.16 11:07:06 INFO  [INFO] SUCCESS: org.awaitility:awaitility:jar:4.2.2:test (sources = false)
2026.02.16 11:07:06 INFO  [INFO] Resolving artifact: org.awaitility:awaitility:jar:4.2.2:test (sources = true)
2026.02.16 11:07:06 INFO  [INFO] SUCCESS: org.awaitility:awaitility:jar:4.2.2:test (sources = true)
2026.02.16 11:07:06 INFO  [INFO] Resolving artifact: com.fasterxml.jackson.core:jackson-databind:jar:2.19.4:compile (sources = false)
2026.02.16 11:07:06 INFO  [INFO] SUCCESS: com.fasterxml.jackson.core:jackson-databind:jar:2.19.4:compile (sources = false)
2026.02.16 11:07:06 INFO  [INFO] Resolving artifact: com.fasterxml.jackson.core:jackson-databind:jar:2.19.4:compile (sources = true)
2026.02.16 11:07:06 INFO  [INFO] SUCCESS: com.fasterxml.jackson.core:jackson-databind:jar:2.19.4:compile (sources = true)
2026.02.16 11:07:06 INFO  [INFO] Resolving artifact: org.springframework:spring-test:jar:6.2.15:test (sources = false)
2026.02.16 11:07:06 INFO  [INFO] SUCCESS: org.springframework:spring-test:jar:6.2.15:test (sources = false)
2026.02.16 11:07:06 INFO  [INFO] Resolving artifact: org.springframework:spring-test:jar:6.2.15:test (sources = true)
2026.02.16 11:07:06 INFO  [INFO] SUCCESS: org.springframework:spring-test:jar:6.2.15:test (sources = true)
2026.02.16 11:07:06 INFO  [INFO] Resolving artifact: org.springframework.boot:spring-boot-starter-logging:jar:3.5.10:compile (sources = false)
2026.02.16 11:07:06 INFO  [INFO] SUCCESS: org.springframework.boot:spring-boot-starter-logging:jar:3.5.10:compile (sources = false)
2026.02.16 11:07:06 INFO  [INFO] Resolving artifact: org.springframework.boot:spring-boot-starter-logging:jar:3.5.10:compile (sources = true)
2026.02.16 11:07:06 INFO  [INFO] SUCCESS: org.springframework.boot:spring-boot-starter-logging:jar:3.5.10:compile (sources = true)
2026.02.16 11:07:06 INFO  [INFO] Resolving artifact: org.junit.jupiter:junit-jupiter:jar:5.12.2:test (sources = false)
2026.02.16 11:07:06 INFO  [INFO] SUCCESS: org.junit.jupiter:junit-jupiter:jar:5.12.2:test (sources = false)
2026.02.16 11:07:06 INFO  [INFO] Resolving artifact: org.junit.jupiter:junit-jupiter:jar:5.12.2:test (sources = true)
2026.02.16 11:07:06 INFO  [INFO] SUCCESS: org.junit.jupiter:junit-jupiter:jar:5.12.2:test (sources = true)
2026.02.16 11:07:06 INFO  [INFO] Resolving artifact: org.springframework.boot:spring-boot-starter-test:jar:3.5.10:test (sources = false)
2026.02.16 11:07:06 INFO  [INFO] SUCCESS: org.springframework.boot:spring-boot-starter-test:jar:3.5.10:test (sources = false)
2026.02.16 11:07:06 INFO  [INFO] Resolving artifact: org.springframework.boot:spring-boot-starter-test:jar:3.5.10:test (sources = true)
2026.02.16 11:07:06 INFO  [INFO] SUCCESS: org.springframework.boot:spring-boot-starter-test:jar:3.5.10:test (sources = true)
2026.02.16 11:07:06 INFO  [INFO] Resolving artifact: org.thymeleaf:thymeleaf-spring6:jar:3.1.3.RELEASE:compile (sources = false)
2026.02.16 11:07:06 INFO  [INFO] SUCCESS: org.thymeleaf:thymeleaf-spring6:jar:3.1.3.RELEASE:compile (sources = false)
2026.02.16 11:07:06 INFO  [INFO] Resolving artifact: org.thymeleaf:thymeleaf-spring6:jar:3.1.3.RELEASE:compile (sources = true)
2026.02.16 11:07:06 INFO  [INFO] SUCCESS: org.thymeleaf:thymeleaf-spring6:jar:3.1.3.RELEASE:compile (sources = true)
2026.02.16 11:07:06 INFO  [INFO] Resolving artifact: org.unbescape:unbescape:jar:1.1.6.RELEASE:compile (sources = false)
2026.02.16 11:07:06 INFO  [INFO] SUCCESS: org.unbescape:unbescape:jar:1.1.6.RELEASE:compile (sources = false)
2026.02.16 11:07:06 INFO  [INFO] Resolving artifact: org.unbescape:unbescape:jar:1.1.6.RELEASE:compile (sources = true)
2026.02.16 11:07:06 INFO  [INFO] SUCCESS: org.unbescape:unbescape:jar:1.1.6.RELEASE:compile (sources = true)
2026.02.16 11:07:06 INFO  [INFO] Resolving artifact: org.junit.platform:junit-platform-commons:jar:1.12.2:test (sources = false)
2026.02.16 11:07:06 INFO  [INFO] SUCCESS: org.junit.platform:junit-platform-commons:jar:1.12.2:test (sources = false)
2026.02.16 11:07:06 INFO  [INFO] Resolving artifact: org.junit.platform:junit-platform-commons:jar:1.12.2:test (sources = true)
2026.02.16 11:07:06 INFO  [INFO] SUCCESS: org.junit.platform:junit-platform-commons:jar:1.12.2:test (sources = true)
2026.02.16 11:07:06 INFO  [INFO] Resolving artifact: net.bytebuddy:byte-buddy:jar:1.17.8:test (sources = false)
2026.02.16 11:07:06 INFO  [INFO] SUCCESS: net.bytebuddy:byte-buddy:jar:1.17.8:test (sources = false)
2026.02.16 11:07:06 INFO  [INFO] Resolving artifact: net.bytebuddy:byte-buddy:jar:1.17.8:test (sources = true)
2026.02.16 11:07:06 INFO  [INFO] SUCCESS: net.bytebuddy:byte-buddy:jar:1.17.8:test (sources = true)
2026.02.16 11:07:06 INFO  [INFO] Resolving artifact: org.apache.tomcat.embed:tomcat-embed-websocket:jar:10.1.50:compile (sources = false)
2026.02.16 11:07:06 INFO  [INFO] SUCCESS: org.apache.tomcat.embed:tomcat-embed-websocket:jar:10.1.50:compile (sources = false)
2026.02.16 11:07:06 INFO  [INFO] Resolving artifact: org.apache.tomcat.embed:tomcat-embed-websocket:jar:10.1.50:compile (sources = true)
2026.02.16 11:07:06 INFO  [INFO] SUCCESS: org.apache.tomcat.embed:tomcat-embed-websocket:jar:10.1.50:compile (sources = true)
2026.02.16 11:07:06 INFO  [INFO] Resolving artifact: org.springframework:spring-web:jar:6.2.15:compile (sources = false)
2026.02.16 11:07:06 INFO  [INFO] SUCCESS: org.springframework:spring-web:jar:6.2.15:compile (sources = false)
2026.02.16 11:07:06 INFO  [INFO] Resolving artifact: org.springframework:spring-web:jar:6.2.15:compile (sources = true)
2026.02.16 11:07:06 INFO  [INFO] SUCCESS: org.springframework:spring-web:jar:6.2.15:compile (sources = true)
2026.02.16 11:07:06 INFO  [INFO] Resolving artifact: org.apache.tomcat.embed:tomcat-embed-core:jar:10.1.50:compile (sources = false)
2026.02.16 11:07:06 INFO  [INFO] SUCCESS: org.apache.tomcat.embed:tomcat-embed-core:jar:10.1.50:compile (sources = false)
2026.02.16 11:07:06 INFO  [INFO] Resolving artifact: org.apache.tomcat.embed:tomcat-embed-core:jar:10.1.50:compile (sources = true)
2026.02.16 11:07:06 INFO  [INFO] SUCCESS: org.apache.tomcat.embed:tomcat-embed-core:jar:10.1.50:compile (sources = true)
2026.02.16 11:07:06 INFO  [INFO] Resolving artifact: com.jayway.jsonpath:json-path:jar:2.9.0:test (sources = false)
2026.02.16 11:07:06 INFO  [INFO] SUCCESS: com.jayway.jsonpath:json-path:jar:2.9.0:test (sources = false)
2026.02.16 11:07:06 INFO  [INFO] Resolving artifact: com.jayway.jsonpath:json-path:jar:2.9.0:test (sources = true)
2026.02.16 11:07:06 INFO  [INFO] SUCCESS: com.jayway.jsonpath:json-path:jar:2.9.0:test (sources = true)
2026.02.16 11:07:06 INFO  [INFO] Resolving artifact: org.springframework.boot:spring-boot:jar:3.5.10:compile (sources = false)
2026.02.16 11:07:06 INFO  [INFO] SUCCESS: org.springframework.boot:spring-boot:jar:3.5.10:compile (sources = false)
2026.02.16 11:07:06 INFO  [INFO] Resolving artifact: org.springframework.boot:spring-boot:jar:3.5.10:compile (sources = true)
2026.02.16 11:07:06 INFO  [INFO] SUCCESS: org.springframework.boot:spring-boot:jar:3.5.10:compile (sources = true)
2026.02.16 11:07:06 INFO  [INFO] Resolving artifact: jakarta.activation:jakarta.activation-api:jar:2.1.4:test (sources = false)
2026.02.16 11:07:06 INFO  [INFO] SUCCESS: jakarta.activation:jakarta.activation-api:jar:2.1.4:test (sources = false)
2026.02.16 11:07:06 INFO  [INFO] Resolving artifact: jakarta.activation:jakarta.activation-api:jar:2.1.4:test (sources = true)
2026.02.16 11:07:06 INFO  [INFO] SUCCESS: jakarta.activation:jakarta.activation-api:jar:2.1.4:test (sources = true)
2026.02.16 11:07:06 INFO  [INFO] Resolving artifact: org.apiguardian:apiguardian-api:jar:1.1.2:test (sources = false)
2026.02.16 11:07:06 INFO  [INFO] SUCCESS: org.apiguardian:apiguardian-api:jar:1.1.2:test (sources = false)
2026.02.16 11:07:06 INFO  [INFO] Resolving artifact: org.apiguardian:apiguardian-api:jar:1.1.2:test (sources = true)
2026.02.16 11:07:06 INFO  [INFO] SUCCESS: org.apiguardian:apiguardian-api:jar:1.1.2:test (sources = true)
2026.02.16 11:07:06 INFO  [INFO] Resolving artifact: org.junit.platform:junit-platform-engine:jar:1.12.2:test (sources = false)
2026.02.16 11:07:06 INFO  [INFO] SUCCESS: org.junit.platform:junit-platform-engine:jar:1.12.2:test (sources = false)
2026.02.16 11:07:06 INFO  [INFO] Resolving artifact: org.junit.platform:junit-platform-engine:jar:1.12.2:test (sources = true)
2026.02.16 11:07:06 INFO  [INFO] SUCCESS: org.junit.platform:junit-platform-engine:jar:1.12.2:test (sources = true)
2026.02.16 11:07:06 INFO  [INFO] Resolving artifact: com.fasterxml.jackson.core:jackson-annotations:jar:2.19.4:compile (sources = false)
2026.02.16 11:07:06 INFO  [INFO] SUCCESS: com.fasterxml.jackson.core:jackson-annotations:jar:2.19.4:compile (sources = false)
2026.02.16 11:07:06 INFO  [INFO] Resolving artifact: com.fasterxml.jackson.core:jackson-annotations:jar:2.19.4:compile (sources = true)
2026.02.16 11:07:06 INFO  [INFO] SUCCESS: com.fasterxml.jackson.core:jackson-annotations:jar:2.19.4:compile (sources = true)
2026.02.16 11:07:06 INFO  [INFO] Resolving artifact: org.springframework.boot:spring-boot-starter-thymeleaf:jar:3.5.10:compile (sources = false)
2026.02.16 11:07:06 INFO  [INFO] SUCCESS: org.springframework.boot:spring-boot-starter-thymeleaf:jar:3.5.10:compile (sources = false)
2026.02.16 11:07:06 INFO  [INFO] Resolving artifact: org.springframework.boot:spring-boot-starter-thymeleaf:jar:3.5.10:compile (sources = true)
2026.02.16 11:07:06 INFO  [INFO] SUCCESS: org.springframework.boot:spring-boot-starter-thymeleaf:jar:3.5.10:compile (sources = true)
2026.02.16 11:07:06 INFO  [INFO] Resolving artifact: com.vaadin.external.google:android-json:jar:0.0.20131108.vaadin1:test (sources = false)
2026.02.16 11:07:06 INFO  [INFO] SUCCESS: com.vaadin.external.google:android-json:jar:0.0.20131108.vaadin1:test (sources = false)
2026.02.16 11:07:06 INFO  [INFO] Resolving artifact: com.vaadin.external.google:android-json:jar:0.0.20131108.vaadin1:test (sources = true)
2026.02.16 11:07:06 INFO  [INFO] SUCCESS: com.vaadin.external.google:android-json:jar:0.0.20131108.vaadin1:test (sources = true)
2026.02.16 11:07:06 INFO  [INFO] Resolving artifact: org.apache.logging.log4j:log4j-api:jar:2.24.3:compile (sources = false)
2026.02.16 11:07:06 INFO  [INFO] SUCCESS: org.apache.logging.log4j:log4j-api:jar:2.24.3:compile (sources = false)
2026.02.16 11:07:06 INFO  [INFO] Resolving artifact: org.apache.logging.log4j:log4j-api:jar:2.24.3:compile (sources = true)
2026.02.16 11:07:06 INFO  [INFO] SUCCESS: org.apache.logging.log4j:log4j-api:jar:2.24.3:compile (sources = true)
2026.02.16 11:07:06 INFO  [INFO] Resolving artifact: net.bytebuddy:byte-buddy-agent:jar:1.17.8:test (sources = false)
2026.02.16 11:07:06 INFO  [INFO] SUCCESS: net.bytebuddy:byte-buddy-agent:jar:1.17.8:test (sources = false)
2026.02.16 11:07:06 INFO  [INFO] Resolving artifact: net.bytebuddy:byte-buddy-agent:jar:1.17.8:test (sources = true)
2026.02.16 11:07:06 INFO  [INFO] SUCCESS: net.bytebuddy:byte-buddy-agent:jar:1.17.8:test (sources = true)
2026.02.16 11:07:06 INFO  [INFO] Resolving artifact: org.springframework:spring-webmvc:jar:6.2.15:compile (sources = false)
2026.02.16 11:07:06 INFO  [INFO] SUCCESS: org.springframework:spring-webmvc:jar:6.2.15:compile (sources = false)
2026.02.16 11:07:06 INFO  [INFO] Resolving artifact: org.springframework:spring-webmvc:jar:6.2.15:compile (sources = true)
2026.02.16 11:07:06 INFO  [INFO] SUCCESS: org.springframework:spring-webmvc:jar:6.2.15:compile (sources = true)
2026.02.16 11:07:06 INFO  [INFO] Resolving artifact: org.apache.tomcat.embed:tomcat-embed-el:jar:10.1.50:compile (sources = false)
2026.02.16 11:07:06 INFO  [INFO] SUCCESS: org.apache.tomcat.embed:tomcat-embed-el:jar:10.1.50:compile (sources = false)
2026.02.16 11:07:06 INFO  [INFO] Resolving artifact: org.apache.tomcat.embed:tomcat-embed-el:jar:10.1.50:compile (sources = true)
2026.02.16 11:07:06 INFO  [INFO] SUCCESS: org.apache.tomcat.embed:tomcat-embed-el:jar:10.1.50:compile (sources = true)
2026.02.16 11:07:06 INFO  [INFO] Generated .bloop/demoTiket-test.json
2026.02.16 11:07:06 INFO  [INFO] ------------------------------------------------------------------------
2026.02.16 11:07:06 INFO  [INFO] BUILD SUCCESS
2026.02.16 11:07:06 INFO  [INFO] ------------------------------------------------------------------------
2026.02.16 11:07:06 INFO  [INFO] Total time:  10.437 s
2026.02.16 11:07:06 INFO  [INFO] Finished at: 2026-02-16T11:07:07-05:00
2026.02.16 11:07:06 INFO  [INFO] ------------------------------------------------------------------------
2026.02.16 11:07:07 INFO  time: ran 'mvn bloopInstall' in 11s
2026.02.16 11:07:07 INFO  Attempting to connect to the build server...
2026.02.16 11:07:07 INFO  No running Bloop server found, starting one.
2026.02.16 11:07:14 INFO  Starting compilation server
2026.02.16 11:07:15 INFO  tracing is disabled for protocol BSP, to enable tracing of incoming and outgoing JSON messages create an empty file at /home/ceryar/Documentos/Prueba/demoTiket/.metals/bsp.trace.json or /home/ceryar/.cache/metals/bsp.trace.json
2026.02.16 11:07:15 INFO  time: Connected to build server in 8.21s
2026.02.16 11:07:15 INFO  Connected to Build server: Bloop v2.0.18
2026.02.16 11:07:15 INFO  time: Imported build in 0.11s
2026.02.16 11:07:17 WARN  Could not find java sources in /usr/lib/jvm/src.zip, /usr/lib/jvm/lib/src.zip, /usr/lib/jvm/java-25-openjdk/src.zip, /usr/lib/jvm/java-25-openjdk/lib/src.zip. Java symbols will not be available.
feb 16, 2026 11:07:17 A.M. org.eclipse.lsp4j.jsonrpc.services.GenericEndpoint notify
INFORMACIÓN: Unsupported notification method: $/setTrace
feb 16, 2026 11:07:18 A.M. org.eclipse.lsp4j.jsonrpc.services.GenericEndpoint notify
INFORMACIÓN: Unsupported notification method: $/setTrace
2026.02.16 11:07:21 INFO  time: indexed workspace in 5.25s
2026.02.16 11:07:21 INFO  compiling demotiket (1 java source)
2026.02.16 11:07:21 WARN  Unexpected javac output: WARNING: A terminally deprecated method in sun.misc.Unsafe has been called
WARNING: sun.misc.Unsafe::arrayBaseOffset has been called by com.sourcegraph.shaded.com.google.protobuf.UnsafeUtil$MemoryAccessor (file:/home/ceryar/.cache/coursier/v1/https/repo1.maven.org/maven2/com/sourcegraph/semanticdb-javac/0.11.2/semanticdb-javac-0.11.2.jar)
WARNING: Please consider reporting this to the maintainers of class com.sourcegraph.shaded.com.google.protobuf.UnsafeUtil$MemoryAccessor
WARNING: sun.misc.Unsafe::arrayBaseOffset will be removed in a future release.
2026.02.16 11:07:21 INFO  compiling demotiket-test (1 java source)
2026.02.16 11:07:21 INFO  time: compiled demoTiket in 0.89s
2026.02.16 11:07:23 WARN  Unexpected javac output: WARNING: A terminally deprecated method in sun.misc.Unsafe has been called
WARNING: sun.misc.Unsafe::arrayBaseOffset has been called by com.sourcegraph.shaded.com.google.protobuf.UnsafeUtil$MemoryAccessor (file:/home/ceryar/.cache/coursier/v1/https/repo1.maven.org/maven2/com/sourcegraph/semanticdb-javac/0.11.2/semanticdb-javac-0.11.2.jar)
WARNING: Please consider reporting this to the maintainers of class com.sourcegraph.shaded.com.google.protobuf.UnsafeUtil$MemoryAccessor
WARNING: sun.misc.Unsafe::arrayBaseOffset will be removed in a future release.
2026.02.16 11:07:23 INFO  time: compiled demoTiket-test in 0.7s
2026.02.16 11:16:34 INFO  Created report: Optional[file:///home/ceryar/Documentos/Prueba/demoTiket/src/main/java/com/tiket/demoTiket/controller/WelcomeController.java]
2026.02.16 11:16:34 INFO  QDox parse error in file:///home/ceryar/Documentos/Prueba/demoTiket/src/main/java/com/tiket/demoTiket/controller/WelcomeController.java (full report at: "/home/ceryar/Documentos/Prueba/demoTiket/.metals/.reports/metals-full/2026-02-16/r_qdox-error_(demoTiket)_11-16-34-652.md")
2026.02.16 11:16:34 INFO  compiling demotiket (1 java source)
2026.02.16 11:16:34 INFO  time: compiled demoTiket in 0.57s
feb 16, 2026 11:16:42 A.M. org.eclipse.lsp4j.jsonrpc.RemoteEndpoint handleCancellation
ADVERTENCIA: Unmatched cancel notification for request id 35
2026.02.16 11:17:56 INFO  compiling demotiket (1 java source)
2026.02.16 11:17:56 WARN  Unexpected javac output: WARNING: A terminally deprecated method in sun.misc.Unsafe has been called
WARNING: sun.misc.Unsafe::arrayBaseOffset has been called by com.sourcegraph.shaded.com.google.protobuf.UnsafeUtil$MemoryAccessor (file:/home/ceryar/.cache/coursier/v1/https/repo1.maven.org/maven2/com/sourcegraph/semanticdb-javac/0.11.2/semanticdb-javac-0.11.2.jar)
WARNING: Please consider reporting this to the maintainers of class com.sourcegraph.shaded.com.google.protobuf.UnsafeUtil$MemoryAccessor
WARNING: sun.misc.Unsafe::arrayBaseOffset will be removed in a future release.
2026.02.16 11:17:56 INFO  time: compiled demoTiket in 0.63s
feb 16, 2026 11:18:15 A.M. org.eclipse.lsp4j.jsonrpc.services.GenericEndpoint notify
INFORMACIÓN: Unsupported notification method: $/setTrace
2026.02.16 11:18:15 INFO  compiling demotiket (1 java source)
2026.02.16 11:18:15 WARN  Unexpected javac output: WARNING: A terminally deprecated method in sun.misc.Unsafe has been called
WARNING: sun.misc.Unsafe::arrayBaseOffset has been called by com.sourcegraph.shaded.com.google.protobuf.UnsafeUtil$MemoryAccessor (file:/home/ceryar/.cache/coursier/v1/https/repo1.maven.org/maven2/com/sourcegraph/semanticdb-javac/0.11.2/semanticdb-javac-0.11.2.jar)
WARNING: Please consider reporting this to the maintainers of class com.sourcegraph.shaded.com.google.protobuf.UnsafeUtil$MemoryAccessor
WARNING: sun.misc.Unsafe::arrayBaseOffset will be removed in a future release.
2026.02.16 11:18:15 INFO  time: compiled demoTiket in 0.66s
2026.02.16 11:19:39 INFO  QDox parse error in file:///home/ceryar/Documentos/Prueba/demoTiket/src/main/java/com/tiket/demoTiket/controller/WelcomeController.java (full report at: "/home/ceryar/Documentos/Prueba/demoTiket/.metals/.reports/metals-full/2026-02-16/r_qdox-error_(demoTiket)_11-16-34-652.md")
2026.02.16 11:19:39 INFO  compiling demotiket (1 java source)
2026.02.16 11:19:39 INFO  time: compiled demoTiket in 0.52s
feb 16, 2026 11:19:44 A.M. org.eclipse.lsp4j.jsonrpc.RemoteEndpoint handleCancellation
ADVERTENCIA: Unmatched cancel notification for request id 113
feb 16, 2026 11:19:44 A.M. org.eclipse.lsp4j.jsonrpc.RemoteEndpoint handleCancellation
ADVERTENCIA: Unmatched cancel notification for request id 116
2026.02.16 11:19:56 INFO  compiling demotiket (1 java source)
2026.02.16 11:19:56 WARN  Unexpected javac output: WARNING: A terminally deprecated method in sun.misc.Unsafe has been called
WARNING: sun.misc.Unsafe::arrayBaseOffset has been called by com.sourcegraph.shaded.com.google.protobuf.UnsafeUtil$MemoryAccessor (file:/home/ceryar/.cache/coursier/v1/https/repo1.maven.org/maven2/com/sourcegraph/semanticdb-javac/0.11.2/semanticdb-javac-0.11.2.jar)
WARNING: Please consider reporting this to the maintainers of class com.sourcegraph.shaded.com.google.protobuf.UnsafeUtil$MemoryAccessor
WARNING: sun.misc.Unsafe::arrayBaseOffset will be removed in a future release.
2026.02.16 11:19:56 INFO  time: compiled demoTiket in 0.58s
2026.02.16 11:22:08 INFO  compiling demotiket (1 java source)
2026.02.16 11:22:08 WARN  Unexpected javac output: WARNING: A terminally deprecated method in sun.misc.Unsafe has been called
WARNING: sun.misc.Unsafe::arrayBaseOffset has been called by com.sourcegraph.shaded.com.google.protobuf.UnsafeUtil$MemoryAccessor (file:/home/ceryar/.cache/coursier/v1/https/repo1.maven.org/maven2/com/sourcegraph/semanticdb-javac/0.11.2/semanticdb-javac-0.11.2.jar)
WARNING: Please consider reporting this to the maintainers of class com.sourcegraph.shaded.com.google.protobuf.UnsafeUtil$MemoryAccessor
WARNING: sun.misc.Unsafe::arrayBaseOffset will be removed in a future release.
2026.02.16 11:22:08 INFO  time: compiled demoTiket in 0.58s
feb 16, 2026 11:22:37 A.M. org.eclipse.lsp4j.jsonrpc.RemoteEndpoint handleCancellation
ADVERTENCIA: Unmatched cancel notification for request id 302
2026.02.16 11:24:03 INFO  compiling demotiket (1 java source)
2026.02.16 11:24:03 WARN  Unexpected javac output: WARNING: A terminally deprecated method in sun.misc.Unsafe has been called
WARNING: sun.misc.Unsafe::arrayBaseOffset has been called by com.sourcegraph.shaded.com.google.protobuf.UnsafeUtil$MemoryAccessor (file:/home/ceryar/.cache/coursier/v1/https/repo1.maven.org/maven2/com/sourcegraph/semanticdb-javac/0.11.2/semanticdb-javac-0.11.2.jar)
WARNING: Please consider reporting this to the maintainers of class com.sourcegraph.shaded.com.google.protobuf.UnsafeUtil$MemoryAccessor
WARNING: sun.misc.Unsafe::arrayBaseOffset will be removed in a future release.
2026.02.16 11:24:03 INFO  time: compiled demoTiket in 0.62s
2026.02.16 11:25:13 INFO  compiling demotiket (1 java source)
2026.02.16 11:25:13 WARN  Unexpected javac output: WARNING: A terminally deprecated method in sun.misc.Unsafe has been called
WARNING: sun.misc.Unsafe::arrayBaseOffset has been called by com.sourcegraph.shaded.com.google.protobuf.UnsafeUtil$MemoryAccessor (file:/home/ceryar/.cache/coursier/v1/https/repo1.maven.org/maven2/com/sourcegraph/semanticdb-javac/0.11.2/semanticdb-javac-0.11.2.jar)
WARNING: Please consider reporting this to the maintainers of class com.sourcegraph.shaded.com.google.protobuf.UnsafeUtil$MemoryAccessor
WARNING: sun.misc.Unsafe::arrayBaseOffset will be removed in a future release.
2026.02.16 11:25:13 INFO  time: compiled demoTiket in 0.6s
2026.02.16 11:25:51 INFO  compiling demotiket (1 java source)
2026.02.16 11:25:51 WARN  Unexpected javac output: WARNING: A terminally deprecated method in sun.misc.Unsafe has been called
WARNING: sun.misc.Unsafe::arrayBaseOffset has been called by com.sourcegraph.shaded.com.google.protobuf.UnsafeUtil$MemoryAccessor (file:/home/ceryar/.cache/coursier/v1/https/repo1.maven.org/maven2/com/sourcegraph/semanticdb-javac/0.11.2/semanticdb-javac-0.11.2.jar)
WARNING: Please consider reporting this to the maintainers of class com.sourcegraph.shaded.com.google.protobuf.UnsafeUtil$MemoryAccessor
WARNING: sun.misc.Unsafe::arrayBaseOffset will be removed in a future release.
2026.02.16 11:25:51 INFO  time: compiled demoTiket in 0.58s
2026.02.16 11:25:59 INFO  compiling demotiket (1 java source)
2026.02.16 11:25:59 WARN  Unexpected javac output: WARNING: A terminally deprecated method in sun.misc.Unsafe has been called
WARNING: sun.misc.Unsafe::arrayBaseOffset has been called by com.sourcegraph.shaded.com.google.protobuf.UnsafeUtil$MemoryAccessor (file:/home/ceryar/.cache/coursier/v1/https/repo1.maven.org/maven2/com/sourcegraph/semanticdb-javac/0.11.2/semanticdb-javac-0.11.2.jar)
WARNING: Please consider reporting this to the maintainers of class com.sourcegraph.shaded.com.google.protobuf.UnsafeUtil$MemoryAccessor
WARNING: sun.misc.Unsafe::arrayBaseOffset will be removed in a future release.
2026.02.16 11:25:59 INFO  time: compiled demoTiket in 0.58s
2026.02.16 11:26:37 INFO  compiling demotiket (1 java source)
2026.02.16 11:26:37 WARN  Unexpected javac output: WARNING: A terminally deprecated method in sun.misc.Unsafe has been called
WARNING: sun.misc.Unsafe::arrayBaseOffset has been called by com.sourcegraph.shaded.com.google.protobuf.UnsafeUtil$MemoryAccessor (file:/home/ceryar/.cache/coursier/v1/https/repo1.maven.org/maven2/com/sourcegraph/semanticdb-javac/0.11.2/semanticdb-javac-0.11.2.jar)
WARNING: Please consider reporting this to the maintainers of class com.sourcegraph.shaded.com.google.protobuf.UnsafeUtil$MemoryAccessor
WARNING: sun.misc.Unsafe::arrayBaseOffset will be removed in a future release.
2026.02.16 11:26:37 INFO  time: compiled demoTiket in 0.6s
feb 16, 2026 11:26:56 A.M. org.eclipse.lsp4j.jsonrpc.services.GenericEndpoint notify
INFORMACIÓN: Unsupported notification method: $/setTrace
2026.02.16 11:27:29 INFO  compiling demotiket (1 java source)
2026.02.16 11:27:29 WARN  Unexpected javac output: WARNING: A terminally deprecated method in sun.misc.Unsafe has been called
WARNING: sun.misc.Unsafe::arrayBaseOffset has been called by com.sourcegraph.shaded.com.google.protobuf.UnsafeUtil$MemoryAccessor (file:/home/ceryar/.cache/coursier/v1/https/repo1.maven.org/maven2/com/sourcegraph/semanticdb-javac/0.11.2/semanticdb-javac-0.11.2.jar)
WARNING: Please consider reporting this to the maintainers of class com.sourcegraph.shaded.com.google.protobuf.UnsafeUtil$MemoryAccessor
WARNING: sun.misc.Unsafe::arrayBaseOffset will be removed in a future release.
2026.02.16 11:27:29 INFO  time: compiled demoTiket in 0.6s
2026.02.16 11:28:29 INFO  compiling demotiket (1 java source)
2026.02.16 11:28:29 WARN  Unexpected javac output: WARNING: A terminally deprecated method in sun.misc.Unsafe has been called
WARNING: sun.misc.Unsafe::arrayBaseOffset has been called by com.sourcegraph.shaded.com.google.protobuf.UnsafeUtil$MemoryAccessor (file:/home/ceryar/.cache/coursier/v1/https/repo1.maven.org/maven2/com/sourcegraph/semanticdb-javac/0.11.2/semanticdb-javac-0.11.2.jar)
WARNING: Please consider reporting this to the maintainers of class com.sourcegraph.shaded.com.google.protobuf.UnsafeUtil$MemoryAccessor
WARNING: sun.misc.Unsafe::arrayBaseOffset will be removed in a future release.
2026.02.16 11:28:29 INFO  time: compiled demoTiket in 0.62s
2026.02.16 11:34:21 INFO  compiling demotiket (1 java source)
2026.02.16 11:34:21 WARN  Unexpected javac output: WARNING: A terminally deprecated method in sun.misc.Unsafe has been called
WARNING: sun.misc.Unsafe::arrayBaseOffset has been called by com.sourcegraph.shaded.com.google.protobuf.UnsafeUtil$MemoryAccessor (file:/home/ceryar/.cache/coursier/v1/https/repo1.maven.org/maven2/com/sourcegraph/semanticdb-javac/0.11.2/semanticdb-javac-0.11.2.jar)
WARNING: Please consider reporting this to the maintainers of class com.sourcegraph.shaded.com.google.protobuf.UnsafeUtil$MemoryAccessor
WARNING: sun.misc.Unsafe::arrayBaseOffset will be removed in a future release.
2026.02.16 11:34:21 INFO  time: compiled demoTiket in 0.61s
2026.02.16 11:40:30 INFO  compiling demotiket (1 java source)
2026.02.16 11:40:30 WARN  Unexpected javac output: WARNING: A terminally deprecated method in sun.misc.Unsafe has been called
WARNING: sun.misc.Unsafe::arrayBaseOffset has been called by com.sourcegraph.shaded.com.google.protobuf.UnsafeUtil$MemoryAccessor (file:/home/ceryar/.cache/coursier/v1/https/repo1.maven.org/maven2/com/sourcegraph/semanticdb-javac/0.11.2/semanticdb-javac-0.11.2.jar)
WARNING: Please consider reporting this to the maintainers of class com.sourcegraph.shaded.com.google.protobuf.UnsafeUtil$MemoryAccessor
WARNING: sun.misc.Unsafe::arrayBaseOffset will be removed in a future release.
2026.02.16 11:40:30 INFO  time: compiled demoTiket in 0.65s
2026.02.16 11:41:05 INFO  compiling demotiket (1 java source)
2026.02.16 11:41:05 WARN  Unexpected javac output: WARNING: A terminally deprecated method in sun.misc.Unsafe has been called
WARNING: sun.misc.Unsafe::arrayBaseOffset has been called by com.sourcegraph.shaded.com.google.protobuf.UnsafeUtil$MemoryAccessor (file:/home/ceryar/.cache/coursier/v1/https/repo1.maven.org/maven2/com/sourcegraph/semanticdb-javac/0.11.2/semanticdb-javac-0.11.2.jar)
WARNING: Please consider reporting this to the maintainers of class com.sourcegraph.shaded.com.google.protobuf.UnsafeUtil$MemoryAccessor
WARNING: sun.misc.Unsafe::arrayBaseOffset will be removed in a future release.
2026.02.16 11:41:05 INFO  time: compiled demoTiket in 0.61s
2026.02.16 11:45:18 INFO  compiling demotiket (1 java source)
2026.02.16 11:45:18 WARN  Unexpected javac output: WARNING: A terminally deprecated method in sun.misc.Unsafe has been called
WARNING: sun.misc.Unsafe::arrayBaseOffset has been called by com.sourcegraph.shaded.com.google.protobuf.UnsafeUtil$MemoryAccessor (file:/home/ceryar/.cache/coursier/v1/https/repo1.maven.org/maven2/com/sourcegraph/semanticdb-javac/0.11.2/semanticdb-javac-0.11.2.jar)
WARNING: Please consider reporting this to the maintainers of class com.sourcegraph.shaded.com.google.protobuf.UnsafeUtil$MemoryAccessor
WARNING: sun.misc.Unsafe::arrayBaseOffset will be removed in a future release.
2026.02.16 11:45:18 INFO  time: compiled demoTiket in 0.61s
2026.02.16 11:45:21 INFO  compiling demotiket (1 java source)
2026.02.16 11:45:21 WARN  Unexpected javac output: WARNING: A terminally deprecated method in sun.misc.Unsafe has been called
WARNING: sun.misc.Unsafe::arrayBaseOffset has been called by com.sourcegraph.shaded.com.google.protobuf.UnsafeUtil$MemoryAccessor (file:/home/ceryar/.cache/coursier/v1/https/repo1.maven.org/maven2/com/sourcegraph/semanticdb-javac/0.11.2/semanticdb-javac-0.11.2.jar)
WARNING: Please consider reporting this to the maintainers of class com.sourcegraph.shaded.com.google.protobuf.UnsafeUtil$MemoryAccessor
WARNING: sun.misc.Unsafe::arrayBaseOffset will be removed in a future release.
2026.02.16 11:45:21 INFO  time: compiled demoTiket in 0.61s
2026.02.16 11:50:38 INFO  compiling demotiket (1 java source)
2026.02.16 11:50:38 WARN  Unexpected javac output: WARNING: A terminally deprecated method in sun.misc.Unsafe has been called
WARNING: sun.misc.Unsafe::arrayBaseOffset has been called by com.sourcegraph.shaded.com.google.protobuf.UnsafeUtil$MemoryAccessor (file:/home/ceryar/.cache/coursier/v1/https/repo1.maven.org/maven2/com/sourcegraph/semanticdb-javac/0.11.2/semanticdb-javac-0.11.2.jar)
WARNING: Please consider reporting this to the maintainers of class com.sourcegraph.shaded.com.google.protobuf.UnsafeUtil$MemoryAccessor
WARNING: sun.misc.Unsafe::arrayBaseOffset will be removed in a future release.
2026.02.16 11:50:38 INFO  time: compiled demoTiket in 0.61s
2026.02.16 11:50:43 INFO  compiling demotiket (1 java source)
2026.02.16 11:50:43 WARN  Unexpected javac output: WARNING: A terminally deprecated method in sun.misc.Unsafe has been called
WARNING: sun.misc.Unsafe::arrayBaseOffset has been called by com.sourcegraph.shaded.com.google.protobuf.UnsafeUtil$MemoryAccessor (file:/home/ceryar/.cache/coursier/v1/https/repo1.maven.org/maven2/com/sourcegraph/semanticdb-javac/0.11.2/semanticdb-javac-0.11.2.jar)
WARNING: Please consider reporting this to the maintainers of class com.sourcegraph.shaded.com.google.protobuf.UnsafeUtil$MemoryAccessor
WARNING: sun.misc.Unsafe::arrayBaseOffset will be removed in a future release.
2026.02.16 11:50:43 INFO  time: compiled demoTiket in 0.59s
2026.02.16 11:52:17 INFO  Created report: Optional[file:///home/ceryar/Documentos/Prueba/demoTiket/src/main/java/com/tiket/demoTiket/controller/WelcomeController.java]
2026.02.16 11:52:17 INFO  empty definition using pc, found symbol in pc: java/lang/String# (full report at: "/home/ceryar/Documentos/Prueba/demoTiket/.metals/.reports/metals-full/2026-02-16/r_empty-definition_(demoTiket)_11-52-17-445.md")
feb 16, 2026 11:52:57 A.M. org.eclipse.lsp4j.jsonrpc.RemoteEndpoint handleCancellation
ADVERTENCIA: Unmatched cancel notification for request id 2005
2026.02.16 11:53:20 INFO  compiling demotiket (1 java source)
2026.02.16 11:53:20 WARN  javac exited with exit code 1
2026.02.16 11:53:20 INFO  time: compiled demoTiket in 0.41s
2026.02.16 11:53:39 INFO  compiling demotiket (1 java source)
2026.02.16 11:53:39 WARN  javac exited with exit code 1
2026.02.16 11:53:39 INFO  time: compiled demoTiket in 0.39s
2026.02.16 11:54:56 INFO  QDox parse error in file:///home/ceryar/Documentos/Prueba/demoTiket/src/main/java/com/tiket/demoTiket/controller/WelcomeController.java (full report at: "/home/ceryar/Documentos/Prueba/demoTiket/.metals/.reports/metals-full/2026-02-16/r_qdox-error_(demoTiket)_11-16-34-652.md")
2026.02.16 11:54:56 INFO  compiling demotiket (1 java source)
2026.02.16 11:54:56 INFO  QDox parse error in file:///home/ceryar/Documentos/Prueba/demoTiket/src/main/java/com/tiket/demoTiket/controller/WelcomeController.java (full report at: "/home/ceryar/Documentos/Prueba/demoTiket/.metals/.reports/metals-full/2026-02-16/r_qdox-error_(demoTiket)_11-16-34-652.md")
2026.02.16 11:54:56 WARN  javac exited with exit code 1
2026.02.16 11:54:56 INFO  time: compiled demoTiket in 0.37s
2026.02.16 11:55:05 INFO  file:///home/ceryar/Documentos/Prueba/demoTiket/src/main/java/com/tiket/demoTiket/controller/WelcomeController.java:27:35: stale bloop error:  error: ')' expected
    @GetMapping("/cursos/{curso})"
                                  ^
2026.02.16 11:55:10 INFO  compiling demotiket (1 java source)
2026.02.16 11:55:10 WARN  Unexpected javac output: WARNING: A terminally deprecated method in sun.misc.Unsafe has been called
WARNING: sun.misc.Unsafe::arrayBaseOffset has been called by com.sourcegraph.shaded.com.google.protobuf.UnsafeUtil$MemoryAccessor (file:/home/ceryar/.cache/coursier/v1/https/repo1.maven.org/maven2/com/sourcegraph/semanticdb-javac/0.11.2/semanticdb-javac-0.11.2.jar)
WARNING: Please consider reporting this to the maintainers of class com.sourcegraph.shaded.com.google.protobuf.UnsafeUtil$MemoryAccessor
WARNING: sun.misc.Unsafe::arrayBaseOffset will be removed in a future release.
2026.02.16 11:55:10 INFO  time: compiled demoTiket in 0.59s
2026.02.16 11:57:01 INFO  compiling demotiket (1 java source)
2026.02.16 11:57:01 WARN  Unexpected javac output: WARNING: A terminally deprecated method in sun.misc.Unsafe has been called
WARNING: sun.misc.Unsafe::arrayBaseOffset has been called by com.sourcegraph.shaded.com.google.protobuf.UnsafeUtil$MemoryAccessor (file:/home/ceryar/.cache/coursier/v1/https/repo1.maven.org/maven2/com/sourcegraph/semanticdb-javac/0.11.2/semanticdb-javac-0.11.2.jar)
WARNING: Please consider reporting this to the maintainers of class com.sourcegraph.shaded.com.google.protobuf.UnsafeUtil$MemoryAccessor
WARNING: sun.misc.Unsafe::arrayBaseOffset will be removed in a future release.
2026.02.16 11:57:01 INFO  time: compiled demoTiket in 0.62s
2026.02.16 11:57:31 INFO  compiling demotiket (1 java source)
2026.02.16 11:57:31 WARN  Unexpected javac output: WARNING: A terminally deprecated method in sun.misc.Unsafe has been called
WARNING: sun.misc.Unsafe::arrayBaseOffset has been called by com.sourcegraph.shaded.com.google.protobuf.UnsafeUtil$MemoryAccessor (file:/home/ceryar/.cache/coursier/v1/https/repo1.maven.org/maven2/com/sourcegraph/semanticdb-javac/0.11.2/semanticdb-javac-0.11.2.jar)
WARNING: Please consider reporting this to the maintainers of class com.sourcegraph.shaded.com.google.protobuf.UnsafeUtil$MemoryAccessor
WARNING: sun.misc.Unsafe::arrayBaseOffset will be removed in a future release.
2026.02.16 11:57:31 INFO  time: compiled demoTiket in 0.59s
2026.02.16 11:59:10 INFO  compiling demotiket (1 java source)
2026.02.16 11:59:10 WARN  Unexpected javac output: WARNING: A terminally deprecated method in sun.misc.Unsafe has been called
WARNING: sun.misc.Unsafe::arrayBaseOffset has been called by com.sourcegraph.shaded.com.google.protobuf.UnsafeUtil$MemoryAccessor (file:/home/ceryar/.cache/coursier/v1/https/repo1.maven.org/maven2/com/sourcegraph/semanticdb-javac/0.11.2/semanticdb-javac-0.11.2.jar)
WARNING: Please consider reporting this to the maintainers of class com.sourcegraph.shaded.com.google.protobuf.UnsafeUtil$MemoryAccessor
WARNING: sun.misc.Unsafe::arrayBaseOffset will be removed in a future release.
2026.02.16 11:59:10 INFO  time: compiled demoTiket in 0.61s
feb 16, 2026 12:01:21 P.M. org.eclipse.lsp4j.jsonrpc.RemoteEndpoint handleCancellation
ADVERTENCIA: Unmatched cancel notification for request id 3114
2026.02.16 12:02:01 INFO  compiling demotiket (1 java source)
2026.02.16 12:02:01 WARN  Unexpected javac output: WARNING: A terminally deprecated method in sun.misc.Unsafe has been called
WARNING: sun.misc.Unsafe::arrayBaseOffset has been called by com.sourcegraph.shaded.com.google.protobuf.UnsafeUtil$MemoryAccessor (file:/home/ceryar/.cache/coursier/v1/https/repo1.maven.org/maven2/com/sourcegraph/semanticdb-javac/0.11.2/semanticdb-javac-0.11.2.jar)
WARNING: Please consider reporting this to the maintainers of class com.sourcegraph.shaded.com.google.protobuf.UnsafeUtil$MemoryAccessor
WARNING: sun.misc.Unsafe::arrayBaseOffset will be removed in a future release.
2026.02.16 12:02:01 INFO  time: compiled demoTiket in 0.64s
2026.02.16 12:04:02 INFO  compiling demotiket (1 java source)
2026.02.16 12:04:02 WARN  Unexpected javac output: WARNING: A terminally deprecated method in sun.misc.Unsafe has been called
WARNING: sun.misc.Unsafe::arrayBaseOffset has been called by com.sourcegraph.shaded.com.google.protobuf.UnsafeUtil$MemoryAccessor (file:/home/ceryar/.cache/coursier/v1/https/repo1.maven.org/maven2/com/sourcegraph/semanticdb-javac/0.11.2/semanticdb-javac-0.11.2.jar)
WARNING: Please consider reporting this to the maintainers of class com.sourcegraph.shaded.com.google.protobuf.UnsafeUtil$MemoryAccessor
WARNING: sun.misc.Unsafe::arrayBaseOffset will be removed in a future release.
2026.02.16 12:04:02 INFO  time: compiled demoTiket in 0.61s
2026.02.16 12:05:39 INFO  compiling demotiket (1 java source)
2026.02.16 12:05:39 WARN  Unexpected javac output: WARNING: A terminally deprecated method in sun.misc.Unsafe has been called
WARNING: sun.misc.Unsafe::arrayBaseOffset has been called by com.sourcegraph.shaded.com.google.protobuf.UnsafeUtil$MemoryAccessor (file:/home/ceryar/.cache/coursier/v1/https/repo1.maven.org/maven2/com/sourcegraph/semanticdb-javac/0.11.2/semanticdb-javac-0.11.2.jar)
WARNING: Please consider reporting this to the maintainers of class com.sourcegraph.shaded.com.google.protobuf.UnsafeUtil$MemoryAccessor
WARNING: sun.misc.Unsafe::arrayBaseOffset will be removed in a future release.
2026.02.16 12:05:39 INFO  time: compiled demoTiket in 0.65s
2026.02.16 12:08:39 INFO  QDox parse error in file:///home/ceryar/Documentos/Prueba/demoTiket/src/main/java/com/tiket/demoTiket/controller/WelcomeController.java (full report at: "/home/ceryar/Documentos/Prueba/demoTiket/.metals/.reports/metals-full/2026-02-16/r_qdox-error_(demoTiket)_11-16-34-652.md")
2026.02.16 12:08:39 INFO  compiling demotiket (1 java source)
2026.02.16 12:08:39 INFO  QDox parse error in file:///home/ceryar/Documentos/Prueba/demoTiket/src/main/java/com/tiket/demoTiket/controller/WelcomeController.java (full report at: "/home/ceryar/Documentos/Prueba/demoTiket/.metals/.reports/metals-full/2026-02-16/r_qdox-error_(demoTiket)_11-16-34-652.md")
2026.02.16 12:08:39 WARN  javac exited with exit code 1
2026.02.16 12:08:39 INFO  time: compiled demoTiket in 0.36s
2026.02.16 12:08:44 INFO  QDox parse error in file:///home/ceryar/Documentos/Prueba/demoTiket/src/main/java/com/tiket/demoTiket/controller/WelcomeController.java (full report at: "/home/ceryar/Documentos/Prueba/demoTiket/.metals/.reports/metals-full/2026-02-16/r_qdox-error_(demoTiket)_11-16-34-652.md")
2026.02.16 12:08:44 INFO  compiling demotiket (1 java source)
2026.02.16 12:08:44 WARN  javac exited with exit code 1
2026.02.16 12:08:44 INFO  time: compiled demoTiket in 0.38s
2026.02.16 12:10:52 INFO  QDox parse error in file:///home/ceryar/Documentos/Prueba/demoTiket/src/main/java/com/tiket/demoTiket/controller/WelcomeController.java (full report at: "/home/ceryar/Documentos/Prueba/demoTiket/.metals/.reports/metals-full/2026-02-16/r_qdox-error_(demoTiket)_11-16-34-652.md")
2026.02.16 12:10:52 INFO  compiling demotiket (1 java source)
2026.02.16 12:10:52 WARN  javac exited with exit code 1
2026.02.16 12:10:52 INFO  time: compiled demoTiket in 0.37s
feb 16, 2026 12:11:14 P.M. org.eclipse.lsp4j.jsonrpc.RemoteEndpoint handleCancellation
ADVERTENCIA: Unmatched cancel notification for request id 4258
2026.02.16 12:11:15 INFO  QDox parse error in file:///home/ceryar/Documentos/Prueba/demoTiket/src/main/java/com/tiket/demoTiket/controller/WelcomeController.java (full report at: "/home/ceryar/Documentos/Prueba/demoTiket/.metals/.reports/metals-full/2026-02-16/r_qdox-error_(demoTiket)_11-16-34-652.md")
2026.02.16 12:11:15 INFO  QDox parse error in file:///home/ceryar/Documentos/Prueba/demoTiket/src/main/java/com/tiket/demoTiket/controller/WelcomeController.java (full report at: "/home/ceryar/Documentos/Prueba/demoTiket/.metals/.reports/metals-full/2026-02-16/r_qdox-error_(demoTiket)_11-16-34-652.md")
2026.02.16 12:11:15 INFO  QDox parse error in file:///home/ceryar/Documentos/Prueba/demoTiket/src/main/java/com/tiket/demoTiket/controller/WelcomeController.java (full report at: "/home/ceryar/Documentos/Prueba/demoTiket/.metals/.reports/metals-full/2026-02-16/r_qdox-error_(demoTiket)_11-16-34-652.md")
2026.02.16 12:11:58 INFO  compiling demotiket (1 java source)
2026.02.16 12:11:58 WARN  Unexpected javac output: WARNING: A terminally deprecated method in sun.misc.Unsafe has been called
WARNING: sun.misc.Unsafe::arrayBaseOffset has been called by com.sourcegraph.shaded.com.google.protobuf.UnsafeUtil$MemoryAccessor (file:/home/ceryar/.cache/coursier/v1/https/repo1.maven.org/maven2/com/sourcegraph/semanticdb-javac/0.11.2/semanticdb-javac-0.11.2.jar)
WARNING: Please consider reporting this to the maintainers of class com.sourcegraph.shaded.com.google.protobuf.UnsafeUtil$MemoryAccessor
WARNING: sun.misc.Unsafe::arrayBaseOffset will be removed in a future release.
2026.02.16 12:11:58 INFO  time: compiled demoTiket in 0.66s
2026.02.16 12:13:05 INFO  compiling demotiket (1 java source)
2026.02.16 12:13:05 WARN  Unexpected javac output: WARNING: A terminally deprecated method in sun.misc.Unsafe has been called
WARNING: sun.misc.Unsafe::arrayBaseOffset has been called by com.sourcegraph.shaded.com.google.protobuf.UnsafeUtil$MemoryAccessor (file:/home/ceryar/.cache/coursier/v1/https/repo1.maven.org/maven2/com/sourcegraph/semanticdb-javac/0.11.2/semanticdb-javac-0.11.2.jar)
WARNING: Please consider reporting this to the maintainers of class com.sourcegraph.shaded.com.google.protobuf.UnsafeUtil$MemoryAccessor
WARNING: sun.misc.Unsafe::arrayBaseOffset will be removed in a future release.
2026.02.16 12:13:05 INFO  time: compiled demoTiket in 0.62s
feb 16, 2026 12:13:44 P.M. org.eclipse.lsp4j.jsonrpc.services.GenericEndpoint notify
INFORMACIÓN: Unsupported notification method: $/setTrace
